Date,Return_Lag_1,Return_Lag_2,Return_Lag_3,Return_Lag_5,Return_5D,Return_10D,Return_20D,Close_SMA5_Ratio,Close_SMA10_Ratio,Close_SMA20_Ratio,EMA_12,EMA_26,MACD,MACD_Signal,MACD_Hist,RSI_14,Volatility_5,Volatility_10,Volatility_20,High_Low_Range,Open_Close_Change,Volume_Change,Volume_Ratio_5
2015-03-17,-0.0094106248980651,-0.0158601642198398,0.0091710686303925,-0.0120737860047434,-0.0026770659015846,-0.0085623249668606,-0.0661035485940528,1.0036192747007715,0.9881561942159666,0.9878002050150512,197.047478611303,199.15762261023343,-2.110143998930454,-1.7110457534987216,-0.3990982454317322,55.10611333009008,0.0136365306560212,0.0188282246205146,0.0168428984403634,0.0220575306332302,0.0074069963886804,0.3778970938562818,1.3766133413081758
2015-03-18,0.0175157102431402,-0.0094106248980651,-0.0158601642198398,-0.003724583024939,0.0148372816932615,-0.0356905165406399,-0.0378267906802038,1.0144225095678974,1.0054925000034192,1.0033786711128314,197.2799860334824,199.11326366543608,-1.833277631953706,-1.7354921291897183,-0.0977855027639875,57.924184423085634,0.0147862495299064,0.0127812445411577,0.0169736204743316,0.0202038032243455,0.0135939342398241,-0.5139042925982175,0.6928321136795695
2015-03-19,0.0137713687440592,0.0175157102431402,-0.0094106248980651,0.0091710686303925,-0.0088561960103378,-0.0357041893264338,-0.0504630082752022,1.0016144858204097,0.9946731773052924,0.9915455686234562,197.03714084518825,198.86053986129787,-1.8233990161096472,-1.7530735065737042,-0.0703255095359429,54.10740368558548,0.0160437426244791,0.0127825599748697,0.0172044492335174,0.0263971919052155,-0.0221574791251037,0.5032130387809557,1.009012707556471
2015-03-20,-0.0143901195965678,0.0137713687440592,0.0175157102431402,-0.0158601642198398,0.0047053517113377,-0.0348607132164621,-0.0531566641954835,0.9982818493864484,0.995860791446526,0.9919255926124284,196.75956454553787,198.59182541953217,-1.8322608739943007,-1.7689109800578238,-0.0633498939364769,49.54900184917336,0.0140768785401396,0.0127877250994261,0.0171910622800456,0.0146938795288672,-0.0044293723449052,-0.2532467355388151,0.7821461411034824
2015-03-23,-0.0023944498663717,-0.0143901195965678,0.0137713687440592,-0.0094106248980651,-0.0001781210300295,-0.0318518317238432,-0.0356774475547866,0.984115311788965,0.9848750877652236,0.979586877188599,196.09741802816544,198.1372911056866,-2.0398730775211504,-1.8231033995504893,-0.2167696779706611,43.20950814806984,0.0150964294100228,0.0124521166919671,0.0159999975050678,0.0307619158391127,-0.0169877238530977,0.2735002306904945,1.0049511027114777
2015-03-24,-0.0142254854967057,-0.0023944498663717,-0.0143901195965678,0.0175157102431402,-0.0103868976413875,-0.0130361571334731,-0.0041106742918608,0.993194784023531,0.993194784023531,0.986768592711277,195.74813874092968,197.81801788757156,-2.0698791466418527,-1.8724585489687624,-0.1974205976730905,30.228176763570065,0.0126011456008726,0.0124054885784943,0.0151433921737148,0.0143876243805131,0.0069468787123409,-0.3028484759256616,0.8233847581069401
2015-03-25,0.0071262690807594,-0.0142254854967057,-0.0023944498663717,0.0137713687440592,-0.0273412656573385,-0.012909654024485,0.0041001072566415,0.9951590641832376,0.990904880510082,0.9830219642092904,195.3453371790739,197.47075201359343,-2.1254148345195176,-1.9230498060789132,-0.2023650284406042,32.646447210497215,0.0090534137585654,0.0124027147053066,0.0149215536805645,0.0100603912644764,-0.0048292302567082,0.1111130234127417,0.8989291498591199
2015-03-26,-0.0035968864142001,0.0071262690807594,-0.0142254854967057,-0.0143901195965678,-0.0313613675513292,-0.0399398211434801,-0.016426502723869,0.9830022067579276,0.9765604067717512,0.9656497245044756,194.4559046713558,196.8850685962092,-2.4291639248534125,-2.0242726298338134,-0.4048912950195991,29.60788659135642,0.0101685100907408,0.0128967460665916,0.015490101662453,0.030326802899205,-0.0140292445172978,1.0089103288562495,1.6165460356772725
2015-03-27,-0.0184637499532865,-0.0035968864142001,0.0071262690807594,-0.0023944498663717,-0.049642889605865,-0.04517112515009,-0.035985751796485,0.9719095920107,0.9601769795154173,0.946826339164378,193.0843762370907,196.0447649852776,-2.960388748186915,-2.2114958535044336,-0.7488928946824815,29.11710241511915,0.0117230323844624,0.0135404458021044,0.0161560647128379,0.0413330588728439,-0.0266218588944217,0.1312026867693312,1.5205939643579718
2015-03-30,-0.0212226766741246,-0.0184637499532865,-0.0035968864142001,-0.0142254854967057,-0.0370568846449365,-0.0372284050645034,-0.0523639675842959,0.978079891859084,0.9626230085821272,0.9481956833529702,191.8904424717991,195.25061993175305,-3.360177459953917,-2.4412321747943304,-0.9189452851595864,31.26932025261067,0.0120180612969976,0.0134608640754426,0.015606818651881,0.0262102934440673,-0.0071638909681887,-0.2570563746044163,1.0726733112634623
2015-03-31,-0.0011704319866101,-0.0212226766741246,-0.0184637499532865,0.0071262690807594,-0.0258859310728237,-0.0360039541978058,-0.0442580016087329,1.0017828477889026,0.9843352552074338,0.9681966275990326,191.41648326715327,194.7735153176677,-3.357032050514391,-2.624392149938343,-0.7326399005760482,39.39821851204933,0.0160304789691574,0.0136917793242433,0.0160901772947812,0.0180387920218415,0.0097799989864526,0.1676115663242354,1.1023955734977489
2015-04-01,0.0188097845592494,-0.0011704319866101,-0.0212226766741246,-0.0035968864142001,-0.0104746296564194,-0.0375295056816595,-0.0718805747790061,1.0161529424339513,1.000197381959423,0.9837097417129512,191.36886493548792,194.50191893201293,-3.133053996525007,-2.726124519255676,-0.4069294772693306,40.32763114482889,0.017853599090753,0.0134735934075337,0.0127820734994675,0.0309790036812977,0.013516809504688,-0.2790587482972286,0.7590066955605926
2015-04-06,0.012167046379242,0.0188097845592494,-0.0011704319866101,-0.0184637499532865,-0.0056071397638687,-0.0367926597441515,-0.0711831969812571,1.003431349980998,0.9902910091973164,0.9739174384514208,190.9276724671977,194.05741485494545,-3.129742387747683,-2.806848092954078,-0.3228942947936053,40.9847594167093,0.0168407331999434,0.013409257335173,0.0127503834310406,0.0201297450809718,-0.0135765672543845,-0.154534750620196,0.7022730329755333
2015-04-07,-0.0136355586613183,0.012167046379242,0.0188097845592494,-0.0212226766741246,0.0260564213680154,-0.0248799842873458,-0.0588733635067367,1.0082197661563823,1.0026968327284285,0.9866371466430396,190.842723401481,193.78468068347087,-2.9419572819898576,-2.833869930761234,-0.1080873512286237,46.72797845366397,0.012763485671135,0.01408909612475,0.0131062103764786,0.0120669751465346,0.0082319548248176,0.7249301448602314,1.2403478221367867
2015-04-08,0.0099436529033738,-0.0136355586613183,0.012167046379242,-0.0011704319866101,0.0680234732858524,0.0284458506382141,-0.0043120335333989,1.0344168562246,1.0394895708757594,1.026017773279132,191.93310069067624,194.09175439441748,-2.158653703741237,-2.698826685357235,0.5401729816159979,52.83432812418336,0.019134065874045,0.0186486171389717,0.0157498268621424,0.0422681110170935,0.0388722384881979,0.1666592402681512,1.3308289049854771
2015-04-09,0.0396830059578652,0.0099436529033738,-0.0136355586613183,0.0188097845592494,0.0836561314509414,0.0556046835255594,0.04184365500029,1.0519326154606226,1.0684954154872417,1.0583630597985492,193.8825924864616,194.87049831803705,-0.9879058315754036,-2.356642514600869,1.3687366830254653,57.46963748980127,0.0212361002498903,0.0210500419449349,0.0171812243711523,0.0449111714686724,0.0341998340218239,0.0989160276465224,1.3597999898420376
2015-04-10,0.0337221020275755,0.0396830059578652,0.0099436529033738,0.012167046379242,0.081693665461924,0.0703633249145154,0.0565453047093715,1.0460112975142783,1.0719301921388853,1.0662492688082876,195.8574540277572,195.7481793689145,0.109274658842736,-1.863459079912148,1.972733738754884,63.86650320057096,0.0213424808229222,0.0208318704184376,0.0172140309830628,0.0217835713308733,0.0105033791603069,-0.0716076743208969,1.1403732837334613
2015-04-13,0.0103340447968451,0.0337221020275755,0.0396830059578652,-0.0136355586613183,0.1186564185413345,0.1123839556548245,0.0679555394230937,1.043386795241252,1.0814961584681315,1.0838977982393112,198.1667658630301,196.86816467173796,1.2986011912921924,-1.23104702567128,2.5296482169634724,68.00947559093271,0.0135319648121079,0.0190856089087592,0.017591571703931,0.028184274273263,0.0173136524052743,-0.2032078544200877,0.84868865797329
2015-04-15,0.0200696819771606,0.0103340447968451,0.0337221020275755,0.0099436529033738,0.1090232485220756,0.1379204255924921,0.08651927963721,1.0236617888646364,1.068816720314113,1.0805799536757037,200.16124178794857,197.92466057568325,2.236581212265321,-0.5375213780839598,2.7741025903492806,72.8339824007398,0.0159352512716508,0.0159531369326906,0.0170101112526168,0.0350781604131398,0.0028773702753495,0.1017934869716734,0.927621048081252
2015-04-16,0.0012466492863243,0.0200696819771606,0.0103340447968451,0.0396830059578652,0.0721215163767605,0.1450509457052027,0.1024225252789967,1.0148231038580495,1.0598328965513784,1.0806265123643142,202.01415846600457,198.98247832528543,3.0316801407191463,0.1763189256766613,2.855361215042485,72.63513780174975,0.0130504955723618,0.0154449984306245,0.0167014623313659,0.0204664099149497,0.0041644388332928,-0.0923906980727681,0.8758608404229743
2015-04-17,0.0050885068317005,0.0012466492863243,0.0200696819771606,0.0337221020275755,0.0354709306748162,0.1220944229649774,0.081694586754933,1.0061988376782585,1.046076582496254,1.0745028061603177,203.52926023220215,199.936540667582,3.5927195646201824,0.8595990534653656,2.7331205111548167,73.27462190583881,0.0085573973501336,0.0160396287960623,0.0164946356811521,0.0234126146440276,-0.0087695488857072,0.1874074145294548,1.070847774299317
2015-04-20,-0.0016157956954301,0.0050885068317005,0.0012466492863243,0.0103340447968451,-0.0206778362639618,0.0593265809597376,0.0195705780208761,0.9653912917691306,0.9940122208207856,1.0257286041258025,203.36240279488624,200.122329276624,3.240073518262278,1.3356939464247484,1.9043795718375296,63.97221932564338,0.0241426842587133,0.0239157981049497,0.0195464837035702,0.0665612706016959,-0.0551050860919263,0.570544167754164,1.5151537920381692
2015-04-21,-0.0444516658697409,-0.0016157956954301,0.0050885068317005,0.0200696819771606,-0.0499187232134664,0.062814518413202,0.0237107454660807,0.9650513335678832,0.9780006747891395,1.0138816298383526,202.8976824542968,200.1385804843596,2.759101969937177,1.6203755511272342,1.1387264188099429,66.7528851767031,0.0200718077556197,0.0236393990200596,0.0193989308006143,0.026299287982607,-0.0153906758595368,-0.5294214211153869,0.7274714840699172
2015-04-22,-0.0103878562628816,-0.0444516658697409,-0.0016157956954301,0.0012466492863243,-0.0475288421955799,0.0563126575518404,0.0300316152294259,0.9781412406206949,0.976572272287746,1.0161915073970398,202.6205088578124,200.20950445419575,2.41100440361663,1.7785013216251135,0.6325030819915165,67.63803105208093,0.0204533421441629,0.0236161516636772,0.0193852236776625,0.0224496019472142,-0.0024379242552496,-0.1663575329246778,0.646108502852718
2015-04-23,0.0037652341903919,-0.0103878562628816,-0.0444516658697409,0.0050885068317005,-0.0552593355326926,0.0128767937714777,0.0416889357620144,0.986391525163788,0.9723716121880424,1.011023241704774,202.291027777524,200.2294583343248,2.061569443199176,1.835114945939926,0.2264544972592495,63.94427185195372,0.0192889148254547,0.0204468479257124,0.0190618918319742,0.0232028048075804,-0.0076936201040281,-0.0964341722176069,0.6209818485525189
2015-04-24,-0.0030690420259273,0.0037652341903919,-0.0103878562628816,-0.0016157956954301,-0.0517344060606962,-0.0180985429167617,0.0364997768576376,0.9992496006658802,0.9761758991625776,1.0113516399008782,202.07729252824743,200.2792576175027,1.7980349107447466,1.8276989389008904,-0.0296640281561437,62.25334809029346,0.0198141038484935,0.0170715736295744,0.0190268674551673,0.0179770363679323,0.0021664147859978,-0.0470814641495332,0.6609790336290233
2015-04-27,0.0021092836183869,-0.0030690420259273,0.0037652341903919,-0.0444516658697409,-0.0116863006094254,-0.0321224894628541,0.0359805902885232,0.99750425536366,0.9753243976479068,1.0054505553641442,201.7698409734209,200.2644131585673,1.50542781485359,1.7632447140914305,-0.2578168992378404,65.16013508194465,0.0056002880211166,0.0165438963187533,0.0190348735733406,0.0183365811575758,-0.0053974183687594,-0.1311524900286029,0.7937821257337861
2015-04-28,-0.0040959884164849,0.0021092836183869,-0.0030690420259273,-0.0103878562628816,-0.0128358110055945,-0.0621137869222523,0.0432895756575486,0.9885288827891234,0.9702651878236616,0.9918037794357318,201.15450730353163,200.07965456305425,1.0748527404774109,1.6255663193686267,-0.5507135788912159,59.57384263493891,0.0060218194635835,0.014512903354518,0.0187042819215024,0.0271035576857641,-0.0108608618539642,0.3300254235177726,1.1036616851931418
2015-04-29,-0.01153887688326,-0.0040959884164849,0.0021092836183869,0.0037652341903919,-0.0338164467478678,-0.0797380323823532,0.0471848898480569,0.9778094645326144,0.9611579031210646,0.9722452509553784,200.0993061911794,199.65121348973483,0.4480927014445797,1.3900715957838174,-0.9419788943392378,44.73858018160026,0.0077300308346488,0.0146455539395167,0.0184790159409757,0.0272353030381683,-0.0139211041662407,0.1157857999229405,1.202063881533308
2015-04-30,-0.0175682308847128,-0.01153887688326,-0.0040959884164849,-0.0030690420259273,-0.0167607863982907,-0.0710939320116085,0.063644771621409,0.9953829059029564,0.982455116464169,0.9834691149263975,199.64075110332368,199.46361975865204,0.1771313446716362,1.1474835455613812,-0.9703522008897448,37.80261078014622,0.0124422845341827,0.0158503879910668,0.0186489025961365,0.0208152405593553,0.0145293902325724,1.1236413196029278,1.9414285637621556
2015-05-04,0.0145293902325724,-0.0175682308847128,-0.01153887688326,0.0021092836183869,0.0137103849320727,-0.0387333197499477,0.0786319808906419,1.025542176525134,1.0192070428496496,1.0123368026678312,200.2585107743268,199.77418044059215,0.4843303337345901,1.0148529031960232,-0.5305225694614331,45.63803919608682,0.020782213174516,0.0203867108045539,0.019534328531601,0.0374880533268918,0.0285731107919928,-0.5667364679117948,0.8194935402873863
2015-05-05,0.0331652497052452,0.0145293902325724,-0.0175682308847128,-0.0040959884164849,0.0192505274409626,0.007339259380972,0.0671012535065593,1.022955281640551,1.0198214387569962,1.0104796912021858,200.8234292639736,200.082054552921,0.7413747110526003,0.9601572647673386,-0.2187825537147383,38.89498973169535,0.0204643808355652,0.0145317773088223,0.0194450794984068,0.0187188154424896,-0.0017343879686955,0.1835893910416299,0.9031508408517064
2015-05-06,0.0013468384809798,0.0331652497052452,0.0145293902325724,-0.01153887688326,0.0173947883607721,0.0043357011392963,0.0674225645315469,1.0058390670734514,1.005781597000153,0.9938719205366804,200.8829543629356,200.1656314310177,0.7173229319178631,0.9115903981974436,-0.1942674662795804,35.27814448069961,0.020818485870367,0.0148120224196647,0.0194314677581472,0.0281170446700836,-0.0109550439599837,0.257271027702235,1.052907338424894
2015-05-07,-0.0133385580078038,0.0013468384809798,0.0331652497052452,-0.0175682308847128,0.0244117755851305,-0.0102301906718328,0.0455063776560145,0.9902876220612236,0.9959510011794322,0.9810466214475834,200.59923878411257,200.08216266580052,0.5170761183120192,0.8326875422203588,-0.3156114239083396,31.07752077722097,0.0192557566969088,0.0151698411388349,0.0196188769497115,0.0211886395240432,-0.004857156850912,-0.2541501086004729,0.7827574893512136
2015-05-08,-0.0107923841322512,-0.0133385580078038,0.0013468384809798,0.0145293902325724,0.0317156861341105,0.0144233198950507,0.0274858397823172,1.0055834267158794,1.0161554638905406,1.0010548336940412,201.0255794143813,200.32573971876784,0.6998396956134343,0.806117972898974,-0.1062782772855397,39.05098273451659,0.0203906504787767,0.0167318963452168,0.0181837232406557,0.0366977674063627,0.0214695762216167,0.0220433944896294,0.958732220683455
2015-05-11,0.0217628407767522,-0.0107923841322512,-0.0133385580078038,0.0331652497052452,0.0056119768525999,0.0193993041475519,0.0009496620921203,1.011504263541378,1.0213049886523309,1.0080389022683582,201.60612147112312,200.65709994576304,0.9490215253600524,0.8346986833911898,0.1143228419688626,53.82332695529877,0.0142475258720454,0.016821857565423,0.0166064072868574,0.0179139564440128,0.0034720784037768,-0.1689874379422937,0.8045152971484333
2015-05-12,0.0070248646354773,0.0217628407767522,-0.0107923841322512,0.0013468384809798,-0.0262848164894198,-0.0075402856295674,-0.0394205623467388,0.9859602441281616,0.9909878983090148,0.9793438067618424,201.1390575045621,200.50251518596409,0.6365423185980603,0.7950674104325639,-0.1585250918345035,47.46318163145795,0.0200606632376845,0.0197024047878539,0.0177549464829752,0.0342465211310995,-0.0292770004797857,0.1713938933616678,0.9553444790603296
2015-05-13,-0.0304146698402305,0.0070248646354773,0.0217628407767522,-0.0133385580078038,0.0055097929165699,0.0230004229590372,-0.0405420073340142,1.0034692223069177,1.0074095933311116,0.9999406785657148,201.32058246179287,200.6370673741565,0.6835150876364082,0.7727569458733328,-0.0892418582369245,51.61289803232276,0.0218664199487039,0.0201655092142793,0.0176793723001451,0.0355327510548165,0.0134539403183757,0.003077019911051,1.0258157852000882
2015-05-14,0.0188787840808661,-0.0304146698402305,0.0070248646354773,-0.0107923841322512,0.0085558286525195,0.0331764672066601,-0.0492069913921497,0.9939673715323292,0.9963580982746588,0.9946991549634824,201.2315305438428,200.64482127200543,0.5867092718373499,0.7355474110661363,-0.1488381392287864,50.33812628536861,0.0214902334545826,0.0193055582148786,0.0177097840027254,0.0181052312168365,-0.0088035870433789,-0.2617572239605293,0.8006328146471242
2015-05-15,-0.0077957333095208,0.0188787840808661,-0.0304146698402305,0.0217628407767522,-0.0177026168648668,0.0134516186290052,-0.0585986418428599,0.9926963164274633,0.990233045289518,0.9929444420817316,201.00672025584777,200.5800392275513,0.4266810282964286,0.6737741345121948,-0.2470931062157662,48.5648037934872,0.0184133419395452,0.0190387661000086,0.0176286778774234,0.0192802645617096,-0.0090146730371012,-0.324257182628663,0.6105871906854566
2015-05-18,-0.0048394583959894,-0.0077957333095208,0.0188787840808661,0.0070248646354773,-0.0049109972094473,0.00067341924049,-0.0380859842722253,1.0137009857304349,1.0101061743672055,1.0149761918935003,201.43543021047697,200.8180611337281,0.6173690767488722,0.6624931229595303,-0.0451240462106581,54.35773559289995,0.021023563191937,0.0169640185298565,0.0183656272429196,0.0244517737612119,0.019030737405977,0.1819343316472059,0.7710184008127828
2015-05-19,0.0201384891580782,-0.0048394583959894,-0.0077957333095208,-0.0304146698402305,0.0309082946728309,0.0038110593299349,0.0111782890638456,1.0120696025611746,1.0142474018708536,1.0189557611409592,201.93885204257907,201.10618046598088,0.8326715765982158,0.6965288136872674,0.1361427629109484,58.414189172683216,0.0129972647353115,0.0170166367494818,0.0154018811698715,0.0202668928291744,0.004824696550285,0.473772739181562,1.1756503258940307
2015-05-20,0.0044865900956889,0.0201384891580782,-0.0048394583959894,0.0188787840808661,0.0268331154213505,0.0324907532471985,0.0369673245823654,1.0216159548010295,1.0259869099218897,1.03218587280411,202.83253911189985,201.59815361614253,1.2343854957572944,0.8041001501012728,0.4302853456560216,66.48920530678302,0.0121073385837555,0.0168009684786715,0.0154820837990961,0.0146339016321822,0.0093846724479899,-0.3999263145216479,0.8104174516356
2015-05-21,0.0148511574703171,0.0044865900956889,0.0201384891580782,-0.0077957333095208,0.0211227570843026,0.0298593084271041,0.0193236513367329,1.003828367942677,1.0093648305418752,1.0174616445486984,203.16321988104264,201.84880624541557,1.3144136356270906,0.9061628472064364,0.4082507884206541,59.65207886232425,0.0137475349988416,0.017053453207445,0.0158423580061242,0.0237524321300062,-0.0159121945973727,0.2354641940058728,1.031382052830766
2015-05-22,-0.0133135159182612,0.0148511574703171,0.0044865900956889,-0.0048394583959894,0.0342125017873313,0.0159042341113349,0.0305569458626591,1.005048304459723,1.0157386898927434,1.023960569129173,203.69270977239063,202.20110979574068,1.491599976649951,1.0232502730951394,0.4683497035548116,54.11613451800335,0.0127856295010179,0.0158902781284502,0.0158814810583918,0.0095148772985405,0.0076365719281562,-0.2240317716686882,0.8000538464094799
2015-05-25,0.007917477376669,-0.0133135159182612,0.0148511574703171,0.0201384891580782,0.0033088246304975,-0.0016184222074766,0.0177494856754332,0.9939993263350992,1.00539507323107,1.012473392523369,203.81193155620556,202.369001763996,1.442929792209526,1.107186176918017,0.3357436152915092,50.7127689384675,0.0120938647658805,0.0161892566166301,0.0161041134441595,0.0174958313407948,-0.0061110853985467,-0.207414186623433,0.6759580888511207
2015-05-26,-0.010344637346115,0.007917477376669,-0.0133135159182612,0.0044865900956889,-0.0122271466269202,0.0183032277949579,0.0106249305998735,0.98539618951679,0.9924940373114852,1.0007410054062065,203.56466230086383,202.3568298849211,1.2078324159427325,1.12731542472296,0.0805169912197725,51.33558756219868,0.0128588696002598,0.0129979599260848,0.0162946175094621,0.0150350679905936,-0.0116200789976817,0.437171629614753,1.082061510093242
2015-05-27,-0.0110676185478317,-0.010344637346115,0.007917477376669,0.0148511574703171,-0.025911862692813,0.0002259567261191,0.0232315767854276,0.991377371296898,0.9932571059707778,1.000395491293647,203.38005041743767,202.3574117496376,1.022638667800095,1.106380073338387,-0.0837414055382921,54.72248763397861,0.0091472558529572,0.0115491078517905,0.0160402745070992,0.0120863309569506,-0.0007900452192773,-0.1505757630531019,0.9325117403815402
2015-05-28,0.0007912955377902,-0.0110676185478317,-0.010344637346115,-0.0133135159182612,-0.023362144958149,-0.0027328607867656,0.0303529397536219,0.9853624476439796,0.982863293353438,0.9882198884606284,202.8897573919785,202.1970957498091,0.6926616421693836,1.0236363871045864,-0.3309747449352027,45.19363669518099,0.0086332714419663,0.0118060076817424,0.015686582532238,0.0254053816741004,-0.0113450141069481,2.285230587469839,2.2454890228809017
2015-05-29,-0.0107308214672526,0.0007912955377902,-0.0110676185478317,0.007917477376669,-0.029706222107304,0.0034899555030865,0.0169885196825512,0.9927103407578088,0.9838732551036182,0.9887567247430812,202.51709517827865,202.06897406485507,0.4481211134235821,0.9085333323683856,-0.4604122189448034,43.21032241275971,0.006468751231641,0.0116983344309181,0.0153894535919267,0.0152223711136576,-0.0032958109221275,0.1031938890535948,1.8293370114123448
2015-06-01,0.0013702130007808,-0.0107308214672526,0.0007912955377902,-0.010344637346115,0.0086640350233042,0.0120015274262865,0.0126830287262607,1.0195030171612232,1.0109866424167122,1.016576735461625,203.08972149850743,202.377877190404,0.7118443081034513,0.8691955275153987,-0.1573512194119474,62.19556168550538,0.0162197670555908,0.013500855769433,0.0149318982685117,0.0298143915880995,0.0252840524636084,-0.3307159210256799,1.053495077830559
2015-06-02,0.0287912734480222,0.0013702130007808,-0.0107308214672526,-0.0110676185478317,0.0158828846382264,0.003461535651976,0.0072857870996534,1.0122212334556968,1.0066031690258377,1.0121499776005665,203.44765281018536,202.60294369662697,0.8447091135583946,0.864298244723998,-0.0195891311656033,55.43087113864626,0.0150815795489372,0.0135428574085607,0.0149680522168324,0.030434489678143,-0.0078388051403093,0.0298027412740897,0.973243989496256
2015-06-03,-0.0039899852694083,0.0287912734480222,0.0013702130007808,0.0007912955377902,0.01248166589907,-0.0137536200066973,0.0182902677666079,1.0071235223393855,1.0054346399749725,1.0086449745283963,203.66963444665924,202.77239478926683,0.8972396573923902,0.8708865272576765,0.0263531301347137,57.55307109240135,0.0152909322421369,0.0125664776001632,0.0146350626618154,0.0244881739293368,-0.0029477098927159,-0.2295797702161063,0.6994221075685237
2015-06-04,-0.0025593959246218,-0.0039899852694083,0.0287912734480222,-0.0107308214672526,0.0421329255240412,0.0177864650522887,0.0481768650252172,1.0170605911995203,1.0219460402161755,1.0246249108272318,204.43243970907224,203.2061335939392,1.226306115133042,0.9419704448327496,0.2843356703002923,64.65030588140274,0.0144540302571244,0.0131658202226344,0.0148413919649099,0.0259121211154896,0.0094006025114833,0.0247722300622548,0.7923770689861855
2015-06-05,0.018240643636374,-0.0025593959246218,-0.0039899852694083,0.0013702130007808,0.0350627024924579,0.0043148999572306,0.0202877592476522,1.0046594654887278,1.0159599031798752,1.0180364489546128,204.9038157025984,203.52392989564683,1.3798858069515632,1.0295535172565125,0.3503322896950507,56.77258537766998,0.0155540602818362,0.0131576875550648,0.0142120407281523,0.0137703595320157,-0.0023629029518752,-0.1798372333370681,0.7748253761444168
2015-06-08,-0.0054234604066105,0.018240643636374,-0.0025593959246218,0.0287912734480222,-0.018620103890992,-0.0101173940999367,-0.0117194420921202,0.983636583273026,0.9920063446913028,0.9936121163754202,204.51845506490895,203.4405996483854,1.0778554165235903,1.039213897109928,0.0386415194136622,46.33790605959238,0.0151751467329669,0.0150879987707292,0.015237505017272,0.0303800716789783,-0.0235443234963782,-0.1698551017014179,0.7176765851981007
2015-06-09,-0.0245662696346349,-0.0054234604066105,0.018240643636374,-0.0039899852694083,-0.0166360363689013,-0.0010173799771595,0.0172672264803224,0.9849641930334596,0.990145637273731,0.990814513358768,204.1308408091297,203.3338117042341,0.7970291048955573,0.990776938667054,-0.1937478337714966,40.04749640078703,0.0151909014446421,0.0146765282192873,0.0135279620237149,0.0150503044068514,0.0001698403953591,-0.1561358291125627,0.7090751859973919
2015-06-10,-0.0019763398607961,-0.0245662696346349,-0.0054234604066105,-0.0025593959246218,0.0105427539149278,0.0231560109460202,0.0233871999285626,1.0074743017512449,1.0125818146818566,1.0144160678262613,204.5800412878633,203.60913260917224,0.970908678691103,0.9868032866718638,-0.0158946079807608,53.31867212969497,0.0198084824022981,0.0166833575700296,0.0140163160647337,0.0274895386789754,0.0223476714309974,0.4758937023637781,1.0806220458406706
2015-06-11,0.0250084528082512,-0.0019763398607961,-0.0245662696346349,0.018240643636374,-0.0389503530994312,0.0015414800983364,-0.0011955933389434,0.9833851014255118,0.9804064165125316,0.9823883722666032,203.95261024387716,203.3789553419708,0.5736549019063091,0.9041736097187528,-0.3305187078124438,41.54528163652171,0.0221634575408732,0.0195721124236372,0.0157337887500734,0.0408710539249301,-0.0318432432842648,0.0863887969979966,1.1980284155761771
2015-06-12,-0.0316294810531826,0.0250084528082512,-0.0019763398607961,-0.0054234604066105,-0.0197191113155783,0.0146521858434056,0.0181932768231085,1.001643405551196,0.9931749426507952,0.9957254789641106,203.86832241864724,203.38086527070504,0.4874571479421945,0.8208303173634414,-0.3333731694212468,48.55813753238855,0.0243570361202604,0.0200821040971099,0.0160079121515938,0.0162386791087664,0.0123435235479042,0.467919123155087,1.5448042275206595
2015-06-15,0.0144786767692925,-0.0316294810531826,0.0250084528082512,-0.0245662696346349,0.0184087218595854,-0.0005541543449324,0.011440722382785,1.011327290893712,1.0065128727971542,1.0084658395205257,204.21548480496116,203.58412546766672,0.6313593372944126,0.7829361213496356,-0.151576784055223,55.25267914973795,0.0220458436273182,0.0182763920469836,0.0156502114515216,0.0166343662555705,0.0076544922028849,-0.4031435644851164,0.896172938293541
2015-06-16,0.0133730342670359,0.0144786767692925,-0.0316294810531826,-0.0019763398607961,0.0229149664108518,0.0058977158273474,0.0093796666329251,1.0092106639748732,1.008371942749437,1.010451587728847,204.5866043489395,203.80958001382623,0.7770243351132251,0.7817537641023535,-0.0047294289891284,55.66009717089354,0.0218415408027277,0.0182297298280513,0.0156307257446366,0.0130538164850613,0.0055061094179694,0.0832701459026936,0.910203684604712
2015-06-17,0.0024397050767659,0.0133730342670359,0.0144786767692925,0.0250084528082512,0.0280415211694129,0.03887990994143,0.0245915504275038,1.0337707472257516,1.0347471573644271,1.0396135085111222,205.8589204391868,204.4797340080278,1.3791864311589563,0.9012402975136742,0.4779461336452821,65.17809918776149,0.0231172221665498,0.0203792874993043,0.0167028783464865,0.0519222748698298,0.0288934178962203,0.8832694093495692,1.4697673331396923
2015-06-18,0.0301454995167838,0.0024397050767659,0.0133730342670359,-0.0316294810531826,0.1160576471288381,0.0725868076938494,0.0916643354644419,1.0627591832162957,1.079857244990369,1.0879307274013148,208.6147018537409,205.9087536840101,2.705948169730817,1.262181871957103,1.4437662977737142,72.25497659171663,0.0189509628291979,0.0250787595993755,0.0196953136676188,0.0505643709356281,0.0497560593606425,0.8818849452937132,1.9917028999622144
2015-06-19,0.051277891670503,0.0301454995167838,0.0024397050767659,0.0144786767692925,0.120020257558457,0.0979344534239592,0.1026719307500803,1.0574535999674652,1.0887055080718506,1.1019191011102112,211.5689675052988,207.5316184917773,4.037349013521521,1.8172153002699865,2.220133713251534,71.30927564438518,0.0186432406228138,0.0248528750103917,0.0199159029818614,0.0239803196773153,0.0144020323040683,-0.0740551154633298,1.5432639197481903
2015-06-22,0.0180806267183242,0.051277891670503,0.0301454995167838,0.0133730342670359,0.0997505292924505,0.1199955309011271,0.1086640947248325,1.0324938496584917,1.07086939125012,1.0905861975047493,213.89465613579367,208.9504573889431,4.944198746850617,2.4426119895861125,2.5015867572645045,70.87728295131741,0.0224432097921483,0.0225165374487132,0.0197320618814686,0.0223858363809048,-0.0052660451938325,-0.575721061054647,0.6271002676904011
2015-06-23,-0.0049666304828395,0.0180806267183242,0.051277891670503,0.0024397050767659,0.1007246064835822,0.1259476738687517,0.1248021572500281,1.01665473483666,1.0616730620273584,1.0876129559918482,215.97859547502856,210.3200725335266,5.658522941501985,3.0857941799692874,2.572728761532698,72.0348533280133,0.0222784191474622,0.0222211290661147,0.0193605624711608,0.0117587941384152,0.0023674001388401,-0.1746239221061445,0.5107296373687351
2015-06-24,0.0033275915802881,-0.0049666304828395,0.0180806267183242,0.0301454995167838,0.0641107877446618,0.0939500729258042,0.1192815927888739,1.0002624356323142,1.0477841829442525,1.076915946532285,217.5977449429629,211.51881286560624,6.078932077356654,3.684421759446761,2.394510317909893,68.47826258408507,0.0234525480191968,0.0222579728635512,0.0194619931924716,0.0199818715914501,-0.0041206197030965,0.1621431406707032,0.6239167443636195
2015-06-25,-0.0041206197030965,0.0033275915802881,-0.0049666304828395,0.051277891670503,0.0261504720496412,0.1452430814358691,0.1470084508536602,1.0088274178924803,1.048098485983108,1.0841656967966609,219.44781956411765,212.8598808000405,6.587938764077165,4.2651251603728415,2.322813603704324,71.97004290968961,0.0104065586866626,0.0170058620437221,0.0191332265813818,0.0238912780388431,0.0177811209520129,0.4607919237129658,1.0708077504976683
2015-06-26,0.0137753673933185,-0.0041206197030965,0.0033275915802881,0.0180806267183242,0.004063631114376,0.1245716067258031,0.1410490389017671,1.0041442438204549,1.032144308799299,1.07284913572743,220.8778772588808,214.0364225615248,6.841454697356028,4.780391067769479,2.061063629586549,78.54846075976644,0.0079634936509345,0.0178854925403834,0.0192495831830711,0.0186869192899112,0.0008001239607981,-0.2284561193073752,1.026309019791877
2015-06-29,-0.0038325190376667,0.0137753673933185,-0.0041206197030965,-0.0049666304828395,-0.0008571568965994,0.0988078705417287,0.0981989613860219,0.9944299324444332,1.0126782598979316,1.0572675238227434,221.7415327857597,214.95903112612243,6.782501659637262,5.180813186143036,1.6016884734942265,75.51797376269413,0.0090732163741615,0.0191428404488394,0.0188604903220894,0.0220518190091242,0.0029861146210691,-0.0380530244105966,0.979823119713476
2015-06-30,-0.0098431623315294,-0.0038325190376667,0.0137753673933185,0.0033275915802881,0.0051256161725266,0.1063664983280725,0.1128915335361089,1.002686922605514,1.0121854783572184,1.0613927608570672,222.79760979182672,215.96992017790564,6.8276896139210805,5.510188471698645,1.3175011422224356,73.9218638764875,0.0099977204383748,0.018978610233227,0.0187664592299929,0.0148484924333825,0.010304046934664,0.1495327519841642,1.0529124369175271
2015-07-01,0.0093354225284363,-0.0098431623315294,-0.0038325190376667,-0.0041206197030965,0.0148855050540264,0.079950614253679,0.1219389968770541,1.0052780700882225,1.010190832212629,1.0611284726758397,223.8863897569964,216.99990235475929,6.886487402237151,5.785448257806346,1.1010391444308052,86.92527991498477,0.0096744004119961,0.0176723223496912,0.0186698780146999,0.0093969047731417,0.004645355431476,-0.3606058676902309,0.6971532822755157
2015-07-02,0.0055494871319941,0.0093354225284363,-0.0098431623315294,0.0137753673933185,0.0062714854044778,0.0325859597578985,0.107538078246214,1.0092049998729078,1.0121708901331978,1.0611205965329242,224.99053113527705,218.0416361592823,6.948894975994733,6.018137601444024,0.9307573745507094,86.33632983487558,0.0078758960861487,0.0089453787313981,0.0184438016520078,0.0125142599220165,0.0018335123908957,0.0746705435533874,0.8378134124469633
2015-07-03,0.0051707702328838,0.0055494871319941,0.0093354225284363,-0.0038325190376667,0.0064954011476554,0.0105854271762355,0.1095565586249582,1.0042575105463345,1.0074518440903544,1.051798882703061,225.796445328107,218.94440187997785,6.852043448129194,6.184918770781058,0.6671246773481361,83.317514913606,0.00784049554673,0.0074546578197538,0.0183928200178887,0.0106731805057247,-0.0025253717221565,-0.1318234493542922,0.7863905604950008
2015-07-06,-0.0036108516396887,0.0051707702328838,0.0055494871319941,-0.0098431623315294,0.0249281227237292,0.0240495985148179,0.1469309737576896,1.0076200382304703,1.013386431268892,1.0533631102429288,226.77201520626485,219.92167948413743,6.850335722127369,6.3180021610503205,0.5323335610770483,83.94158805644334,0.0051011286471417,0.0074389364696695,0.0169921596874502,0.0233370995373608,0.0195261306725289,-0.1152014995774738,0.7647707366910147
2015-07-07,0.0082903386110257,-0.0036108516396887,0.0051707702328838,0.0093354225284363,0.0031497287564847,0.0082914892296646,0.1352834568798004,0.994794265013856,1.0002891691654792,1.034193082301296,227.16494830103417,220.61830176844325,6.546646532590927,6.363731035358443,0.182915497232484,74.10504434020316,0.0084236468722348,0.0087181776162254,0.01742012965447,0.0165462182268362,-0.0076656569746265,-0.0770350194762379,0.8290601682084325
2015-07-08,-0.0121116467728755,0.0082903386110257,-0.0036108516396887,0.0055494871319941,-0.0089991634288784,0.0057523845324454,0.1002428944045701,0.9899770609302264,0.9930943875680004,1.022552393716699,227.2635716017765,221.1507238415852,6.112847760191329,6.31355438032502,-0.2007066201336913,58.1449063569113,0.0084161673273014,0.0089113070164835,0.0170848393473852,0.0171081484744225,0.0007531710471823,0.3449008716158364,1.1090386422949357
2015-07-09,-0.0066284679190004,-0.0121116467728755,0.0082903386110257,0.0051707702328838,-0.0231982970309977,-0.0170722994077585,0.1256911486549321,0.9854291443308576,0.9856111198148394,1.007414823692118,227.02348880877483,221.4879319605245,5.535556848250366,6.157954873910089,-0.6223980256597237,45.36805462238523,0.0078916331175585,0.0080641408703899,0.0151918091998137,0.0180778051219895,-0.0086344932694973,0.0694646194956452,1.180652949885472
2015-07-10,-0.0092313912313437,-0.0066284679190004,-0.0121116467728755,-0.0036108516396887,-0.0053613776939276,0.0010991991549016,0.1258077348855426,1.000879179398415,0.9998752370585832,1.016302637579798,227.3267411314633,222.04398358613372,5.282757545329559,5.982915408193984,-0.7001578628644243,54.62029777165957,0.0117480396722802,0.0094964677238172,0.0151948969724796,0.0137253028374283,0.0107961143390888,-0.0083279027213506,1.1332732440847562
2015-07-13,0.0145837448824253,-0.0092313912313437,-0.0066284679190004,0.0082903386110257,-0.0084191060062747,0.016299144209706,0.1167174984824483,1.0077961369889097,1.003447776286733,1.0161529820194126,227.76620527379828,222.6468928061713,5.119312467626969,5.810194820080581,-0.6908823524536123,55.395674815782,0.0112030909387668,0.0089105217791092,0.015097194760329,0.0172294334414521,0.005190642051597,-0.3879641648996593,0.717606405871963
2015-07-14,0.005190642051597,0.0145837448824253,-0.0092313912313437,-0.0121116467728755,-0.0054323894276134,-0.0022997712243253,0.1038221084916601,0.999679379657823,0.9945081549333376,1.0021241454196983,227.8145262698365,223.0493668018658,4.765159467970733,5.601187749658612,-0.836028281687879,52.96646529581419,0.0105688000786751,0.009054592535766,0.0154442898069762,0.0163359418015221,-0.0110020985522259,0.0083850832149454,0.7381505038977646
2015-07-15,-0.0091360524060194,0.005190642051597,0.0145837448824253,-0.0066284679190004,0.0145996240729928,0.0054690762410813,0.085856946499635,1.0101095922693848,1.0072619678256882,1.0114711421327005,228.32488864584124,223.6480716101622,4.676817035679051,5.4163136068627,-0.7394965711836496,52.844830413913286,0.0116575803171855,0.0099049971306373,0.0144330557871014,0.0146862255907083,0.0114028594584566,0.3610590724441604,1.0300190770560411
2015-07-16,0.0133794548508878,-0.0091360524060194,0.005190642051597,-0.0092313912313437,0.0367631817737466,0.0127120415321571,0.0457122353638632,1.0152832894487318,1.0184600014816536,1.0217382388795386,229.1980742530616,224.41492520146676,4.783149051594847,5.28968069580913,-0.5065316442142827,59.22210249022922,0.009883486746074,0.0105225115084389,0.0095569959035475,0.0162645236077971,0.0115612651871427,0.0976422589345338,1.155060234409586
2015-07-17,0.0124115866562173,0.0133794548508878,-0.0091360524060194,0.0145837448824253,0.01986421091686,0.0143963336856154,0.0251341522036847,1.009315681485533,1.0150060051833838,1.0184688764589265,229.8665899854632,225.09111048385228,4.775479501610903,5.186840456969485,-0.4113609553585817,63.200671364849576,0.0095935753835032,0.0104491320418037,0.0088365580815382,0.0128706657253058,-0.0034626015785337,-0.3136569591488523,0.8730881797530529
2015-07-20,-0.0019537069079688,0.0124115866562173,0.0133794548508878,0.005190642051597,0.0176266415826276,0.0090591350123341,0.0333266020870903,1.0087909529247716,1.01710646079355,1.0198293393426177,230.53951704073447,225.7688516216948,4.770665419039659,5.10360544938352,-0.3329400303438605,61.1387282469808,0.0095745853042426,0.0101965361535928,0.0087188626078318,0.0117589558023276,-0.0029674837433005,-0.3773157843215916,0.5784521741764154
2015-07-21,0.0029852663440899,-0.0019537069079688,0.0124115866562173,-0.0091360524060194,0.0100220304840885,0.0045351974840299,0.0128642902547879,0.9901554091443734,0.9998313158822788,1.0023222755586412,230.51284047827767,226.10938997451484,4.403450503762883,4.963574460259393,-0.5601239564965095,50.88076054919067,0.0122294335731115,0.0108988788387438,0.0096074449738703,0.0255010937736174,-0.0196498297161946,0.2480932852830828,0.7495489464949132
2015-07-22,-0.0165406688587657,0.0029852663440899,-0.0019537069079688,0.0133794548508878,0.0388172035983065,0.0539835442513996,0.0600464628888033,1.0241110974566794,1.036561923422414,1.0416088397444818,231.988368869991,227.1460110893222,4.842357780668806,4.939331124341275,-0.0969733436724693,62.401994112111005,0.0219103294720422,0.0167442084181615,0.0132834872037343,0.0469820960213317,0.0451741705544929,1.1846146157086823,1.5282770688742329
2015-07-23,0.0422703462890057,-0.0165406688587657,0.0029852663440899,0.0124115866562173,0.0210999824393953,0.0586388667029844,0.0405654670059409,1.0148642517786908,1.0256687355418763,1.0344614583074625,233.05754343461376,228.01949201159752,5.038051423016242,4.959075184076268,0.0789762389399735,61.83965585123827,0.0223646164456484,0.016372505719077,0.0131407602104073,0.0254950478768145,-0.0077835467003932,0.077037443152407,1.5427975208339852
2015-07-24,-0.0048552817807905,0.0422703462890057,-0.0165406688587657,-0.0019537069079688,0.0032788862462662,0.0232082296510947,0.0243329392724154,0.994556885694198,1.0035096760667996,1.0132006250115757,233.25010426663837,228.48539548057352,4.76470878606483,4.920201904473981,-0.1554931184091508,52.74883914981727,0.0248199834390261,0.0178138634662997,0.0139431415166306,0.027852286908427,-0.0218988670203767,-0.2973382113258576,1.0343411490839507
2015-07-27,-0.0193724507139356,-0.0048552817807905,0.0422703462890057,0.0029852663440899,-0.0189314928162263,-0.0016385498720943,0.0146338873769515,0.979128898333938,0.9843826242228328,0.9930167005548766,232.72025611924684,228.5832248011676,4.137031318079238,4.763567787195033,-0.6265364691157949,50.58266863643163,0.0262955344015818,0.0190258596673965,0.0144843869082744,0.0280001981332446,-0.0190750737294055,0.5358067962659194,1.3048081878322166
2015-07-28,-0.019218612622151,-0.0193724507139356,-0.0048552817807905,-0.0165406688587657,0.0024311011378612,0.0124774961916631,0.0101490295806447,0.9834318321889228,0.9879761088029828,0.9973566975862872,232.44424175008987,228.75677575809792,3.687465991991957,4.548347428154418,-0.8608814361624617,53.82459849599425,0.025377271143058,0.0187930086861634,0.0143804090435674,0.0164315698378555,0.0019339592506073,-0.3347991776545759,0.8105583715762333
2015-07-29,0.0048739848659136,-0.019218612622151,-0.0193724507139356,0.0422703462890057,-0.0517898417972525,-0.014982975032314,-0.0095958418240025,0.9799387708741896,0.975485512356587,0.9837571110473728,231.70956432714937,228.676187813126,3.033376514023388,4.245353245328213,-1.2119767313048246,52.34330806395111,0.0104397078274451,0.0188557523788066,0.0146927413399044,0.0206827449875191,-0.0133729725318974,0.1052047997448679,0.9240240039989588
2015-07-30,-0.0141054793462419,0.0048739848659136,-0.019218612622151,-0.0048552817807905,-0.0431933858529394,-0.023004783096539,-0.0105851793225435,0.9928426698778312,0.9818145998293364,0.9883783981536508,231.2338563011577,228.6718377646132,2.5620185365444854,3.9086863035714674,-1.346667767026982,49.52380475339876,0.0122837426578862,0.0183608913381063,0.0146744789563171,0.0156976651831313,4.99935755919216e-05,-0.2088858353434201,0.800432664382312
2015-07-31,0.004166682025843,-0.0141054793462419,0.0048739848659136,-0.0193724507139356,-0.0226330479385259,-0.0194283728818565,-0.0053117365352167,0.9991323713996304,0.9854036162620404,0.9903201992910936,230.89111806086535,228.696594799772,2.194523261093366,3.5658536950758477,-1.3713304339824814,48.48307053312058,0.0112951474781201,0.0184020860968723,0.0146619466923227,0.017866969666663,0.0018500140216296,0.421582333067948,1.08539408946935
2015-08-03,0.0016997633399751,0.004166682025843,-0.0141054793462419,-0.019218612622151,-0.0028845517952434,-0.0217614357398802,-0.0128994405119757,1.0003093291975405,0.9881611780017144,0.9915552728781968,230.62220816463247,228.72967694314823,1.8925312214842047,3.231189200357519,-1.338657978873314,51.442752395198085,0.0077749440179387,0.0183483915780239,0.0145287596092203,0.0144146727380441,0.0014485101038932,-0.4055769481526048,0.7445962182643477
2015-08-04,0.0005988749705911,0.0016997633399751,0.004166682025843,0.0048739848659136,-0.0220242835045939,-0.0196467256274213,-0.0152006299240262,0.9902875734732076,0.9758217417983164,0.9779999500449394,229.88651143828275,228.51564009131204,1.3708713469707163,2.859125629680159,-1.4882542827094425,42.865959098634505,0.0090839598027727,0.0181732942890818,0.0146339656362909,0.0259615414499702,-0.0153478450820256,0.2143133746711978,0.9233077078044688
2015-08-05,-0.0144146727380448,0.0005988749705911,0.0016997633399751,-0.0141054793462419,-0.0082830976565471,-0.0596439591365759,-0.0088802071925543,0.9916770505046926,0.9816490569346048,0.9781809522151496,229.2552074136732,228.3132249199793,0.9419824936938426,2.4756970024828955,-1.533714508789053,38.01270522454513,0.0073314406295297,0.009711143204801,0.0145665049148222,0.0169071705950635,-0.0005059304300401,0.1947333160543396,1.1107220553985189
2015-08-06,-0.0002530292226117,-0.0144146727380448,0.0005988749705911,0.004166682025843,-0.0211968170701706,-0.063474640624544,-0.0085578549121621,0.98704375130186,0.9793613257922146,0.9698719907027238,228.41156006292172,227.97680082470595,0.4347592382158041,2.067509449629477,-1.6327502114136734,36.36367120676513,0.0070695680309115,0.0097385400766141,0.0145563343029776,0.0148117750938981,-0.0121594252520427,-0.3929570631181156,0.7070281859307348
2015-08-07,-0.0089091531702178,-0.0002530292226117,-0.0144146727380448,0.0016997633399751,-0.0174676530557649,-0.0397053547653061,-0.0174186161059829,0.9960032708064236,0.9887897035941066,0.9760656799055124,227.8876061109338,227.7567310876907,0.1308750232431066,1.6801825643522037,-1.5493075411090969,37.30361489155589,0.0080159761055394,0.0092494338902114,0.0142043328943682,0.0171179488598388,0.005464808761695,-0.0113859185485776,0.8037187727061209
2015-08-10,0.0055161615452863,-0.0089091531702178,-0.0002530292226117,0.0005988749705911,-0.0334679817959878,-0.0362559934642586,-0.0378351360828994,0.9870719969324508,0.9768466548854452,0.9625639326355336,226.9009348883382,227.2913616118664,-0.3904267235281793,1.2660607067761271,-1.6564874303043065,37.65866696033765,0.0091665612807919,0.0086534613721158,0.0145065799489453,0.0250799612195664,-0.0158456292147851,0.0789888310778348,0.8770106919860438
2015-08-11,-0.0156956633073791,0.0055161615452863,-0.0089091531702178,-0.0144146727380448,-0.0222671796707468,-0.0438010444974246,-0.0318700756716688,0.988548810518578,0.9782873125719084,0.9612012266618316,225.96407653487395,226.811361165863,-0.8472846309890656,0.8433916392230887,-1.6906762702121545,14.207030250323584,0.0081456912347088,0.0081342231830698,0.0144083944857555,0.0162008495142694,-0.0051493211705352,-0.0566730549406635,0.8812998969913339
2015-08-12,-0.0029930684659846,-0.0156956633073791,0.0055161615452863,-0.0002530292226117,-0.0454062153622947,-0.0533132089027817,-0.0674973934572128,0.973848920103924,0.9600562152753872,0.9414125825805736,224.35900047617335,225.97578494271167,-1.6167844665382916,0.3513564180708127,-1.968140884609104,12.325305868229876,0.0113340586097813,0.0098413533855004,0.0147867601251501,0.0269912060457151,-0.0214819530673065,0.101325494746683,1.0718151258697293
2015-08-13,-0.0239130520410586,-0.0029930684659846,-0.0156956633073791,-0.0089091531702178,-0.0465804878511134,-0.0667899468412648,-0.0882582416976911,0.9731519137890138,0.956840445548516,0.9360998111046968,222.66501794348085,225.0404019109309,-2.375383967450091,-0.193991659033368,-2.181392308416723,13.378667518326893,0.0113393783016087,0.0093184844022499,0.0143725802375997,0.0263031378527021,-0.014413950198305,-0.0321206798734757,1.023018790792852
2015-08-14,-0.0101283217150812,-0.0239130520410586,-0.0029930684659846,0.0055161615452863,-0.0176766772566686,-0.0348355602469353,-0.0535871348747659,1.0118561602325185,0.9948454559494516,0.9724687531832366,222.41324647801744,224.7432242447856,-2.3299777667681383,-0.6211888805803221,-1.7087888861878162,36.19700736162183,0.0232900050682223,0.0164207669281426,0.0169945185021407,0.0389885652540463,0.028396673507582,0.3639067058514937,1.2795307339594857
2015-08-17,0.0359993311391761,-0.0101283217150812,-0.0239130520410586,-0.0156956633073791,-0.0187842036424725,-0.051623516052902,-0.0722615499655303,0.9986554161949396,0.9833623658278808,0.9596995730763416,221.6287510012311,224.19291325472045,-2.564162253489343,-1.0097835551621264,-1.5543786983272163,30.20937462702004,0.0234419099915456,0.01686392369001,0.0172259027184402,0.0209845714319416,-0.0158385410141445,-0.147726032833973,1.0571999750340482
2015-08-18,-0.0168054231993706,0.0359993311391761,-0.0101283217150812,-0.0029930684659846,-0.0226708514692014,-0.0444332152169948,-0.0632069736563036,0.9963064369457802,0.9809901074130204,0.956111123595138,220.73284686958132,223.57161406144544,-2.8387671918640933,-1.3755802825025198,-1.4631869093615737,31.82774356466845,0.0234841841661762,0.0165712819572364,0.01697844246006,0.0146170326693287,-0.0124476932521711,-0.389327492786046,0.6735706722394467
2015-08-19,-0.0069422658169293,-0.0168054231993706,0.0359993311391761,-0.0239130520410586,0.0124085268400913,-0.0335611127642334,-0.0912033542625214,1.004905587692694,0.9953288647720542,0.9714572236399353,220.3440251005832,223.1741245288268,-2.8300994282435568,-1.6664841116507274,-1.1636153165928294,34.730156485249225,0.021317591442011,0.0172644083818018,0.0137091232790283,0.0225748857577692,0.0112288471333671,0.3388915249216706,0.9162285767931478
2015-08-20,0.0111217398319636,-0.0069422658169293,-0.0168054231993706,-0.0101283217150812,-0.0182675818063562,-0.0639971567850695,-0.1234096008816886,0.9680622701757778,0.9616766809057056,0.9386419985528373,218.66813814475432,222.15757899985408,-3.489440855099758,-2.0310754603405337,-1.4583653947592246,26.97174169917804,0.0287397877344436,0.0208461130956977,0.0158357416897914,0.0504201888819234,-0.0454711431017406,1.1412018611969543,1.6354555468817689
2015-08-21,-0.0401215609501215,0.0111217398319636,-0.0069422658169293,0.0359993311391761,-0.061016584786091,-0.0776146915661918,-0.1142383274678625,0.971350032443134,0.9606157662860711,0.9357005491927136,216.9564398146419,221.0749508516444,-4.118511037002492,-2.448562575672925,-1.6699484613295663,25.581412999005707,0.0185859776980515,0.0204263396515667,0.0155586736427529,0.016410641813291,-0.0022527563254881,0.0548416050494717,1.5323598477431792
2015-08-24,-0.0091126949823208,-0.0401215609501215,0.0111217398319636,-0.0168054231993706,-0.1274324366453558,-0.1438229234472255,-0.1748644739389711,0.9110927890765288,0.8908014860964649,0.8627193791659299,212.7510136960732,218.7450411621852,-5.994027466112016,-3.157655553760744,-2.836371912351272,19.227046451213766,0.0382993355079052,0.0322405827009541,0.0236913724256415,0.0747393601342494,-0.0573295791417528,0.777295762040298,1.9753291131878683
2015-08-25,-0.0863484037287415,-0.0091126949823208,-0.0401215609501215,-0.0069422658169293,-0.1016311861518128,-0.1219979720951277,-0.160455377988218,0.9515768796948616,0.92244860662779,0.8895612833639156,209.84667589562565,216.90265426077625,-7.055978365150565,-3.937320116038708,-3.1186582491118573,24.69181460759552,0.0438544795484665,0.0342261848433188,0.0245527420479194,0.0441549266786766,0.0086816818790801,0.389176013518576,1.8600015269483847
2015-08-26,0.0224217999932889,-0.0863484037287415,-0.0091126949823208,0.0111217398319636,-0.1060129720210375,-0.0949199099896671,-0.1431726339021365,0.9797146457330994,0.9372820937574402,0.9018115268417712,207.5737859478912,215.28563477741145,-7.711848829520221,-4.692225858735011,-3.0196229707852105,26.94217178007977,0.0430154858239427,0.0344226565898062,0.0247238105739251,0.040778073287878,0.0066053793870846,-0.6170933180953206,0.6620668006449023
2015-08-27,0.0061900025728713,0.0224217999932889,-0.0863484037287415,-0.0401215609501215,-0.0514569376970859,-0.068784525684556,-0.1309803577118476,1.0087159209773686,0.9613587084666848,0.9248563938081896,206.2044442921459,214.05507406690293,-7.850629774757039,-5.323906641939416,-2.5267231328176223,29.617831235369536,0.0445879934860119,0.035522141069797,0.0252758165233253,0.0278432698388464,0.0027111211260592,0.4242581116893948,0.8931093959440786
2015-08-28,0.0184555318137553,0.0061900025728713,0.0224217999932889,-0.0091126949823208,-0.039154124341919,-0.0977816581803762,-0.1292109395827237,1.020912109001073,0.9751517681452002,0.9347526998085952,205.1600636085285,212.9706959766607,-7.81063236813219,-5.821251787177971,-1.9893805809542189,32.1560744057398,0.0449973508253594,0.0325748143522095,0.0253154957108874,0.0193718305063346,-0.0029714200792589,-0.6010668895609994,0.3795984865706939
2015-08-31,0.0037393325682679,0.0184555318137553,0.0061900025728713,-0.0863484037287415,0.0317642703037326,-0.0997159647046894,-0.1461917920529284,0.9954640821006464,0.9669547831759624,0.924330521700648,203.69610738329817,211.6872628039104,-7.991155420612188,-6.255232513864815,-1.7359229067473727,30.61620522357448,0.0162012344712619,0.0326323826085268,0.0254001258463279,0.0222572616463837,-0.0194191255726476,0.9227974557610968,0.8157206274010138
2015-09-01,-0.0189133383197164,0.0037393325682679,0.0184555318137553,0.0224217999932889,-0.0097859621338509,-0.1104225893463638,-0.1499493738861138,0.9786864628016576,0.9601303418832444,0.9143115440597432,201.8929502377908,210.22713859158367,-8.33418835379291,-6.671023681850435,-1.663164671942476,31.39556660659349,0.0164699623457937,0.0327249702419203,0.0254801677679138,0.0223849468163574,-0.0164539168765083,0.0452342760919413,1.092357273488822
2015-09-02,-0.0187522013379143,-0.0189133383197164,0.0037393325682679,0.0061900025728713,-0.0045113939389863,-0.1100460996805942,-0.1399139428841832,0.9908790791861796,0.9830251608155506,0.9318817552130124,200.70831798215707,209.03941281266427,-8.331094830507197,-7.003037911581788,-1.3280569189254097,34.87910851109035,0.0172790964836737,0.0327575673648317,0.0257981760955045,0.0170678440830567,-0.000529396672348,-0.0920888383538233,0.9848366172096736
2015-09-03,0.0115496698595505,-0.0187522013379143,-0.0189133383197164,0.0184555318137553,-0.0176033648540064,-0.0681544873025407,-0.1277899506781035,0.99946155350604,0.9951921802510748,0.9430690600210284,199.8571537898901,208.01247488079449,-8.155321090904351,-7.233494547446301,-0.9218265434580504,27.179194170928294,0.0143387050874325,0.0313959292011252,0.0259377146214856,0.0191485632362285,-0.0002341716459406,-0.4066884251969825,0.6904526677814992
2015-09-04,0.0050615159309359,0.0115496698595505,-0.0187522013379143,0.0037393325682679,-0.0418386363071178,-0.0793546054807716,-0.1508102138182165,0.9868832519038904,0.9825217041162534,0.9308748222394128,198.50569591641545,206.75767508312856,-8.251979166713113,-7.437191471299664,-0.8147876954134485,26.994003401630778,0.0154614459480387,0.0317272092883046,0.0259703350287489,0.029429397006374,-0.0162410344548286,0.3893635991422968,0.9013297927800674
2015-09-07,-0.0210224533771222,0.0050615159309359,0.0115496698595505,-0.0189133383197164,-0.0265218127824695,0.0044000114910958,-0.1400557344719806,0.9889966377563288,0.9789281342982622,0.9349323252813336,197.26720506328903,205.5501069563112,-8.282901893022142,-7.60633355564416,-0.676568337377982,27.422656314764424,0.0143501926585588,0.0156821471210647,0.0259206708470805,0.0195631329470395,-0.0060244432281575,-0.3682305419603481,0.6445581689735035
2015-09-08,-0.0032300392129492,-0.0210224533771222,0.0050615159309359,-0.0187522013379143,0.0104184682805736,0.0005305514106364,-0.1215321468806812,1.0051881838472008,0.9969688668769854,0.9585261396600242,196.760816205896,204.69274181067584,-7.931925604779849,-7.671451965471298,-0.2604736393085511,28.842311380009377,0.0152438547718159,0.0151108117067009,0.0265409763786681,0.0328187697199346,0.0150717399426382,0.2604719680715468,0.91301792761027
2015-09-09,0.0184829108104898,-0.0032300392129492,-0.0210224533771222,0.0115496698595505,0.0288387601988966,0.0241972632519409,-0.0730194487875967,1.0293597884721792,1.0243833531010147,0.9911268333225318,197.2273246877413,204.3298069608399,-7.102482273098588,-7.557658026996757,0.4551757538981693,41.110879219931846,0.0196694915360489,0.0178015969569944,0.027362512420636,0.0322635978591747,0.0151567496356842,0.3441910789593059,1.268786916453447
2015-09-10,0.0299905839893206,0.0184829108104898,-0.0032300392129492,0.0050615159309359,0.0154007829544404,-0.0024736875009504,-0.0710880617640618,1.017904306024652,1.0163768864535132,0.9868448895708076,197.37413782923065,203.87438497169785,-6.500247142467174,-7.346175850090841,0.845928707623667,41.33699558693736,0.0206536382061108,0.0171292792197194,0.0273397699424603,0.0173010841521,0.0069685973521159,-0.3613631611283839,0.8172975262785396
2015-09-11,-0.0080658994647938,0.0299905839893206,0.0184829108104898,-0.0210224533771222,0.0299677235654387,-0.0131247214288856,-0.1096230225847899,1.0048905497911254,1.0106411255039065,0.9859062386001908,197.28560751641032,203.35025947719416,-6.064651960783834,-7.08987107222944,1.0252191114456055,59.57318289312472,0.0171961907794505,0.0171964073654281,0.0257285811757619,0.023113962745512,-0.0126719636908467,-0.0396926932243589,0.855095857951931
2015-09-14,-0.0069780405496445,-0.0080658994647938,0.0299905839893206,-0.0032300392129492,0.0367858780684546,0.0092884371148147,-0.0913537330573773,1.0011125551258788,1.0130998756128955,0.9941708923190652,197.3126799552919,202.9140608765976,-5.60138092130569,-6.79217304204469,1.1907921207390002,55.29333177889596,0.0165479114847061,0.0160497875626134,0.0256558907535876,0.0159750037903255,0.0024369096493613,-0.25113332762254,0.6646200493159641
2015-09-15,0.0033683535726856,-0.0069780405496445,-0.0080658994647938,0.0184829108104898,0.0216827834891786,0.0323271531617688,-0.081665084142914,1.0004961950496567,1.013566811722611,1.0022425936484465,197.44636151715807,202.56350896776976,-5.1171474506116965,-6.457167923758092,1.3400204731463958,54.65114739397575,0.0153408628765794,0.0144654139147544,0.0257110630034714,0.0166090623443278,0.005800453615886,0.4452139558758383,0.9833426210088604
2015-09-16,0.0036464396984368,0.0033683535726856,-0.0069780405496445,0.0299905839893206,-0.0017161000736083,0.0270731699267881,-0.0859522265102391,1.0072494963549083,1.017319704266851,1.013464683120141,197.7546530295424,202.33289766257616,-4.578244633033762,-6.081383265613226,1.5031386325794642,51.25001349800573,0.0066866015735959,0.0142280723958196,0.0255870293161941,0.0139246886201176,0.000515981139936,0.1663821262389888,1.2292002202611307
2015-09-18,0.0064014327038048,0.0036464396984368,0.0033683535726856,-0.0080658994647938,0.0327566998228368,0.0486619616015526,-0.0228090567450779,1.0268937729523264,1.0389279318822011,1.0412687717700568,198.8190734280924,202.5062671409125,-3.687193712820175,-5.602545355054617,1.9153516422344417,57.390750739825805,0.0121162790212102,0.0160576613333253,0.0249708991900968,0.0249608695733208,0.0192954078389878,1.552099467173132,2.202035602384869
2015-09-21,0.0261876287757516,0.0064014327038048,0.0036464396984368,-0.0069780405496445,0.0199198303471888,0.0504845058819425,-0.0328762776459823,1.00310720964512,1.0138903292587151,1.022925832184293,199.1113524897861,202.37386863633395,-3.2625161465478527,-5.134539513353264,1.8720233668054116,57.09717581208901,0.0161433859616031,0.0157589678299712,0.0252515136191954,0.0138366785099308,-0.0021591051839155,-0.6283815808979263,0.7968343161333761
2015-09-22,-0.0193210186025618,0.0261876287757516,0.0064014327038048,0.0033683535726856,-0.0184638681161551,0.0176428003511066,0.0221204403664823,0.972150546433558,0.9773612657630416,0.9866903116800908,198.2966326956844,201.73992828017032,-3.443295584485952,-4.796290727579802,1.3529951430938496,52.36000300597436,0.0236384909993126,0.0200694171733285,0.0175438563065073,0.0476471086539466,-0.0364772943119112,0.2366708091861986,0.8979610011720381
2015-09-23,-0.0343924460365205,-0.0193210186025618,0.0261876287757516,0.0036464396984368,-0.0192041441234737,0.0020622400665806,0.0025938856015932,0.9786962001995406,0.9799876546508391,0.9894146907204424,197.69341257393245,201.1944300301056,-3.501017456173173,-4.537236073298476,1.0362186171253027,50.24494093947441,0.0235836758232214,0.0192287459309304,0.0168319342382109,0.0197565573501527,0.008718850219741,-0.0332960655993411,0.8328074004515063
2015-09-24,0.0028894880641516,-0.0343924460365205,-0.0193210186025618,0.0064014327038048,-0.0403415240806256,-0.0419883940617897,-0.0188071350344881,0.9716066196949352,0.9691046418401722,0.9751993196478898,196.7258304899921,200.46922254849187,-3.743392058499751,-4.378467270338732,0.6350752118389806,45.20348842850342,0.0232659201445431,0.0166356920510683,0.0171167166457871,0.0158236766175902,-0.0125589192564323,0.910287453206896,1.3582626432482865
2015-09-28,-0.0152877795262683,0.0028894880641516,-0.0343924460365205,0.0261876287757516,-0.0682935630028758,-0.0377739349231561,-0.0401541815134255,0.981944212330406,0.9691903472637752,0.9735674816294017,195.79808900910996,199.7452439052153,-3.947154896105332,-4.292204795492052,0.3450498993867201,49.47501756454705,0.0144664771726509,0.0165788471747614,0.0165104992110939,0.0146238972024709,-0.0066087662372502,-0.6002116381954634,0.6886586174656216
2015-09-29,-0.0037022093915103,-0.0152877795262683,0.0028894880641516,-0.0193210186025618,-0.0425350225435565,-0.0234624826292493,-0.0362792655095961,0.9983731522818944,0.9790392926337466,0.9829683029877068,195.24166068949927,199.1849521293949,-3.943291439895632,-4.222422124372768,0.2791306844771366,52.34544398822125,0.0168421724252659,0.016910790050386,0.0166081420161599,0.0287243284804816,0.012951759142753,0.3637817914173507,0.9056861966715614
2015-09-30,0.0077914475314548,-0.0037022093915103,-0.0152877795262683,-0.0343924460365205,0.016983123160118,-0.0017943191022659,0.0074774515924034,1.0204733580246972,1.0043151673956572,1.007786568806203,195.52867739682387,199.031049696633,-3.5023722998091387,-4.078412159460043,0.576039859650904,54.099343648006666,0.0151117064402183,0.0190603633962665,0.0171581090455187,0.030499808710922,0.0132784305161514,0.0907403180035464,0.9707160696728576
2015-10-01,0.0256318602749672,0.0077914475314548,-0.0037022093915103,0.0028894880641516,0.0168753943720372,-0.0026528272570974,0.0295885675516194,1.019849726502979,1.007380286473233,1.0091261094446105,195.8559375712007,198.92918442505083,-3.0732468538501223,-3.877379098338059,0.8041322444879366,46.754599660508106,0.0151127917821019,0.0190438842632355,0.0165504871180158,0.0177517789490546,-0.0105841335078502,-0.4989947386135338,0.5249872728327138
2015-10-05,0.0027832522115913,0.0256318602749672,0.0077914475314548,-0.0152877795262683,0.0604883934858653,0.0177066754228312,0.04525922118218,1.0349650346385948,1.032666194114356,1.0339979045222067,196.95223291406288,199.22938241577333,-2.277149501710454,-3.557333179012538,1.2801836773020838,56.55021752229879,0.0137691938135248,0.0208462599593648,0.0173756412484481,0.0317004493626406,0.0292071721152457,0.8486304384436907,1.153035104138026
2015-10-06,0.0269457659372027,0.0027832522115913,0.0256318602749672,-0.0037022093915103,0.0764759385156346,0.0029595611875372,0.051765540841955,1.0313404802196224,1.0440317786366329,1.0430162538149934,198.23329385471789,199.67751179448047,-1.4442179397626376,-3.1347101311625583,1.690492191399921,61.290317338172,0.0108449718289645,0.0194060535854019,0.0174828353805396,0.0164245267640576,0.0026796161947109,-0.230098232877181,0.878794530764131
2015-10-07,0.011317620988769,0.0269457659372027,0.0027832522115913,0.0077914475314548,0.0868866930257052,0.0406559430355653,0.0931929441128227,1.032110858504457,1.0579511180882868,1.0565291487357986,199.87114141222523,200.3591259562609,-0.4879845440356689,-2.6053650137371807,2.117380469701512,64.09820844499774,0.0100994951965479,0.018718531313009,0.0168469535804565,0.0296016235966767,0.0213479262982253,-0.0661057230265556,0.874797675530579
2015-10-08,0.0175379443942331,0.011317620988769,0.0269457659372027,0.0256318602749672,0.0310797142074603,0.0485906679817449,0.0670907437869803,0.9981700624958229,1.0244681167815526,1.0246599737170765,200.3883976387699,200.57202824726124,-0.1836306084913417,-2.121018132688013,1.9373875241966712,55.561154762528645,0.0206213949854303,0.0171097013202814,0.0182142118546661,0.0322235785035893,-0.0281998013511711,-0.0661771046611384,0.907018688847202
2015-10-09,-0.0270299451082078,0.0175379443942331,0.011317620988769,0.0027832522115913,0.0261940815566359,0.0435115113851547,0.0456634826338713,0.9911645762972052,1.018111103522675,1.02036475143585,200.76453376675963,200.7395285601088,0.0250052066508317,-1.691813464820244,1.7168186714710756,53.79681239694955,0.0209317546628653,0.0172411956251666,0.0178947335697884,0.0269904600070923,-0.0074939982831651,-0.1325449875194698,0.7780759404783153
2015-10-12,-0.0019683014570505,-0.0270299451082078,0.0175379443942331,0.0269457659372027,0.0042230030041452,0.0649668391574174,0.0202505918521369,0.9952455902660858,1.0168129184998034,1.024381848884952,201.23753630925333,200.96912276254287,0.2684135467104624,-1.2997680625141028,1.5681816092245653,48.96570457273624,0.0172489798962146,0.0158007090167357,0.0166978551783536,0.0152509253079395,0.0042230030041452,-0.3339966142334913,0.6195184529569474
2015-10-13,0.0049585936292821,-0.0019683014570505,-0.0270299451082078,0.011317620988769,-0.0049551878950787,0.0711417979757582,0.0306805574055495,0.9983019222508592,1.0120733268105755,1.0249410978011746,201.7028280113754,201.2130345855432,0.4897934258322323,-0.9418557648448358,1.431649190677068,54.81367200019567,0.0163328145506743,0.0154918319114261,0.0165571091379414,0.014995544021556,0.0096604974330665,-0.0080217049946116,0.7007501892888042
2015-10-14,0.0020745881589927,0.0049585936292821,-0.0019683014570505,0.0175379443942331,-0.0118734492239597,0.0739815990638672,0.0487833244516977,1.0111988447796445,1.015509042997804,1.0331767894628592,202.42534449895828,201.59719388888544,0.8281506100728393,-0.5878544898613008,1.4160050999341405,69.63968207774498,0.0145465296947167,0.0155299100777578,0.0165384622445103,0.0122376858535605,0.0079816880953619,0.2985813852390264,0.9889855213599394
2015-10-15,0.010463294764655,0.0020745881589927,0.0049585936292821,-0.0270299451082078,0.0164210819681633,0.0480111587101714,0.0461306922687101,1.0087400965241615,1.0116422222673245,1.0316828345581543,203.0630788338541,201.9655956508777,1.0974831829764184,-0.2507869552937569,1.3482701382701754,69.26688974176008,0.0047279585899531,0.0141949660866417,0.0165413038754124,0.0120614764040155,-0.0044067636563564,0.1306941117915994,1.167428233147358
2015-10-16,0.0008305870731373,0.010463294764655,0.0020745881589927,-0.0019683014570505,0.0309348266237523,0.0579392175519111,0.055132687559237,1.0149108056294869,1.0183567035064904,1.0415131028473872,203.99305053594748,202.4946548543283,1.498395681619172,0.0990495720888288,1.3993461095303432,78.3595638983212,0.0050630301913259,0.0143625272898829,0.0166879669656984,0.0121338183951583,0.0113875515173806,0.6850275814341373,1.7065061689671936
2015-10-19,0.0122828563434029,0.0008305870731373,0.010463294764655,0.0049585936292821,0.0804597959277169,0.0850225808917779,0.1042347235580714,1.052189024432561,1.0636301613290782,1.0913086387995576,206.49256563528488,203.80911736005515,2.6834482752297504,0.6159293127170132,2.0675189625127373,85.47901278454646,0.021533401755634,0.0199819687839867,0.0201449284167871,0.0254280936162888,0.0239107607787476,1.1975469168065582,2.327881313417081
2015-10-20,0.0532356934186462,0.0122828563434029,0.0008305870731373,0.0020745881589927,0.0706132516989117,0.0653081618737823,0.0684610065624304,1.0305602586571403,1.049329580844898,1.0798578044849454,208.36840655542736,204.91107397162224,3.4573325838051403,1.1842099669346386,2.2731226168705017,81.77583685517847,0.0233009699940172,0.0205185016873157,0.0196850027485635,0.0143200685190773,-0.0086009986640945,-0.4600378053328291,1.078236680642345
2015-10-21,-0.0070576088834685,0.0532356934186462,0.0122828563434029,0.010463294764655,0.0576443693034829,0.0450864825875509,0.0875754590908699,1.0173210793605427,1.0427528578419016,1.0732809277028743,209.8958726292318,205.9026193096618,3.993253319570016,1.7460186374617142,2.247234682108302,78.50553694898392,0.0243771400605088,0.020275084371908,0.0189933141716719,0.0228272032169306,-0.0005232713218393,-0.2038175105482317,0.7976096776777476
2015-10-23,-0.0017769606346734,-0.0070576088834685,0.0532356934186462,0.0008305870731373,0.0574858773337967,0.0748509396056702,0.1270786647419157,1.0068694216982492,1.0359349328969396,1.0675476616568358,211.21120158846657,206.83172238778,4.379479200686546,2.2727107501066808,2.1067684505798656,78.27168138140655,0.0243936418854488,0.0171197131716917,0.0167069227333538,0.0333804483011892,-0.0086104364406399,-0.1562730961612557,0.6505936448827627
2015-10-26,0.0006806088614896,-0.0017769606346734,-0.0070576088834685,0.0122828563434029,0.0306624406792277,0.062545804589253,0.1087787784628868,0.9875463533664376,1.01594742203925,1.0478352471622512,211.8740403164429,207.4752728272269,4.398767489215999,2.6979220979285445,1.7008453912874542,68.24078600297383,0.0267677332562382,0.0181619242838485,0.0172607451729958,0.0230153063911999,-0.0198045437949911,-0.0999427980037227,0.613886808168195
2015-10-27,-0.0133939925447286,0.0006806088614896,-0.0017769606346734,0.0532356934186462,-0.0248573436974536,0.0536024354290611,0.122051655387444,0.989052030261878,1.0072038512137231,1.038271419271101,212.3188525484084,208.0152763084855,4.303576239922847,3.0190529263274053,1.284523313595442,64.44984610836147,0.0054680777926314,0.0184228069487098,0.0167127372481282,0.0115481077609301,0.0007988694237792,0.0606121800658665,0.8633531248688427
2015-10-28,-0.0035000682511893,-0.0133939925447286,0.0006806088614896,-0.0070576088834685,-0.0206439188446649,0.0485115986168165,0.1231045989408534,0.9904333942726112,0.9997705627401284,1.029555969558281,212.60379911773373,208.4712562300068,4.132542887726913,3.2417509186073072,0.890791969119606,58.873133056698,0.0054025879323547,0.0185823813728626,0.0166857358499835,0.0160094346565748,5.336596756074941e-05,0.030764972808525,0.9793056743604176
2015-10-29,-0.0027672744169391,-0.0035000682511893,-0.0133939925447286,-0.0017769606346734,-0.0146596871813466,0.0421396337003812,0.1192387902493681,0.997667524717792,1.0000318810848872,1.0283422504443116,212.9873332904261,208.9620351196533,4.025298170772828,3.398460369040412,0.6268378017324165,73.6338588517387,0.0066234929841857,0.0184792763363897,0.0166836378804975,0.0106801776487378,0.0053418705889737,0.1105180342355838,1.107933772293856
2015-10-30,0.0043225551943155,-0.0027672744169391,-0.0035000682511893,0.0006806088614896,-0.0083189176899066,0.0486887393620181,0.0990375008650976,1.0064676599280291,1.0024646508539568,1.030853833284089,213.54747903646037,209.52990515817143,4.017573878288886,3.522283070890107,0.4952908073987787,76.29628767804626,0.0079871490146796,0.0184556340165036,0.0160247232599228,0.0166718896191163,0.0059442105397412,0.0064739854621651,1.0929864617073084
2015-11-02,0.0071200947860976,0.0043225551943155,-0.0027672744169391,-0.0133939925447286,0.0179773915811451,0.049191062963297,0.1099803722138483,1.0156613812467086,1.0104540591650348,1.0386434181016428,214.44696449569483,210.2605888147132,4.186375680981655,3.6551015929084167,0.5312740880732383,77.78683939959241,0.006854070705017,0.0184777673311472,0.0161121379961798,0.0169827073098229,0.0113804279205215,-0.4596850196826226,0.6287768388650326
2015-11-03,0.0127677414678688,0.0071200947860976,0.0043225551943155,-0.0035000682511893,0.0294289960965863,0.003840125728489,0.0891892040206518,1.017537575849519,1.017848112424803,1.042185210801257,215.46830035528143,211.06244501977204,4.405855335509386,3.805252341428611,0.6006029940807753,78.74998370269539,0.0056902602596107,0.0077666760447883,0.0153094300993678,0.0095119983209408,0.0041006529707036,0.5748342159089588,0.9941710144610322
2015-11-04,0.0077099283680155,0.0127677414678688,0.0071200947860976,-0.0027672744169391,0.0153156428535348,-0.0056444508792524,0.0592950822828191,0.9977973356073212,1.001684722635094,1.022120121556503,215.77335751216123,211.53568404608524,4.237673466075989,3.8917365663580874,0.3459368997179028,67.96727751353549,0.0113374769447186,0.0092028396745994,0.0158953134675455,0.0302744111240849,-0.0172521252593087,-0.1178469606864083,0.9075619477955276
2015-11-05,-0.0164392204909784,0.0077099283680155,0.0127677414678688,0.0043225551943155,-0.0046758852606966,-0.0192670254268256,0.0249507747543049,0.983286440114988,0.9881206091468596,1.0050946812316506,215.5145338053624,211.72496696252105,3.7895668428413383,3.871302621654737,-0.0817357788133983,61.07743705143498,0.0139507584875463,0.010353308340546,0.0160188253639774,0.0192184007204788,-0.0130663651375083,0.0731838248405019,1.0203686833578185
2015-11-06,-0.0154525194233618,-0.0164392204909784,0.0077099283680155,0.0071200947860976,0.0049593747277143,-0.0034007995923456,0.0711955869684268,0.998888277293986,1.0051343906317378,1.018590569991996,215.85116267530063,212.16775618455364,3.683406490746989,3.833723395473188,-0.1503169047261985,62.27153614680944,0.0158911585871464,0.0119442787372282,0.0148930627789105,0.0176921320897583,0.0137846948014268,-0.2229184355001655,0.8758998025203274
2015-11-09,0.0168695460544001,-0.0154525194233618,-0.0164392204909784,0.0127677414678688,0.0015107578729873,0.0195153089399995,0.0832817142287127,1.0078637236765822,1.01250825918611,1.0240089712686908,216.44722779256207,212.72759542551265,3.719632367049456,3.810905189788442,-0.0912728227389854,49.00749809190869,0.0153184216067811,0.011313762472217,0.0148863953226913,0.0432249837777056,0.029726844433111,1.035533912818999,1.4791381044034282
2015-11-10,0.0092923294353217,0.0168695460544001,-0.0154525194233618,0.0077099283680155,-0.0459574041644773,-0.0178808883356565,0.0347630879309781,0.9765996968972148,0.9736782301520294,0.9813748665168636,215.59767353556336,212.59407910673912,3.0035944288242438,3.6494430375956015,-0.6458486087713591,38.29713306383327,0.0227207364249057,0.0174991065407745,0.0178574073497904,0.0468166209693002,-0.0357889489936328,-0.325596465743083,0.9955868144114852
2015-11-13,-0.0400520530091245,0.0092923294353217,0.0168695460544001,-0.0164392204909784,-0.0191842187991198,-0.0041623945891363,0.0441472796120872,0.9913303292091876,0.984952075654306,0.9902519275683884,215.24103776326515,212.64485406295287,2.596183700312281,3.438791170138938,-0.8426074698266577,42.85715527009086,0.0238346845250244,0.01795002850298,0.0179783520286171,0.0257756615494857,0.0196710787403412,0.1911927125312917,1.115378202923412
2015-11-16,0.0111623301974674,-0.0400520530091245,0.0092923294353217,-0.0154525194233618,-0.002455692059708,-0.0071200947860978,0.0347195007280849,0.9931437509707944,0.9869696253437532,0.989931675985228,214.98322608288905,212.71303241686897,2.270193666020049,3.205071669315161,-0.934878003295112,43.07942245141367,0.0229188939159873,0.0178899158429847,0.0178761739368554,0.018462994239942,0.0089632433277229,0.1216332928260792,1.1641342683517046
2015-11-17,0.0013396541638954,0.0111623301974674,-0.0400520530091245,0.0168695460544001,-0.0258820150246446,-0.0210509989081458,0.0266127938547233,0.9913765216385092,0.98212015258986,0.9817408141258086,214.53473575327988,212.66525512231792,1.8694806309619596,2.9379534616445206,-1.0684728306825613,44.89864034405227,0.0208468066262631,0.0177728520142052,0.0179855613326711,0.0136890023241321,-0.010980267413586,-0.4403861089551795,0.6492892086666853
2015-11-18,-0.0070106106558966,0.0013396541638954,0.0111623301974674,0.0092923294353217,-0.0512353666016291,-0.0498020129621106,-0.0030607639541316,0.9849131446916396,0.97035731577567,0.9652172808154502,213.6013710205036,212.3543373347562,1.2470336857474251,2.5997695064651016,-1.3527358207176765,41.414788588830994,0.0196003401670801,0.0175173535482342,0.0182475407253406,0.0234100782087738,-0.0168175463109688,0.3098551467826218,0.9319603037317078
2015-11-19,-0.0169765041832002,-0.0070106106558966,0.0013396541638954,-0.0400520530091245,0.0130045968408594,-0.0335504648366294,-0.0298391771113624,1.0068722365749545,0.9980087653438562,0.990802134157873,213.61164030010164,212.4516546683217,1.1599856317799322,2.311812731528068,-1.1518270997481357,49.39091801224562,0.0162000577683162,0.0196232722395723,0.0146447273877433,0.022947300976637,0.0172488279588523,0.0830265417466202,0.9978146892808618
2015-11-20,0.0249451221074281,-0.0169765041832002,-0.0070106106558966,0.0111623301974674,0.0147901396874745,-0.0046778163874792,-0.0102958635619103,1.0168826899949637,1.0114081514584778,1.0041518999901813,214.0458456723516,212.7466413758332,1.2992042965184396,2.109291044526142,-0.8100867480077025,51.55048181972264,0.0164506992245223,0.0196258846809849,0.014919224438911,0.0287796640449028,0.0137579949968978,-0.0721436541416109,0.9633542136998166
2015-11-23,0.0129446258268075,0.0249451221074281,-0.0169765041832002,0.0013396541638954,0.0208177026171294,0.018310888690403,-0.0013089330944083,1.0200316430383358,1.016915693151488,1.0115365300382766,214.6559001767855,213.1366086777101,1.5192914990753934,1.9912911354359928,-0.4719996363605991,51.60179042244879,0.0165111708549688,0.0189811460168267,0.015012919632557,0.0122673661645476,0.0039473260758634,-0.0711897677557983,0.9753500608795068
2015-11-24,0.0072873250599592,0.0129446258268075,0.0249451221074281,-0.0070106106558966,0.0430611657385178,0.0160646409752502,0.0126092087584248,1.0261821089839829,1.0301091437996317,1.025676335061005,215.66267490544715,213.7338921766268,1.9287827288203232,1.9787894541128588,-0.0500067252925355,52.07130998082801,0.0156383496836758,0.0187980129287938,0.0153638823812139,0.0212359360590331,0.0154249542967822,0.4101768681359343,1.2329769839592983
2015-11-26,0.0146264777343012,0.0072873250599592,0.0129446258268075,-0.0169765041832002,0.0840459956888188,0.028504501686674,0.0485760847832696,1.031627610548319,1.049349618441676,1.045344229992234,217.25130250037236,214.6416597392812,2.609642761091152,2.1049601155085176,0.5046826455826343,55.25091576049299,0.007046984497747,0.0197314401396538,0.0156625115519739,0.0239720752965535,0.0181770996071425,0.607830948382621,1.6395425986079806
2015-11-27,0.021649275528075,0.0146264777343012,0.0072873250599592,0.0249451221074281,0.0473923573554551,0.06101327269706,0.0420414128453143,1.0122518708724746,1.0329874356116653,1.0330364782410926,218.2579263156696,215.319637336357,2.9382889793126026,2.2716258882693348,0.6666630910432678,57.00934957636051,0.0118277247929316,0.0138262501036139,0.0158480132236791,0.0187937384478066,-0.0100606507635644,-0.5424706924707681,0.7637233873223981
2015-11-30,-0.0097102042963189,0.021649275528075,0.0146264777343012,0.0129446258268075,0.0213867286435338,0.0364931810351043,0.032178887426687,0.9957271675157678,1.0167264239210978,1.0188070006757568,218.68944379279617,215.74505604603368,2.9443877467624877,2.406178259967965,0.5382094867945217,57.81250053433803,0.0148768051652149,0.0148019578346043,0.0161409526107045,0.0228518638493642,-0.011650494312183,1.7469315628619673,1.6636089440929136
2015-12-01,-0.0122057026627939,-0.0097102042963189,0.021649275528075,0.0072873250599592,0.0127392444711778,0.0338221488912751,0.0264612371992016,0.9920097309897336,1.01210251787308,1.0162100504146998,219.01237519772056,216.1186443333501,2.8937308643704966,2.503688780848472,0.3900420835220246,53.73754742254937,0.0149416351281755,0.0148698009969152,0.0161414885175876,0.0181695479382801,0.0019709673729178,-0.5661188524227164,0.7024217296370093
2015-12-02,-0.0012407877069248,-0.0122057026627939,-0.0097102042963189,0.0146264777343012,0.0105921688036447,0.0541094456785467,0.0319193888885014,1.0022752367982486,1.0193669016033604,1.027253030487837,219.7093825478609,216.66859089929693,3.0407916485639817,2.6111093543915738,0.4296822941724079,54.54298157079192,0.0145350802799154,0.0146242042841826,0.016284608071915,0.0155427512518848,0.0121086674683339,-0.4165775454210219,0.4446083534776914
2015-12-03,0.0124754010046583,-0.0012407877069248,-0.0122057026627939,0.021649275528075,-0.0115814570559509,0.0714911635430732,0.0181287467275141,1.0038625625550872,1.0117093920799145,1.0255279836239437,220.27278142045563,217.1651008489584,3.107680571497241,2.710423597812708,0.3972569736845335,68.640882311268,0.0096801105944942,0.0126338132325603,0.016080370772369,0.0151964567217708,0.0023592176011398,0.5001258313717019,0.7810937767930911
2015-12-04,-0.0007669567509702,0.0124754010046583,-0.0012407877069248,-0.0097102042963189,-0.0138910299990038,0.0328429986987031,-0.0018093640108968,0.9945710160424291,0.9963775455705444,1.013289930295166,220.3362955356079,217.42588028006853,2.9104152555393625,2.7504219293580383,0.1599933261813242,60.983041811432,0.010166650791776,0.0122009613556731,0.0162529427575393,0.0153296171924031,-0.0070451559095007,0.1832779337396508,0.8929206895468402
2015-12-07,-0.0120241496732705,-0.0007669567509702,0.0124754010046583,-0.0122057026627939,-0.0155619599724481,0.0054919492559935,0.0007884425382853,0.98381748597123,0.9820213202792624,0.9991866559266068,219.91880693457685,217.4404535651676,2.478353369409234,2.6960082173682776,-0.2176548479590434,55.559049231421525,0.0105750871725593,0.0127807286573722,0.0161259627655588,0.0244209905458629,-0.0138794883692726,0.077376163445626,1.2101387977096918
2015-12-08,-0.0138794883692726,-0.0120241496732705,-0.0007669567509702,-0.0012407877069248,-0.02588261800002,-0.0134730985270985,0.0045910857558599,0.9773452106244384,0.9718083758916676,0.987261824285428,219.173438725291,217.2651543065788,1.908284418712185,2.538463457637059,-0.630179038924874,54.00305543554996,0.0111397175259803,0.0130880975388086,0.0159560969086756,0.0185991796856264,-0.0084307854693874,-0.4799633165328504,0.692360870483464
2015-12-09,-0.0117115861349045,-0.0138794883692726,-0.0120241496732705,0.0124754010046583,-0.0634490842354824,-0.0535289788424966,-0.0383242616941228,0.963800897221825,0.9510755161240771,0.96287378649416,217.66357572503588,216.679537633768,0.9840380912678768,2.2275783843632224,-1.2435402930953456,51.12390697867684,0.009181319108043,0.0139787648636828,0.0165352288276005,0.0334097562835021,-0.0216834242730455,0.2180322945703252,0.8192092857337387
2015-12-10,-0.0265703276404738,-0.0117115861349045,-0.0138794883692726,-0.0007669567509702,-0.0274764320996567,-0.0387396720371947,-0.011339425397446,1.0057358806198742,0.9907890604225028,0.9996634048856822,217.5974908516229,216.7206107014779,0.8768801501449843,1.9574387375195748,-1.0805585873745904,54.21166929488624,0.0247684637149171,0.0178001213847059,0.0186185143643863,0.0355658132753008,0.030189709513639,1.0265264754095056,1.470288360477619
2015-12-11,0.0376132979285925,-0.0265703276404738,-0.0117115861349045,-0.0120241496732705,-0.0129473071461073,-0.0266584857131383,0.0327282655254153,1.011162626104937,0.9962104346825928,1.0008086721125369,217.6330058933804,216.8026646215941,0.8303412717862955,1.732019244372919,-0.9016779725866236,51.735921013988666,0.0246481373723009,0.0177762203050035,0.0161127427734587,0.0168949139643744,0.0012607993114141,-0.023487802924699,1.336178384334188
2015-12-14,0.0027358263872345,0.0376132979285925,-0.0265703276404738,-0.0138794883692726,0.0032035919494695,-0.0124082221926643,0.0236321433436395,1.012788432366575,0.9997121561336232,1.0019065788645776,217.73866555611755,216.9150445534147,0.8236210027028505,1.5503395960389057,-0.7267185933360549,50.39486056486304,0.0238051487745515,0.0174900400153473,0.0159608155784019,0.0183227253710321,0.0079147174803086,-0.4181436790026258,0.8250700710902535
2015-12-15,0.0022561576754962,0.0027358263872345,0.0376132979285925,-0.0117115861349045,0.0371984303179746,0.0103530195558341,0.0445253298160008,1.027219917362311,1.0204156431262967,1.021497091731677,218.55953632618,217.3712875910524,1.1882487351276154,1.4779214238566474,-0.2896726887290319,52.30597104583402,0.0240916484439575,0.0189268229475225,0.0166055083125182,0.0249001344036098,0.0197492108999907,0.4879763155652741,1.088488452052845
2015-12-16,0.0217778323245367,0.0022561576754962,0.0027358263872345,-0.0265703276404738,0.068511861713064,0.0007157625926195,0.0548639377882904,1.0166841500117192,1.0232161818826533,1.021653972602785,219.35082714303573,217.84029789065903,1.510529252376699,1.4844429895606577,0.0260862628160414,46.86717337076456,0.0158615451418483,0.0185292450300614,0.0164599268599691,0.0143565114512747,0.0028178996961503,-0.2303921035359304,0.8051174194709076
2015-12-17,0.0028178996961503,0.0217778323245367,0.0022561576754962,0.0376132979285925,0.0624506511328613,0.0332582979577733,0.10712713591931,1.0361636016100206,1.0521050779524928,1.0487202464656071,221.11230455146892,218.80030769859923,2.3119968528697257,1.6499537622224714,0.6620430906472543,58.46451191391808,0.0136885651170405,0.0210180682734738,0.0169744722176613,0.0366445615178948,0.0302535124313698,0.6010986879923501,1.2758797172493437
2015-12-18,0.0317273616793862,0.0028178996961503,0.0217778323245367,0.0027358263872345,0.0408731038797813,0.0273966001037277,0.0611393853039863,1.0098244016663644,1.0307168133702986,1.0271837891524018,221.9768206105579,219.3878151976324,2.5890054129254736,1.837764092363072,0.7512413205624018,56.63457317754829,0.0191658888468206,0.0215453959106138,0.017042311632607,0.0191551485737414,-0.0118549454814289,-0.1731058630085385,1.085615566746192
2015-12-21,-0.0176289591707169,0.0317273616793862,0.0028178996961503,0.0022561576754962,0.0387394125975706,0.0420671098173648,0.0477900895058216,1.0024756330357214,1.0266519858038754,1.0249893642077843,222.71536732702253,219.9351899435543,2.780177383468242,2.026246750584106,0.7539306328841362,57.0467969496502,0.0193460901300506,0.0207721776722416,0.0168927778009377,0.0147666390213699,0.0042514563660487,-0.2300410854326376,0.8163154434351314
2015-12-22,0.0002016274756062,-0.0176289591707169,0.0317273616793862,0.0217778323245367,0.0116815335568856,0.0493144985868831,0.035176980961509,0.9953323439080384,1.0168025411043724,1.0182654720542177,223.171491704596,220.36074445005028,2.810747254545703,2.1831468513764256,0.6276004031692772,52.6168490049334,0.018156520796626,0.020290832311765,0.0169283966599673,0.0188392619533398,-0.005539863727636,-0.0610206045864141,0.8109469405186505
2015-12-23,-0.0048382184945552,0.0002016274756062,-0.0176289591707169,0.0028178996961503,0.0256986841257125,0.0959712105318051,0.0373049907912628,1.0068608621794175,1.0245209451634854,1.0333592553564122,224.137692593943,221.0341557859985,3.1035368079444936,2.3672248426900397,0.7363119652544543,56.84157717514702,0.0192557621832899,0.0171846608457515,0.0170173416489481,0.0168360083054512,0.0120992047969025,0.1157403868998039,0.8945056173669974
2015-12-24,0.016712241963855,-0.0048382184945552,0.0002016274756062,0.0317273616793862,-0.0090621038829382,0.0528226129617999,0.0120366102223175,1.0054464899704056,1.015998224264769,1.0293829908845689,224.8409541675311,221.602654825722,3.238299341809096,2.541439742513851,0.6968595992952453,59.44056094720703,0.0123344506518652,0.0143354603261118,0.0164013211128897,0.0108939648131461,-0.0033370235531957,-0.0787640852366432,0.9190847409058512
2015-12-28,-0.0032377373863606,0.016712241963855,-0.0048382184945552,-0.0176289591707169,0.018651079884725,0.0602865112901049,0.0320208784770443,1.0115835698750435,1.0200496911039263,1.0378431927234666,225.7824149446417,222.2958247807611,3.486590163880578,2.7304698267871963,0.7561203370933818,65.99944649487017,0.0092241577518469,0.0143730100099525,0.0163291975786034,0.0136084798956463,0.0097941780916733,0.0826809082298531,1.0456252259372516
2015-12-29,0.009844638608933,-0.0032377373863606,0.016712241963855,0.0002016274756062,0.0234855385672074,0.0631347671334092,0.0499431547220714,1.011868586027974,1.0188948195505398,1.0403981810452934,226.754868497329,223.02230909604617,3.732559401282828,2.9308877416863224,0.8016716595965052,71.14074661154613,0.0090112058027814,0.0143209745614849,0.0160075344502434,0.0113748318171843,0.0049485261317483,0.1573758520433326,1.1615086479332708
2015-12-30,0.0049485261317485,0.009844638608933,-0.0032377373863606,-0.0048382184945552,0.0174212260895338,0.0293062662835865,0.0399626941873632,0.9975867132756612,1.0050728804524085,1.0271985116220343,227.1943965973493,223.5104196183732,3.683976978976119,3.081505589144282,0.602471389831837,77.32880401659082,0.0107812315153404,0.0140883579404296,0.0162648968811651,0.0139372836192625,-0.0103448611501879,-0.4534208760033446,0.6706631502446679
2015-12-31,-0.0107347082655157,0.0049485261317485,0.009844638608933,0.016712241963855,0.0107590744195469,0.0367342526002525,0.0374763081967512,1.0054603419001809,1.0115400616129266,1.0355861266350308,227.921487343941,224.1333875318415,3.788099812099517,3.222824433735329,0.5652753783641882,73.3212215430272,0.0090078338917933,0.0142638101337447,0.0161923605896761,0.0203035816300406,0.0111619965750274,1.267492311334816,1.393167584216381
2016-01-01,0.0100547327759157,-0.0107347082655157,0.0049485261317485,-0.0032377373863606,0.0147919101006055,0.0055957603917085,0.0390401638158894,1.0032607209998188,1.0117179442853224,1.0343378742428646,228.5630945531965,224.72290950756448,3.840185045631984,3.3462965561146603,0.4938884895173232,72.9580551722851,0.0085756038110786,0.0103205300411546,0.0161824856979397,0.0105382003352053,0.0054961795728037,-0.7069548742722851,0.4524986679574127
2016-01-04,0.0007392523037981,0.0100547327759157,-0.0107347082655157,0.009844638608933,-0.0149446123418892,0.003427734384201,0.0309182427561145,0.9863928634097564,0.9914037689639058,1.0123736687770024,228.400900750992,224.92927434692024,3.471626404071742,3.371362525706077,0.100263878365665,63.06890955737238,0.0121228950416163,0.0107491572592934,0.0166219172457778,0.02722800017894,-0.0096517319548445,4.570128616639115,1.9556803841574664
2016-01-05,-0.0197469135709129,0.0007392523037981,0.0100547327759157,0.0049485261317485,-0.0100945847138467,0.0131538770947436,0.0557743325043773,0.9981826703714708,0.9999154185063684,1.0196390461459792,228.61005078569517,225.28713372689373,3.3229170588014085,3.361673432325144,-0.0387563735237348,60.2379956587872,0.0130918499257655,0.0111592224105118,0.0162995894770853,0.0129333566040111,0.0048485407430576,-0.5046148534880261,0.9684086387407722
2016-01-06,0.0098964997965462,-0.0197469135709129,0.0007392523037981,-0.0107347082655157,0.0275759197051483,0.0454775521264925,0.0970347533934525,1.0194366659981533,1.022258542343975,1.0422525306694483,229.7382826247048,226.0764984685503,3.6617841561544537,3.421695577091006,0.2400885790634479,66.0185384867291,0.0170188907573859,0.0134749349504215,0.0167657739709724,0.0368146202785948,0.0244144834221284,0.790407874516124,1.3969832630009242
2016-01-07,0.0269114364755655,0.0098964997965462,-0.0197469135709129,0.0100547327759157,-0.0013305357190908,0.0094142233676366,0.1062889283122505,1.0009879096441008,1.002552775105049,1.01811404980698,230.0265326761324,226.48652880117507,3.5400038749573355,3.445357236664272,0.0946466382930633,51.14480154060955,0.0196827194524906,0.0144809289820469,0.0160427421082085,0.0196890845579377,-0.0076391733267344,-0.2623302196154659,1.0171709673009506
2016-01-08,-0.0183588389603768,0.0269114364755655,0.0098964997965462,0.0007392523037981,0.01024274414763,0.025186163998851,0.0793391759535546,1.0112586582700631,1.0123964794088085,1.0267844733225606,230.7100188036325,227.07783722367196,3.6321815799605295,3.482722105323524,0.1494594746370063,61.30214980379538,0.0204754290589603,0.0148046207665958,0.0142489251798186,0.0157933273301036,0.0056372249384752,0.0796991156458759,0.9436448580553196
2016-01-11,0.0123365183210026,-0.0183588389603768,0.0269114364755655,-0.0197469135709129,0.0565658568241933,0.0407758896802796,0.1035206371039589,1.0253610046727968,1.033706530249276,1.047488592888197,232.19741083639693,228.0630394305556,4.134371405841336,3.6130519654270863,0.5213194404142492,66.96121015280673,0.0181631144535771,0.0163559947138326,0.015015463476862,0.0473563925845423,0.0350902945030887,0.3614306796459789,1.297976488411326
2016-01-12,0.0252010699085583,0.0123365183210026,-0.0183588389603768,0.0098964997965462,0.040093571501814,0.0295942588339617,0.0945974526073389,1.011415879599899,1.024634579508621,1.0366977056963202,233.23969994449936,228.8711320682228,4.368567876276586,3.7641551475969854,0.6044127286795997,66.44978155383802,0.0197412874117954,0.0166492951937855,0.0152028439388546,0.0232435544254086,-0.0090521274805905,-0.1944782136115029,0.9722473995744492
2016-01-13,-0.0058481915383818,0.0252010699085583,0.0123365183210026,0.0269114364755655,0.0432571157727803,0.0720258902291552,0.1034429664311098,1.0328703766604774,1.0479782033265614,1.062516649293994,235.2258684964574,230.1510330655564,5.074835430901004,4.02629120425779,1.048544226643214,69.05816788575402,0.0205214153808849,0.0178485663594305,0.0157934172899576,0.0395134466214382,0.0225524547334514,2.071971842151864,2.172598802466524
2016-01-14,0.0300348860195918,-0.0058481915383818,0.0252010699085583,-0.0183588389603768,0.0477670411026658,0.0463729496291926,0.0848106778749426,1.0089236240204005,1.028476461347267,1.0432470880222169,236.37193849489904,231.07875828190984,5.293180212989199,4.279669006004072,1.013511206985127,65.00490489230214,0.0191670080790635,0.0190062740266238,0.0163630738421001,0.0263269485543546,-0.0020679645454862,-0.6125031189784358,0.8026140746195763
2016-01-15,-0.0141152749624917,0.0300348860195918,-0.0058481915383818,0.0123365183210026,0.0463563048522228,0.0570738647700839,0.0629889968336745,1.0108592052895526,1.0339578791002482,1.051409620514962,237.75138147585207,232.1350219551827,5.616359520669363,4.54700710893713,1.0693524117322326,65.3115717359228,0.0191266174632034,0.0190445033662155,0.0151380476915415,0.0222677599366905,0.0033185001327896,0.0339331699180851,0.7956325662010448
2016-01-18,0.0109734864942527,-0.0141152749624917,0.0300348860195918,0.0252010699085583,-0.0330448943235615,0.0216517497395545,0.025153700570816,0.9640033252215244,0.977547680378242,0.9948951302532494,236.93344574023425,232.15722767660148,4.77621806363274,4.592849299876253,0.1833687637564871,50.28225784444473,0.0309155605298336,0.0256232265214098,0.0191529109388001,0.0745930816478362,-0.054093033893094,-0.052582204569783,0.7612146858219786
2016-01-19,-0.0525947955815754,0.0109734864942527,-0.0141152749624917,-0.0058481915383818,-0.0017695862562515,0.0382530362124688,0.0519100890440522,0.989710302875052,0.9995690048414564,1.018501591408126,237.18205531234963,232.6307225123336,4.55133280001607,4.584545999904217,-0.0332131998881468,57.169052985156334,0.0342050369481331,0.0266581663262865,0.019938973340861,0.0342084925686218,0.0141885167948331,-0.2115363793264192,0.6065738259414768
2016-01-20,0.0263067698375754,-0.0525947955815754,0.0109734864942527,0.0300348860195918,-0.0671402773909438,-0.0267874563702802,0.0174718678127967,0.9659227576207192,0.9647214732018822,0.9795661617092356,236.0191591074449,232.40794528775095,3.611213819693887,4.389879563862151,-0.7786657441682641,48.33416577281771,0.03272737842097,0.0282519379108491,0.0218305350171275,0.044696618712666,-0.0293265074070949,1.0993793892453063,1.499322367098168
2016-01-21,-0.0374185710829783,0.0263067698375754,-0.0525947955815754,-0.0141152749624917,-0.0729524766457681,-0.0286701594935819,-0.0195258434114037,0.9606637257476444,0.9478225527666132,0.9606402753412168,234.31952810894376,231.85710175659813,2.4624263523456307,4.004388921558848,-1.5419625692132168,45.151744543282696,0.0328773095346712,0.028377616163892,0.0220031074138839,0.049837436047417,-0.0327748509610825,-0.2958181371840035,1.0288155290550978
2016-01-22,-0.0202578474472155,-0.0374185710829783,0.0263067698375754,0.0109734864942527,-0.0644274351102078,-0.0210577480808006,0.0035980520214409,0.9935488461162136,0.9690509862898375,0.9799405766654052,233.58295444855332,231.6848571313987,1.898097317154651,3.5831306006780084,-1.6850332835233577,51.37786286119312,0.0348865482005968,0.0289449245115003,0.0224860001394026,0.0168799321606454,0.0101604333377609,-0.2545269909277454,0.7930725039849447
2016-01-25,0.0202703032664177,-0.0202578474472155,-0.0374185710829783,-0.0525947955815754,-0.012686203701777,-0.0453118837646462,-0.0063836264579594,0.9958932349689558,0.9733338017195382,0.9800538520680862,232.9526666848336,231.521985046434,1.4306816383996477,3.152640808222336,-1.7219591698226884,49.807389158761225,0.0268699161083553,0.0273903245746741,0.0223763769507554,0.0186762280911726,-0.005990060561534,-0.4468708060010856,0.484614885300306
2016-01-27,-0.0001991677500345,0.0202703032664177,-0.0202578474472155,0.0263067698375754,-0.0424013088753733,-0.0440958623581919,-0.0158065878883654,1.0001100938857674,0.9732238225941938,0.9763281944022834,232.25757963025583,231.2932899192965,0.9642897109593208,2.714970588769733,-1.7506808778104124,44.3175931787146,0.0217169104833752,0.0273852205757294,0.0223651296750698,0.0130584495437416,-0.0086797116284857,0.316916196600131,0.6588582347146894
2016-01-28,-0.0045819037740367,-0.0001991677500345,0.0202703032664177,-0.0374185710829783,0.0122940437999894,-0.0556716591019421,0.0123444303198616,1.015164050303039,0.9961306614657596,0.9928724674351156,232.28660246057703,231.3786927421148,0.9079097184622356,2.353558414708234,-1.4456486962459985,50.634445083914976,0.016718030982561,0.0258984485364709,0.0225813305706403,0.0242895374145408,0.0158840626410429,0.3375801720338058,1.0596701168513034
2016-01-29,0.0175613816063255,-0.0045819037740367,-0.0001991677500345,-0.0202578474472155,0.052021956985665,-0.0247256502621669,0.020500698032869,1.0231730674646415,1.0168675794182709,1.0099098624526512,232.96174336057243,231.7710131545913,1.1907302059811684,2.120992772962821,-0.9302625669816528,51.64311095036761,0.0116845773444131,0.0266941505772477,0.0228277359073055,0.0212478016836596,0.0161440683906625,-0.16890712844707,0.9958537586255876
2016-02-01,0.0181925528286297,0.0175613816063255,-0.0045819037740367,0.0202703032664177,0.0260419145737875,-0.0400633342977685,0.0147239611483658,1.0128984051940126,1.0161501101831425,1.0042032681261843,233.35366697066465,232.04791935248613,1.3057476181784864,1.9579437420059544,-0.6521961238274678,46.09747321471595,0.0117151034577662,0.0262945096825107,0.0228697103165523,0.0157721091172447,-0.0092792845705683,-0.4827801693086719,0.600985526179413
2016-02-02,-0.0049256211859477,0.0181925528286297,0.0175613816063255,-0.0001991677500345,-0.0027889704513417,-0.0154397927058549,0.0058776585060018,0.9847829348096916,0.9889317736970578,0.9755135332135298,232.66018806396983,231.8107441469056,0.8494439170642636,1.736243777017616,-0.8867998599533524,42.51436311294065,0.0192630875480493,0.0220625275433347,0.0233521284941297,0.0422514053030292,-0.0282927011946223,0.4892190181301001,0.8772281804435035
2016-02-03,-0.0282927011946223,-0.0049256211859477,0.0181925528286297,-0.0045819037740367,-0.0179616971562431,-0.0596014065625687,-0.0236283051136518,0.968776831684395,0.9754158148851816,0.9573770081015062,231.37885570181464,231.2567281145393,0.1221275872753153,1.413420539069156,-1.2912929517938407,33.210205843424475,0.0211788041311857,0.0203937382116765,0.0236657914112638,0.0193600902094174,-0.0066801741705876,0.0622965012034502,0.9494638497221012
2016-02-04,-0.0197273507091609,-0.0282927011946223,-0.0049256211859477,0.0175613816063255,-0.043121203949481,-0.0313572941195546,-0.0573047683417173,0.9689224127037876,0.9701541157306868,0.9519779947240594,230.00101125865683,230.60236801874296,-0.6013567600861336,1.0104650792380985,-1.6118218393242318,34.03029330987249,0.0176277985446756,0.0172405645452736,0.0227817118527392,0.0362776772940112,-0.015131552899458,0.160106396605852,1.1704729758412
2016-02-05,-0.0085082150875359,-0.0197273507091609,-0.0282927011946223,0.0181925528286297,-0.0622947308618662,-0.0135134676855308,-0.0417961939052572,0.9793616945459632,0.9692958313079828,0.9518464358724738,228.7595344101195,229.96007496129263,-1.2005405511731624,0.5682639531558461,-1.7688045043290086,30.888403109992765,0.0109609779918854,0.0161487611593334,0.0224816235206025,0.021217371766105,-0.0083750041589009,0.15351863107143,1.3192644820449158
2016-02-08,-0.0022095528447613,-0.0085082150875359,-0.0197273507091609,-0.0049256211859477,-0.0672133957966699,-0.0429218467344333,-0.0630757573795375,0.983161313645022,0.9636084074551434,0.9451874257457792,227.36266305555785,229.1985783423428,-1.8359152867849104,0.0874281051676948,-1.9233433919526053,37.39269400745479,0.0102575346565882,0.0144184231750315,0.022294113939661,0.0279382285402314,-0.0103490683927464,-0.4248081901843588,0.7387850870021924
2016-02-09,-0.0101452116219626,-0.0022095528447613,-0.0085082150875359,-0.0282927011946223,-0.0435998827816745,-0.0462672544482563,-0.0894826817572338,0.988356477231065,0.964541146235334,0.9460737945671178,226.055852269216,228.43337942397187,-2.377527154755853,-0.4055629468170147,-1.9719642079388384,28.268550284183743,0.0069063687457367,0.0143506187009069,0.0212827302089963,0.0196344626258709,0.0048273715539832,0.6230597336834984,1.1321647625239863
2016-02-10,-0.0036939099558654,-0.0101452116219626,-0.0022095528447613,-0.0197273507091609,-0.0191053593402326,-0.0367238918179453,-0.0792003824972761,0.9975337289396154,0.9733273860160114,0.9550691282961696,225.13119703729336,227.81206193047163,-2.680864893178267,-0.8606233360892652,-1.8202415570890016,37.24116650798078,0.0061075706713891,0.0146960739414767,0.0213919344582905,0.0252948011318011,0.0115056786996698,-0.1387581213838716,0.9618263518253792
2016-02-11,0.0053785761459042,-0.0036939099558654,-0.0101452116219626,-0.0085082150875359,-0.0498432944893922,-0.0908151955716821,-0.1414310220644813,0.9677807634938096,0.9436157565237344,0.9242519363179746,223.0089480114237,226.59165574074345,-3.582707729319708,-1.4050402147353538,-2.1776675145843543,33.608138569051206,0.0174057377747276,0.016531712829702,0.0212430491018161,0.0545671188926852,-0.0397777189864823,0.0137107268403486,0.9872629321486416
2016-02-12,-0.0395782290546474,0.0053785761459042,-0.0036939099558654,-0.0022095528447613,-0.0662787444625966,-0.124444658776303,-0.1460933339285725,0.9618975687521126,0.9375743131994172,0.913338373455136,220.5801985352071,225.15687208705987,-4.576673551852764,-2.039366882158836,-2.537306669693928,22.888874219536888,0.0171720489842169,0.0135874413968419,0.0213657866220661,0.0505212397829653,-0.0292858132834357,0.7131021962060629,1.5431416323361309
2016-02-15,-0.0194689531971993,-0.0395782290546474,0.0053785761459042,-0.0101452116219626,-0.0148796202526371,-0.0810929062439624,-0.1179073883297014,1.0076096031424344,0.98768455592459,0.959959010433962,219.9388014611308,224.5090384179229,-4.570236956792144,-2.545540897085498,-2.024696059706646,36.99998755952085,0.0313070988982145,0.022738829869352,0.0240328991791751,0.0352257560768143,0.0313180626688476,-0.3422960615438389,0.943377893794234
2016-02-16,0.0443439294529968,-0.0194689531971993,-0.0395782290546474,-0.0036939099558654,-0.0281461784180844,-0.0705188911199784,-0.0848698867650941,0.9960822915559712,0.9779873041027876,0.9476793371227694,218.82638340656376,223.63489365410976,-4.808510247545996,-2.9981347671775977,-1.8103754803683985,35.14680217266931,0.0319914415445776,0.0218999182931422,0.0215966002005238,0.0333136131561201,-0.0216065066223166,-0.3245603513424389,0.6810309578920047
2016-02-17,-0.017111105423438,0.0443439294529968,-0.0194689531971993,0.0053785761459042,-0.0104399112732707,-0.0293458123571473,-0.0871981672265088,1.0218837220922945,1.0042008610720208,0.974651495629374,218.66053008124504,223.19885240506403,-4.5383223238189885,-3.306172278505876,-1.232150045313113,36.382888067637104,0.0344708233238991,0.023367574327118,0.0214095344803688,0.0430926210315018,0.0187146140220615,0.1855962937325372,0.8197822833388425
2016-02-18,0.0236956329455939,-0.017111105423438,0.0443439294529968,-0.0395782290546474,0.0168190187632566,-0.0338625910313752,-0.0641580459243088,1.005121321914071,0.9944780836642968,0.9650440013220932,218.08061041429863,222.58345980069583,-4.502849386397173,-3.545507700084136,-0.9573416863130376,29.291608862678544,0.0287429549394813,0.0235392600246066,0.0200815553679315,0.034783534875134,-0.0237291134070303,-0.0653490194189035,0.7886661709824291
2016-02-19,-0.0131219580732225,0.0236956329455939,-0.017111105423438,-0.0194689531971993,0.041696531778713,-0.0273458064586215,-0.040489737472239,1.0015696449612992,1.001787455750882,0.9713935689386114,217.73936547525992,222.08561228290705,-4.3462468076471055,-3.70565552159673,-0.6405912860503755,31.254069290036284,0.0257631563031927,0.0236663142985979,0.0197297977037296,0.0163075433636206,0.0046275984792073,-0.2908306448925306,0.7066844437227204
2016-02-22,0.0045207376216884,-0.0131219580732225,0.0236956329455939,0.0443439294529968,0.0164246362069222,0.0013006236047383,-0.0416770482967167,1.0172519381336689,1.0206938955316056,0.9919928196107528,218.08186177609133,221.9285737012594,-3.84671192516808,-3.733866802311,-0.1128451228570797,41.09148073767484,0.0183742546933961,0.0244063947045324,0.0196570841557355,0.0251481287890638,0.0192776352379029,0.2476996978067418,0.9688599611743915
2016-02-23,0.0190078071553598,0.0045207376216884,-0.0131219580732225,-0.017111105423438,0.020525483540682,-0.0081984087992557,-0.0540863453815261,0.9998420905757156,1.0081156918623468,0.9817000740241404,217.92680925449915,221.56897715936924,-3.642167904870092,-3.715527022822819,0.0733591179527266,42.474521521031846,0.0173231929997895,0.0247628434406669,0.0198092082936283,0.0257462957510046,-0.0139652690469527,0.4869652992122519,1.3210942422853074
2016-02-24,-0.0131455607493654,0.0190078071553598,0.0045207376216884,0.0236956329455939,5.248643078603621e-05,-0.0103879727961651,-0.0467303778249363,1.002990070758814,1.0123750688718258,0.987184172540523,217.9011102345762,221.28681334200857,-3.385703107432363,-3.649562239744728,0.2638591323123651,45.03890131504402,0.0135708288938517,0.0247137193643692,0.0198438444139361,0.0173725872924756,0.008201903976586,-0.2002962434491761,1.0602608390944883
2016-02-25,0.0031590387372899,-0.0131455607493654,0.0190078071553598,-0.0131219580732225,0.0042548160561242,0.0211453966504631,-0.0715901222534716,0.99315175028639,1.0012089387076415,0.9820283693986124,217.57868929779644,220.88078080893445,-3.302091511138002,-3.5800680940233827,0.2779765828853806,43.679231499744304,0.0126579812841704,0.0209880667020532,0.0193333391440018,0.0166296154124357,-0.0105848307342131,0.6348363290786823,1.5136674888255948
2016-02-26,-0.0089749889006485,0.0031590387372899,-0.0131455607493654,0.0045207376216884,0.006353607601907,0.0483150627819024,-0.08214214749605,0.9984660820767912,1.0031773185380868,0.9929215093387208,217.525663874728,220.61065067848384,-3.084986803755868,-3.48105183596988,0.396065032214012,47.43281295895253,0.0128410459906316,0.0195553357307342,0.0188152163868783,0.0152049825770096,-0.0027806833218608,-0.6636961322446351,0.5210353282885597
2016-02-29,0.0066200849167941,-0.0089749889006485,0.0031590387372899,0.0190078071553598,0.0045204296853456,0.0210193123053485,-0.0617781110607039,1.0146638977646258,1.0182444460867304,1.0133210349708537,218.0540125739886,220.63652325192373,-2.582510677935147,-3.3013436043629336,0.7188329264277864,52.06873455101069,0.0122138279037923,0.0147648264231373,0.0194032074964312,0.0616562724650451,0.0161358456460232,2.7167156402338755,1.5770923598042232
2016-03-01,0.0171515782962687,0.0066200849167941,-0.0089749889006485,-0.0131455607493654,0.0333280308963139,0.0545375883866019,-0.0198272329907575,1.023242710686034,1.0281798475366974,1.0297497097512154,219.01626756936653,220.9085341254068,-1.8922665560402836,-3.019528194698404,1.1272616386581205,54.04292561456781,0.0104755593103653,0.0135568537332578,0.0188472421778616,0.0207887693122848,0.0172074158063134,-0.4698052061988338,0.8582950760144887
2016-03-02,0.0151554158152535,0.0171515782962687,0.0066200849167941,0.0031590387372899,0.0512780230597436,0.0513332008909379,0.0204809740527533,1.0337744533970854,1.0439958629843082,1.0498398867827838,220.540850390726,221.50242462783615,-0.9615742371101704,-2.6079374031807574,1.646363166070587,68.08461904361468,0.0118446315733243,0.0131192057576823,0.0188757704110954,0.018472297818728,0.0086615186459438,0.2220101120803792,0.997637768911107
2016-03-03,0.0205849638507205,0.0151554158152535,0.0171515782962687,-0.0089749889006485,0.0728207219659788,0.0773853767991425,0.040902316401409,1.0308591252967174,1.047880672930109,1.0595275034549334,222.2300237606023,222.24450260317585,-0.0144788425735384,-2.0892456910593133,2.074766848485775,75.78847882922679,0.0053866115782115,0.0115288906882775,0.0188610133341028,0.0202399326273653,0.0028218339825743,-0.2101618887567059,0.8647474156153164
2016-03-04,0.0113330104623787,0.0205849638507205,0.0151554158152535,0.0066200849167941,0.0589782750140146,0.0657066074323984,0.0365640008038778,1.0127397502156597,1.0345660633678508,1.0508290560472002,223.4324988836707,222.8223996000181,0.6100992836525734,-1.5493766961169362,2.1594759797695096,67.30492374727666,0.0105725284650455,0.0123321125943415,0.0189346746726563,0.0114268737784637,-0.0074950528806393,-0.4340428069490938,0.4860315741472081
2016-03-08,-0.0063681850158631,0.0113330104623787,0.0205849638507205,0.0171515782962687,0.0624321257828452,0.067234775502899,0.0686228462437157,1.0210676068930409,1.0487671758055153,1.068659017648146,225.1744111460086,223.70629063622917,1.4681205097794532,-0.9458772549376584,2.413997764717112,77.28430124745532,0.011101145763361,0.0125048563571027,0.0191402926314258,0.0227848099620282,0.0193548835933472,0.471238676140397,0.8856627593488576
2016-03-09,0.020469011565303,-0.0063681850158631,0.0113330104623787,0.0151554158152535,0.061551018064742,0.0969304231928174,0.087937339159142,1.0233915141097307,1.0538722207964717,1.079227434674994,227.1652858998378,224.773609629538,2.391676270299854,-0.2783665498901559,2.6700428201900097,76.29870385753297,0.0110520487580384,0.0105495645342969,0.0192076044115597,0.0242872351244409,0.0212744917616686,-0.103463111566345,0.8461503158083469
2016-03-10,0.01431351613033,0.020469011565303,-0.0063681850158631,0.0205849638507205,0.0102346226708998,0.0620374569479698,0.0510050407366857,0.9919700962168216,1.0174886205216112,1.0455391979493245,227.7966307937029,225.2547517095693,2.5418790841335976,0.2856825769145947,2.256196507219003,69.17312143612232,0.0199705401507961,0.0160305906282236,0.0205828021741028,0.0364714764614688,-0.0290773034359119,0.746649170667895,1.4653686898468483
2016-03-11,-0.0287510931514682,0.01431351613033,0.020469011565303,0.0113330104623787,0.0016290200057655,0.0745683683846611,0.0972905427621959,0.9943446123196265,1.0130816592195615,1.0435310073626558,228.42755356146853,225.74681667805896,2.680736883409565,0.7646934382135889,1.9160434451959767,68.92365294100058,0.0193474158499094,0.0152099414810008,0.0180251073775897,0.0186791464965981,-0.0003941820233002,-0.2601766230876099,1.0927975567060004
2016-03-14,0.002718051268876,-0.0287510931514682,0.01431351613033,-0.0063681850158631,0.0132651229724636,0.073025752057243,0.1248690586344869,0.996881561202161,1.011315649195875,1.0428597961344193,229.14603794068373,226.2913267038596,2.8547112368241585,1.182696997935703,1.6720142388884556,66.63770718210677,0.0190123168279143,0.0152242159450412,0.0170967141239559,0.0131894580955548,0.0006378650111783,-0.2244884863572426,0.8138903695150566
2016-03-15,0.0051750129937913,0.002718051268876,-0.0287510931514682,0.020469011565303,-0.0063291283225193,0.0557078565247988,0.0778981096643036,0.9988841527395066,1.0066832724510766,1.0397059684557113,229.78036049157612,226.80820135701697,2.9721591345591776,1.5405894252603978,1.4315697092987798,72.03730734332596,0.0162746929398276,0.0149111449637567,0.0145446822062657,0.012493846290106,-0.0034179365691832,-0.1171966217441864,0.7464811081727512
2016-03-16,0.0007354533898313,0.0051750129937913,0.002718051268876,0.01431351613033,-0.0191514177630649,0.0412208110409773,0.0980064830530937,1.0040288670686268,1.0039104774200125,1.0361656218530015,230.3610520077459,227.3079535043994,3.0530985033465186,1.843091240877622,1.2100072624688964,71.7295390339348,0.0140660078851292,0.0145592327527928,0.0137071163802235,0.0199167647257321,0.0007345530073325,0.0549535326228942,0.7964685955964755
2016-03-17,0.0012248548260849,0.0007354533898313,0.0051750129937913,-0.0287510931514682,0.0042006546785009,0.014478269465006,0.0665546862709443,0.9975454143567468,0.9968407197345672,1.0270328993118287,230.65019924243165,227.67332798801448,2.976871254417148,2.0698472435855275,0.9070240108316204,73.0153683230745,0.0040096068043978,0.013598127289969,0.0131330305595651,0.0245078979040498,-0.0107108275458941,0.5214028144465777,1.2833147869040664
2016-03-18,-0.0056275700692481,0.0012248548260849,0.0007354533898313,0.002718051268876,0.0125185201415771,0.0141679330670958,0.0926497007051008,1.0060330753347786,1.0064125621550493,1.0338034329213026,231.28872919296495,228.20127731637623,3.087451876588716,2.273368170186165,0.8140837064025508,73.84424645912998,0.0061360591408617,0.013573656320351,0.0126437920317312,0.0140673561913439,0.008789601555545,-0.1664598407520657,1.091123990504664
2016-03-21,0.0110236362224356,-0.0056275700692481,0.0012248548260849,0.0051750129937913,0.0172100675484645,0.0307034841833229,0.0984275133977616,1.0124444848458614,1.013240596031697,1.039108039469088,232.18420612076,228.8611330132101,3.323073107549959,2.483309157658924,0.8397639498910352,72.79767466807279,0.0069429509488842,0.0134979696955608,0.0126995571350366,0.0180757731561032,0.0090957735924043,-0.0942845827080205,0.9756833455799768
2016-03-22,0.0098325339495752,0.0110236362224356,-0.0056275700692481,0.0007354533898313,0.0268006085484333,0.0203018557352894,0.0889016219508429,1.0173103683391174,1.0214655705989435,1.045197833312921,233.3129266071395,229.6507445886928,3.662182018446714,2.719083729816482,0.9430982886302322,72.05834326784957,0.0072979926753088,0.0123724444507608,0.0123268057060127,0.0158419559207886,0.0104628971664277,0.2065905502281462,1.0957213845705982
2016-03-23,0.0101706671200576,0.0098325339495752,0.0110236362224356,0.0012248548260849,0.0072914654280791,-0.011999594235504,0.0837677032099237,0.9977605767200596,1.004509185992633,1.0225381843286143,233.61213982142573,230.0660829524933,3.5460568689324248,2.884478357639671,0.6615785112927539,59.27662706151986,0.0128309956198882,0.0129964349091344,0.0127120574512933,0.0238048662537773,-0.016907023390728,0.0960599714010721,1.109890254452063
2016-03-28,-0.0177983506783134,0.0101706671200576,0.0098325339495752,-0.0056275700692481,0.0043307165767614,0.008549563100112,0.0711174132008287,0.988386166979642,0.9950801883048126,1.010394572106317,233.5558532112785,230.30165287123225,3.2542003400462534,2.9584227541209875,0.2957775859252658,52.57239655782581,0.013296187880477,0.0092585257796992,0.0130238521116223,0.0157291351291519,-0.0093203818056441,0.0752017151589885,1.1741682720242614
2016-03-29,-0.0085503457808919,-0.0177983506783134,0.0101706671200576,0.0110236362224356,0.0088103668500467,0.021439179746491,0.0976062327843534,1.0019822164652672,1.0083980597688866,1.0214290814885247,234.0656179065385,230.78814700895347,3.277470897585061,3.0222323828138027,0.2552385147712588,59.55812130161071,0.0142689062799354,0.010360875633039,0.0129388456124031,0.0210373738651698,0.0121606229552257,-0.1216912448312805,1.0071947769406175
2016-03-30,0.0155331391516488,-0.0085503457808919,-0.0177983506783134,0.0098325339495752,0.0093993917446313,0.0267712234599353,0.1017519642438327,1.0105196828820011,1.016208062940665,1.0271791959876737,234.8767555663499,231.42147039312823,3.4552851732216823,3.108842940895379,0.3464422323263032,56.85000581558439,0.0143536835526792,0.0106584574795617,0.0129956164673922,0.0086433399620637,0.0041718707016495,-0.0893411672048515,0.897334459905046
2016-03-31,0.0104221556677928,0.0155331391516488,-0.0085503457808919,0.0101706671200576,-0.0025290431611515,0.0242037854915178,0.0812599830258349,1.0092504655463477,1.011986568222532,1.0214287645258753,235.49804403540907,231.97655633550644,3.5214876999026217,3.191371892696828,0.3301158072057939,51.31084906297211,0.0136196360820269,0.0107386888231055,0.0127458965782926,0.0222923879112057,0.004034531128514,1.1333094725672916,1.6053265958938403
2016-04-01,-0.0017668822236626,0.0104221556677928,0.0155331391516488,-0.0177983506783134,0.0051010335029721,0.0124296929404854,0.0541628660054598,0.997858537331879,1.0003481351562282,1.008304664070384,235.64570964279204,232.30850553164657,3.337204111145468,3.2205383363865563,0.1166657747589114,59.93002239143313,0.011469327562338,0.0114756990106951,0.0128422079911525,0.0205906455153141,-0.0044750273060244,-0.5984504959224507,0.6757568769066101
2016-04-04,-0.0102850753968919,-0.0017668822236626,0.0104221556677928,-0.0085503457808919,0.0143570978674119,0.0187499909659021,0.0334997278525788,0.995623313016112,0.9990878207886124,1.0072425396068372,235.7917568484382,232.6260248611166,3.1657319873216068,3.2095770665735666,-0.0438450792519597,59.16184836915957,0.0102125825534899,0.0112247544363785,0.0121371841702206,0.0163276996516911,-0.0047596081142801,-0.3027633373275882,0.5252770066710537
2016-04-05,0.0005800018236372,-0.0102850753968919,-0.0017668822236626,0.0155331391516488,-0.0089746698353746,-0.0002433731189356,0.0139211118541009,0.9896024314855588,0.9912932005089,0.9986750319859008,235.63048652650295,232.78287485331973,2.8476116731832235,3.137183987895498,-0.2895723147122746,53.13043644830019,0.0081140127112507,0.0111074709431094,0.0120944512608073,0.0196698550131142,-0.0042662606446163,0.1884638499227575,0.6700312730612148
2016-04-06,-0.0078256793029,0.0005800018236372,-0.0102850753968919,0.0104221556677928,-0.012702311011054,-0.0034223132636778,0.0271760939784835,0.998715098908608,0.9981991568468626,1.0039527077464914,235.7331604180085,233.0432446287249,2.689915789283674,3.047730348173133,-0.3578145588894594,55.472959596421816,0.0067489018030621,0.0108357376805175,0.0120401021442244,0.013639659571599,0.0015987013769022,-0.3186037909273312,0.5058649244936586
2016-04-07,0.0066215553020478,-0.0078256793029,0.0005800018236372,-0.0017668822236626,-0.0076061747112031,-0.0101159815282189,0.0099805010094637,1.0036381447406,1.0026049749827333,1.0068506539553654,235.9431204137957,233.3435894999767,2.5995309138189957,2.958090461302306,-0.3585595474833107,56.28549850169318,0.0072689026965285,0.0103075061125468,0.0111930607066681,0.0249698682905783,0.0022707505603343,0.2572505132116141,0.933961705368632
2016-04-08,0.003385699499103,0.0066215553020478,-0.0078256793029,-0.0102850753968919,0.001836736972206,0.0069471397320095,-0.0051358173613759,1.0023987632496425,1.0010432215043203,1.006238334860842,236.0891297957478,233.6064481589773,2.482681636770536,2.863008696395952,-0.380327059625416,58.59013880513746,0.0054065018563108,0.008461018218082,0.0107156030401556,0.0224344452670622,0.0004344569327006,0.5259418900298014,1.3946239103311369
2016-04-11,-0.0008676542213224,0.003385699499103,0.0066215553020478,0.0005800018236372,0.005072203131136,0.0195021231153051,0.0282184208475775,1.0051984372759988,1.002930772795144,1.008675474002806,236.3515828214621,233.916716774082,2.434866047380126,2.777380166592787,-0.342514119212661,55.890278727426335,0.0056252794227758,0.0078352456968255,0.0083657570551819,0.0120158073548886,0.0031822301333986,-0.2313934078112985,1.035817303982158
2016-04-12,0.0038114093132313,-0.0008676542213224,0.003385699499103,-0.0078256793029,0.0199132873769434,0.0107599023620237,0.0324297655893088,1.0080749698152505,1.008691442229244,1.013942405256679,236.8233415452937,234.3242203112883,2.499121234005372,2.7217283800753043,-0.2226071460699321,54.66727950249246,0.0031204911007502,0.0065352818457356,0.0084491386154188,0.0185221005399509,0.0068249523971103,0.0830876993927549,1.1018333672950331
2016-04-13,0.0068249523971102,0.0038114093132313,-0.0008676542213224,0.0066215553020478,0.0312454132008248,0.0181462132336249,0.0454032330229894,1.0196849144342777,1.0247770824144546,1.0296890790299198,237.87837997041677,235.01732186664424,2.861058103772507,2.749594324814745,0.1114637789577619,57.82458138204041,0.0070474612388289,0.0079670977967646,0.0091693568411954,0.0162750086350033,0.0128259450727244,0.4365198879806722,1.3429762996557666
2016-04-18,0.0178059983943148,0.0068249523971102,0.0038114093132313,0.003385699499103,0.0265124290405323,0.0187045961620284,0.0433611036867573,1.0131117168509507,1.0216075262063138,1.0262403425143198,238.7253894596435,235.6370714802551,3.088317979388421,2.8173390557294806,0.2709789236589404,67.96365132799495,0.0077698131971445,0.0079414872148353,0.0091968699226864,0.0107067467231249,-0.0009851473797139,0.1887437149835689,1.3620464177131253
2016-04-20,-0.0012194202537724,0.0178059983943148,0.0068249523971102,-0.0008676542213224,0.0009166525710908,0.0027550731929648,0.0152190108472676,0.9868145742339332,0.994997669254392,0.9990344739352002,238.47676480794956,235.7461276093942,2.7306371985553426,2.7999986842946534,-0.0693614857393107,57.18538112442847,0.01615454060027,0.0113569273064134,0.0111229214677422,0.0321990254708789,-0.0298354137488167,0.1375357736368254,1.385537585875099
2016-04-21,-0.0257807166085387,-0.0012194202537724,0.0178059983943148,0.0038114093132313,0.0008171128874756,0.005893460581158,0.0247539538797147,0.9903170490780951,0.9981066662828731,1.001529507422401,238.40178251177463,235.9122944444622,2.489488067312436,2.7378965608982098,-0.2484084935857735,52.32007737384082,0.0161491588210006,0.0114075387183441,0.0110339190797538,0.0163280816820193,-0.0002400546080967,-0.4752521378938169,0.7172309075372293
2016-04-22,0.003711581750331,-0.0257807166085387,-0.0012194202537724,0.0068249523971102,-0.0080675573160547,0.0116850784736239,0.0114388615206952,0.9898155664115053,0.9948531473294664,0.9988487313438358,238.26096919791388,236.02890196499683,2.2320672329170463,2.636730695301977,-0.4046634623849305,45.82475110092292,0.0157312434885908,0.0110742857056848,0.0108122350961231,0.0175176361474604,-4.812182261049773e-05,0.0285035266293443,0.7326855026972642
2016-04-25,-0.0021130518991243,0.003711581750331,-0.0257807166085387,0.0178059983943148,-0.0461047807235168,-0.0162999304469316,-0.0196664602424438,0.9779671020963356,0.9753126482050848,0.9786094324153416,237.3663936332108,235.76351871035587,1.6028749228549088,2.4299595408125634,-0.8270846179576545,37.926609496817086,0.0132290146817517,0.0129127137437418,0.0116201067487232,0.0316157130594772,-0.0263775343280688,4.224868811312551,2.446360903221196
2016-04-26,-0.0212233875602637,-0.0021130518991243,0.003711581750331,-0.0012194202537724,-0.0448932033722017,-0.019571002200477,-0.0294890038319471,0.9870904912889652,0.9772633169510831,0.9801148093509008,236.6112033604632,235.5186400548,1.0925633056632194,2.1624802937826946,-1.0699169881194752,41.78401342848949,0.0134339127580159,0.012813260135742,0.0113280264888263,0.0161266532955634,0.0015264484693641,-0.5678499450533854,0.9983808008942364
2016-04-27,4.91676423612919e-05,-0.0212233875602637,-0.0021130518991243,-0.0257807166085387,-0.0172563614451892,-0.0163555269621847,-0.0095220113613722,0.9929188349380736,0.9812159629512086,0.9829402620682788,236.0583543721648,235.33338412011284,0.7249702520519463,1.874978285436545,-1.1500080333845988,42.77801873912595,0.0101924180753318,0.0128843006824368,0.0106739479869367,0.0097606274147412,0.0014735801248865,-0.4512652200767362,0.5792936788080355
2016-04-28,0.0024091616672721,4.91676423612919e-05,-0.0212233875602637,0.003711581750331,-0.0426931759137344,-0.0419109481705052,-0.0232261775263005,0.9792882811510548,0.9634094121762484,0.9621515625308504,234.79227791827404,234.7774932535767,0.0147846646973448,1.502939561288705,-1.4881548965913602,37.69823904547741,0.0120856205888103,0.0142413815832885,0.0116222246158947,0.0283435286818185,-0.0170611184758969,3.271569088692191,1.7624839196793012
2016-04-29,-0.0222679558251638,0.0024091616672721,4.91676423612919e-05,-0.0021130518991243,-0.0541411977641872,-0.0617719678641195,-0.0516767258450238,0.9763246252754596,0.95585483590176,0.9510951277125306,233.22864941191696,234.02573024419715,-0.7970808322801872,1.0429354825749269,-1.840016314855114,30.387992825566613,0.0116474591333445,0.0139762180768456,0.0112695879474723,0.020046849231581,-0.010820837229179,-0.6209839143090418,0.6260642504047103
2016-05-02,-0.0140463540533676,-0.0222679558251638,0.0024091616672721,-0.0212233875602637,-0.0294522055068282,-0.0741990987536288,-0.0573993181877299,0.9864173616754044,0.9674320839478616,0.9579946409789634,232.0550378024213,233.40161496316,-1.346577160738633,0.565032953912215,-1.911610114650848,30.78686362692933,0.0116539136958713,0.0118907157625417,0.0109777862449325,0.0145903941532909,0.0081205724487069,-0.5476568249652465,0.3876755572394492
2016-05-03,0.0043248318453046,-0.0140463540533676,-0.0222679558251638,4.91676423612919e-05,-0.0404640960933996,-0.083540736570408,-0.0663987361490073,0.9833620578623088,0.9649157606597708,0.9503727871931686,230.6698732013577,232.63493740259315,-1.9650642012354356,0.0590135228826849,-2.0240777241181203,28.55118049909973,0.0113038063466658,0.0117141416153343,0.0111320726096387,0.0227505303257971,-0.0123481638861826,0.6544615494413688,0.6857348635388547
2016-05-04,-0.0112974472052054,0.0043248318453046,-0.0140463540533676,0.0024091616672721,-0.0405139870239414,-0.0570712244654598,-0.0544733866731094,0.9939535554127448,0.9728853442839192,0.9552340958862292,229.57869416617288,231.9639945929682,-2.385300426795311,-0.4298492670529143,-1.9554511597423967,27.70611119884001,0.0112916226883347,0.0104457020513033,0.0110775504713725,0.0109395376415913,0.0041579159637834,-0.2290906477220978,0.5326150162175226
2016-05-05,0.0023570415478939,-0.0112974472052054,0.0043248318453046,-0.0222679558251638,-0.0215210081152009,-0.0632953838436322,-0.0577749521121259,0.9953968405850272,0.9764510580546468,0.9552401321656624,228.55516440713427,231.29449504774252,-2.739330640608273,-0.8917455417639861,-1.8475850988442868,23.327195112982903,0.0081329579709595,0.0099741715355856,0.011049986207654,0.0128684701945875,-0.0048469366729471,0.5993819707764896,1.246811681201774
2016-05-06,-0.0029137976172569,0.0023570415478939,-0.0112974472052054,-0.0140463540533676,-0.0139920710623665,-0.0673757213400355,-0.0564779334574868,0.9917503297376992,0.9769906362115508,0.9517728838174112,227.46755019020137,230.5679155625076,-3.1003653723062143,-1.333469507872432,-1.7668958644337824,10.496362219222974,0.0063830387066971,0.0098571211103441,0.0110222113887159,0.0101140280745436,-0.0041624027953981,-0.3192770189023342,0.943554922148411
2016-05-09,-0.0064599030422469,-0.0029137976172569,0.0023570415478939,0.0043248318453046,-0.0039009307651243,-0.0332382452573901,-0.0489963946184484,1.0070269515815808,0.9946478589865688,0.9680802382275744,227.04486912878815,230.13474576461928,-3.089876635831104,-1.6847509334641664,-1.4051257023669372,19.92634714697232,0.0099236456903016,0.010561142040248,0.0115164208428496,0.0134268714515628,0.0083076605186787,0.0405989722632307,0.9258711652933028
2016-05-10,0.0146034335529752,-0.0064599030422469,-0.0029137976172569,-0.0112974472052054,0.0069174090042065,-0.0338265937918565,-0.0527355756507985,1.0050737071309543,0.9975633365997802,0.9701514816849904,226.6678748209638,229.7243502359756,-3.0564754150118176,-1.959095829773697,-1.097379585238121,24.850731623554296,0.0080540791359702,0.0105412774229287,0.0114448530857029,0.006819000641279,-0.0005594388310436,-0.5277085645388548,0.4994991709541316
2016-05-11,-0.0005594388310435,0.0146034335529752,-0.0064599030422469,0.0023570415478939,-0.0027604434399491,-0.0431625938941842,-0.0588121738881748,0.9983112502166313,0.994747852484837,0.9659984413030188,226.09743826873017,229.2232900134178,-3.1258517446876226,-2.192447012756482,-0.9334047319311404,20.68658466538304,0.0088796012931112,0.0103936893269512,0.0114822103560601,0.0110211472025999,0.0037044977190858,0.7024570720149355,0.8647539022578683
2016-05-12,-0.0072769795323995,-0.0005594388310435,0.0146034335529752,-0.0029137976172569,0.0179953512956014,-0.0039129349208679,-0.0456598882787101,1.0124826472942945,1.012895833165483,0.9855488158468926,226.22665975503128,229.05396319240077,-2.8273034373694657,-2.319418297679079,-0.5078851396903867,31.88063259628981,0.0118387724539131,0.0104508747435762,0.0123159444283337,0.0192888679345758,0.0172131025887127,0.0361665952048484,1.023390701686474
2016-05-13,0.0178388053196882,-0.0072769795323995,-0.0005594388310435,-0.0064599030422469,0.0094948187376273,-0.0046301045032403,-0.0661160617007782,0.9956738610297676,0.9984127851084132,0.974354894307888,225.82081030128248,228.6491243119017,-2.8283140106192377,-2.4211974402671106,-0.4071165703521271,33.847440677032424,0.0139919084667425,0.0105561772435737,0.0124228714920411,0.0158973132315642,-0.0109206323663625,0.1456314362278878,1.1743090745736866
2016-05-16,-0.0147562277072794,0.0178388053196882,-0.0072769795323995,0.0146034335529752,-0.0072729085074763,-0.0111454681600519,-0.0845175832210175,0.9948826124574456,0.9972869499277184,0.9765456938738448,225.40003246947455,228.23702283654092,-2.836990367066363,-2.504356025626961,-0.3326343414394017,33.21048663584281,0.0120880822562032,0.0104322461630186,0.0113928044097214,0.0116809351040769,-0.0010746879056171,-0.3632475624630886,0.827624126871047
2016-05-17,-0.0022491478768494,-0.0147562277072794,0.0178388053196882,-0.0005594388310435,-0.0136380012825582,-0.0068149319112229,-0.0897863440500902,0.9906571606361052,0.9910117086948046,0.9744020220833228,224.80485629403256,227.74030909524916,-2.93545280121657,-2.590575380744883,-0.3448774204716871,30.130487986426445,0.0123141969841646,0.0100432599012097,0.0113823450655591,0.0172831756046048,-0.0113236593200859,0.3034376914735024,0.9923054213833264
2016-05-18,-0.0069675765252169,-0.0022491478768494,-0.0147562277072794,-0.0072769795323995,-0.0049723140213919,-0.0077190316697194,-0.0643497215461007,0.9930729132145252,0.9932101042467106,0.9790950725583036,224.35047992758285,227.3040943409425,-2.953614413359645,-2.663183187267836,-0.2904312260918091,37.56538885418392,0.0121167599200873,0.0100171330706178,0.0102959718546043,0.0086548457025374,0.0048141637689234,-0.3231527604132395,0.7199550012703795
2016-05-19,0.0014445925106421,-0.0069675765252169,-0.0022491478768494,0.0178388053196882,-0.0419017078960404,-0.0246603925539138,-0.0863948873851114,0.981630519741136,0.9758098972493356,0.9639481880475376,223.2855313554908,226.57255507190857,-3.287023716417792,-2.7879512930978274,-0.4990724233199648,35.74659676754828,0.0088071854547279,0.0117296741369245,0.0107977601630861,0.0276492692805905,-0.0210970632256516,0.1100940375785741,0.8537684313662741
2016-05-20,-0.0199371989787093,0.0014445925106421,-0.0069675765252169,-0.0147562277072794,-0.0449317738458846,-0.035863574156484,-0.1008229613178945,0.97291216930393,0.9617988069864426,0.9517720837094168,221.7865887123083,225.6073587091601,-3.820769996851851,-2.994515033848632,-0.826254963003219,28.60039711038806,0.0094480671530411,0.012681650009842,0.0111861068289531,0.0247805689504928,-0.0186975063470423,1.0301102905115216,1.6155769982131674
2016-05-23,-0.0178721435076975,-0.0199371989787093,0.0014445925106421,-0.0022491478768494,-0.0470823551170617,-0.0540128379634551,-0.0854557912655683,0.9778973998289482,0.9627378801234008,0.9517060123629382,220.37055224650243,224.64254337400533,-4.2719911275029006,-3.250010252579486,-1.0219808749234147,30.309535398433116,0.0090863257370171,0.0109615576106519,0.0105345201085885,0.0161828370022905,-0.0078412448797006,-0.0096461944028076,1.382304574293173
2016-05-24,-0.0044958400367567,-0.0178721435076975,-0.0199371989787093,-0.0069675765252169,-0.0296135609994049,-0.0428476924990721,-0.0752248948018442,0.9948904214341636,0.9778173025611928,0.9661818491090096,219.539860220448,223.92613675942331,-4.38627653897538,-3.477263509858665,-0.9090130291167156,34.87345217948672,0.0131334476643956,0.0121234084022946,0.0110669683386832,0.0169599788988669,0.0133614000561766,-0.3311883423771682,0.9227565519891524
2016-05-25,0.0112365978344357,-0.0044958400367567,-0.0178721435076975,0.0014445925106421,-0.0199371989787092,-0.024810378986072,-0.0669020925677197,1.0103992818748957,0.9914891403746844,0.9806614938807716,219.2150069879151,223.444816570502,-4.229809582586853,-3.627772724404303,-0.6020368581825499,40.914226342388496,0.0151402556767754,0.0130235608799521,0.0115102395870075,0.0122476890576728,0.0014212364905052,-0.2477447072700905,0.683759387829255
2016-05-26,0.0114306558265937,0.0112365978344357,-0.0044958400367567,-0.0199371989787093,-0.0045731807877704,-0.0462832645982859,-0.0500150961168555,1.0067088910141306,0.9917047793174604,0.9786916982052842,218.78715594665533,222.92549498896304,-4.138339042307706,-3.729885987984984,-0.408453054322722,41.52606058620445,0.0123875727520294,0.0109032823511617,0.0106294216266415,0.0087659403405911,-0.0033158354135916,0.535697769995287,0.9769553356191156
2016-05-27,-0.0045731807877704,0.0114306558265937,0.0112365978344357,-0.0178721435076975,0.0433525798846208,-0.0035271022762753,-0.0081408759273828,1.0274708968712352,1.02124313877998,1.0078949941409212,219.40451938725403,222.91620042019147,-3.511681032937446,-3.6862449969754767,0.1745639640380307,47.085348453684695,0.0140818366631594,0.0146633668333743,0.01243540796167,0.0288806802515535,0.0270270308290525,-0.0555622738904458,0.9929948250079976
2016-05-30,0.0294133260933613,-0.0045731807877704,0.0114306558265937,-0.0044958400367567,0.0416129376562119,-0.0074286525690437,-0.0184913249184152,1.0128819325283105,1.0157282369914682,1.0026367584754166,219.71590530183516,222.8060024506981,-3.0900971488629807,-3.567015427352977,0.4769182784899968,45.36944003163828,0.0144817026922428,0.0147739595298785,0.0124495031639793,0.0170331336302005,-0.007886092524528,-0.2811562564871014,0.8199047868407149
2016-05-31,-0.0061557018213705,0.0294133260933613,-0.0045731807877704,0.0112365978344357,0.0185017499928843,-0.0116597137085306,-0.0183951854647256,0.9979059486605594,1.0055428958905364,0.9923284391598725,219.5978267593052,222.5202537340087,-2.922426974703484,-3.438097736823079,0.5156707621195951,44.27405236891982,0.0166471631858101,0.0150335197482943,0.0124452477835624,0.0172260760713532,-0.0115067242195763,1.4220022687138791,1.6714439926398008
2016-06-01,-0.0112006031062174,-0.0061557018213705,0.0294133260933613,0.0114306558265937,0.0025231269678922,-0.0174643760952244,-0.0250485996927729,0.9929816438179894,1.002865770038408,0.9891808107549884,219.3484554812811,222.18371000942645,-2.835254528145356,-3.3175290950875347,0.4822745669421788,36.00999447768891,0.016334278123733,0.0150392215353261,0.0124456925452984,0.0149957981384408,-0.0045409567610884,-0.6124410147172252,0.6496194979354046
2016-06-02,-0.0044370333212024,-0.0112006031062174,-0.0061557018213705,-0.0045731807877704,0.0099276540960986,0.0053090723513482,-0.0194822440108469,0.99379558025124,1.005118860346448,0.9929081396255748,219.2306403088304,221.9169653317172,-2.686325022886791,-3.191288280647386,0.5049632577605947,41.45197952677287,0.0160800509186717,0.0136202838349262,0.0124693736935699,0.0126012973233639,0.0018333683245709,0.133920459220189,0.7807725976456784
2016-06-03,0.002778933780692,-0.0044370333212024,-0.0112006031062174,0.0294133260933613,-0.0154406194136434,0.0272425697843792,-0.00959802029378,1.000458725575504,1.0060015379206837,0.9969198566097808,219.2505184186197,221.72754923473525,-2.4770308161155583,-3.048436787741021,0.5714059716254623,43.69683387102845,0.0062370504987867,0.0119753176799104,0.0124358131892924,0.0073464275481435,-0.0003645729392728,-0.1570662655155514,0.7095566473928554
2016-06-06,0.0035555939033435,0.002778933780692,-0.0044370333212024,-0.0061557018213705,-0.0143491317944202,0.0266666963350097,-0.0287864855766089,0.998295766297882,0.9983218605599876,0.9933416690125456,219.0967803085436,221.47004341757892,-2.3732631090353777,-2.913402051999892,0.5401389429645143,44.36592882014964,0.0061201052279085,0.012014102026131,0.0119543491260424,0.0109446679202689,-0.0064515680885011,0.0034184879724687,0.7233939523430759
2016-06-07,-0.0050539208945038,0.0035555939033435,0.002778933780692,-0.0112006031062174,-0.002923199815569,0.0155244658651483,-0.0279884141735259,0.999142153247725,0.9970611865794832,0.9950251410109734,218.97548562540825,221.2358450065112,-2.260359381102916,-2.782793517820497,0.5224341367175813,43.85894756552539,0.0039995910710835,0.0116431322013111,0.0119587685784536,0.0097900637426692,-0.0022982543810625,1.1854736890168185,1.7055316139039118
2016-06-08,0.0002618274704488,-0.0050539208945038,0.0035555939033435,-0.0044370333212024,0.0005243839223929,0.0030488339775014,-0.0218371877350181,0.9980438995229258,0.9957679451631376,0.9951395893996964,218.83944430473247,221.00290960165967,-2.1634652969272,-2.658927873641838,0.4954625767146381,51.345107097077694,0.0034243532630194,0.0111293599538293,0.0118771433214386,0.0092757723350163,-0.0040709348712438,-0.3597475776959574,1.0343989556313455
2016-06-09,-0.0009946839521226,0.0002618274704488,-0.0050539208945038,0.002778933780692,0.0155817442095944,0.0256640884724197,-0.0218069939233089,1.012722247347266,1.0109985191355737,1.0140679018274803,219.32392301295877,221.0759204391814,-1.7519974262226583,-2.477541784158002,0.7255443579353438,67.13028096004112,0.0087987399342907,0.0122324220022117,0.0118797730608396,0.0208515915531237,0.0116145998841545,0.2890671480306235,1.221205123868733
2016-06-10,0.0178702238451655,-0.0009946839521226,0.0002618274704488,0.0035555939033435,0.0177668743953016,0.0020519234359501,-0.0014824161841467,1.0149008459990885,1.0165645662409752,1.0199403612264977,219.92904053244948,221.2374957318086,-1.3084551993591162,-2.243724467198225,0.9352692678391086,71.3827939031531,0.0088776207312999,0.0080377947667491,0.011511525928396,0.0164840876627998,0.0027720634234842,0.043038016760321,1.137486376209567
2016-06-13,0.005714848570707,0.0178702238451655,-0.0009946839521226,-0.0050539208945038,0.0275450189438644,0.0128006400423388,0.0052768959657591,1.013931077673747,1.0198279637657737,1.0242597432864735,220.59579656005943,221.46160380440895,-0.8658072443495541,-1.9681410226284908,1.1023337782789366,69.70431586236347,0.0074778667876058,0.0077996034815649,0.0115414589225175,0.0207930070406823,0.0115475973184517,-0.3739891375493664,0.6970953111430163
2016-06-14,0.0045049740000655,0.005714848570707,0.0178702238451655,0.0002618274704488,0.0221977867286049,0.0192096983469647,0.0073260050552812,1.0045171063319576,1.0128493104983327,1.018818799731156,220.9894166881392,221.586990736866,-0.5975740487267558,-1.694027627848144,1.096453579121388,62.87919244724532,0.0086542530586693,0.0068823784097822,0.0114828595203873,0.0164916857451964,-0.0047912732518777,0.0694484461208899,0.8372806560888841
2016-06-15,-0.0049434259918681,0.0045049740000655,0.005714848570707,-0.0009946839521226,0.0319672960406849,0.0325084430991642,0.0144763273273857,1.006789668545509,1.018237500259569,1.0267801612111365,221.61612235766228,221.84447316673064,-0.2283508090683597,-1.400892264092187,1.1725414550238271,68.64200721534188,0.0081993598120189,0.0067730489257966,0.0116251363698732,0.0129493904599876,0.0046938798169228,0.018787701916028,0.8663777443902901
2016-06-16,0.00855316663478,-0.0049434259918681,0.0045049740000655,0.0178702238451655,0.0053029775006494,0.0209673513492081,0.0263877408858854,0.9972522667261908,1.007564724606407,1.0167938145215774,221.85452756811208,221.94234598590512,-0.087818417793045,-1.1382774948323586,1.0504590770393136,50.97920501739943,0.0073447156433905,0.0077167571693926,0.0108012310284448,0.0170029642284435,-0.00479102905531,-0.1578634248539098,0.808557165230132
2016-06-17,-0.0084298497958841,0.00855316663478,-0.0049434259918681,0.005714848570707,-0.0018429563357068,0.0158911744858623,0.0435666607001283,0.996188521549163,1.0045388877177015,1.013188363576095,222.0070208103376,222.00926359010316,-0.0022427797655097,-0.911070551818989,0.9088277720534792,54.020720489838666,0.0068991986428072,0.0077735636069621,0.0098439010358275,0.008770154346445,-0.0021494441364876,0.1240551985247444,1.0095814268139192
2016-06-20,-0.0014340129436543,-0.0084298497958841,0.00855316663478,0.0045049740000655,0.0092753109636416,0.0370758185237096,0.0647312044526631,1.00994441568163,1.0165959124968738,1.025880115830608,222.67410427866912,222.3302857948727,0.3438184837964115,-0.660092744695909,1.0039112284923206,69.83444589511728,0.0099898807056982,0.0085307810016577,0.0101536100687562,0.0248434316669452,0.0185671137884187,0.0212370755503765,1.0203802174423258
2016-06-21,0.0156939495979917,-0.0014340129436543,-0.0084298497958841,-0.0049434259918681,0.0111139814567771,0.0335584739754653,0.0496039172243321,1.0045592590153494,1.0100896598550302,1.020203065750511,223.1295436895229,222.5750394729724,0.5545042165504981,-0.4171733524466275,0.9716775689971257,70.8333506306315,0.0097089175674894,0.0087465311885145,0.010062149745684,0.0146388290397492,-0.0070415456092894,0.2950623352017287,1.2500993444156812
2016-06-22,-0.0031306588095595,0.0156939495979917,-0.0014340129436543,0.00855316663478,-0.0041641443039392,0.0276700353030254,0.0308032306243175,0.998675911966449,1.000632739744701,1.0118496446619385,223.2828152320302,222.6899112687389,0.5929039632912918,-0.2151578892990436,0.8080618525903355,64.37464387464361,0.0096273958303034,0.009231699726446,0.0100285572228876,0.0089750290520169,-0.00456853311336,-0.082132520992505,1.1142423404579025
2016-06-23,-0.0066862647239027,-0.0031306588095595,0.0156939495979917,-0.0084298497958841,0.0042507581506707,0.0095762773261538,0.0354861322271085,0.9977814729527223,0.9996329669009758,1.0100469119228663,223.41074825522747,222.795427462374,0.6153207928534812,-0.0490621528685387,0.6643829457220198,62.83950668155563,0.008645927360113,0.007563723184896,0.0099333979583346,0.0122392691502195,0.0005102155507431,-0.23076479175773,0.8502205338757215
2016-06-24,-5.099293594656995e-05,-0.0066862647239027,-0.0031306588095595,-0.0014340129436543,-0.0240537486670127,-0.0258523749942162,-0.0238534986523915,0.9729124156593204,0.9725693134891386,0.9813466988262493,222.49916519658072,222.40209641879247,0.0970687777882517,-0.0198359667371806,0.1169047445254323,48.407020600015386,0.0163007010603734,0.0120261792894105,0.0100573931188774,0.0331073314648775,-0.0139392860992342,1.5397744310917196,1.7278047861050982
2016-06-27,-0.02957829619079,-5.099293594656995e-05,-0.0066862647239027,0.0156939495979917,-0.0348919572492727,-0.0259402800392481,-0.0134716921842892,0.9841611326567355,0.979410483764044,0.9863424995216952,221.87552606853103,222.10901600734547,-0.2334899388144151,-0.0625667611526275,-0.1709231776617876,50.27496900938952,0.0132610812660906,0.0120203035445214,0.0100586740841454,0.0187306619949853,0.0161084191940829,-0.6332454102539606,0.6479765315849171
2016-06-28,0.0044143295713283,-0.02957829619079,-5.099293594656995e-05,-0.0031306588095595,-0.029682941575067,-0.0188988557805378,-5.219875221995629e-05,0.9923640358675592,0.98347356917863,0.9885641071882098,221.42343989527748,221.8740493358668,-0.4506094405892895,-0.1401752970399599,-0.3104341435493296,51.67722440195532,0.0138590275903838,0.0120768691541245,0.0097599086454017,0.0068386025810947,0.0014637808806847,-0.1700702981502824,0.5906346206069368
2016-06-29,0.0022497833724328,0.0044143295713283,-0.02957829619079,-0.0066862647239027,-0.0138704870655976,-0.0179768726598298,0.0139471702973712,1.0046236237258208,0.9946251789751258,0.9972719148198076,221.3609221552288,221.81056972468852,-0.4496475694597563,-0.2020697515239192,-0.2475778179358371,47.92378798225202,0.0154388871992937,0.012170848821985,0.0099194952394368,0.0092563986171497,0.0050935486089227,-0.0106496048574505,0.6363857550435689
2016-06-30,0.0095009476066527,0.0022497833724328,0.0044143295713283,-5.099293594656995e-05,-0.0115253316411982,-0.0073235648879405,0.0134902307031334,1.0093314985796566,0.9976734894195988,0.9989280446279772,221.38714756659385,221.7898895472377,-0.4027419806438388,-0.2422041973479032,-0.1605377832959356,46.18880803119539,0.0155766306837444,0.0119883809009452,0.0099151196724575,0.0107826815034092,-0.002932083874878,0.6956811594703711,1.0283009748106025
2016-07-01,0.0023270271996247,0.0095009476066527,0.0022497833724328,-0.02957829619079,0.0231226452974144,-0.0014872896680986,0.0143802500381369,1.0091852646173625,1.0022496549579236,1.002647093517981,221.5605552464027,221.84354939450537,-0.2829941481026594,-0.2503621874988544,-0.032631960603805,46.13442747700224,0.0029482741079697,0.0120900993256055,0.0099303444738988,0.0069854705203022,0.0007195888118832,-0.4818900787825446,0.7569933550750135
2016-07-04,0.0044368889126749,0.0023270271996247,0.0095009476066527,0.0044143295713283,0.0324909568250169,-0.0035346735007822,0.0334100941096719,1.0163782179006742,1.0162578294555713,1.0146275926930135,222.1732412894742,222.11758384871737,0.0556574407568177,-0.18915826184772,0.2448157026045377,54.86723572599847,0.0049820500406165,0.0118026659194338,0.0102276982163294,0.0183439259648093,0.0114812377428481,0.1805260451548087,0.922379511852513
2016-07-05,0.0136113367781005,0.0044368889126749,0.0023270271996247,0.0022497833724328,0.0368552882361359,0.0060783732936233,0.0398408282010758,1.0155850456807254,1.022217868082238,1.019214818522885,222.91673507997575,222.47968511382976,0.4370499661460201,-0.0639166162489719,0.500966582394992,54.03223303750186,0.0044233289222293,0.0119365814644709,0.0102763939347115,0.0227569798391646,0.0070986723100603,0.4557409779323522,1.2332724290182464
2016-07-07,0.0064862855736824,0.0136113367781005,0.0044368889126749,0.0095009476066527,0.0217188975168409,0.0075471587641569,0.0354260242166244,1.0059466907045314,1.0160914656465023,1.0121226278672977,223.36297918726316,222.72691745927523,0.6360617279879079,0.076079052598404,0.559982675389504,55.66959586923027,0.0068250738256415,0.011845729911748,0.010384765990816,0.0145257529411796,-0.0046347630500094,0.0589098548734925,1.1895632942368928
2016-07-08,-0.005236114496263,0.0064862855736824,0.0136113367781005,0.0023270271996247,0.009544449511619,-0.0020908850755333,0.0074653693552801,0.9943999046907768,1.0065325987051217,1.0020175611647244,223.40648738471543,222.7949815341958,0.6115058505196203,0.1831644121826472,0.428341438336973,51.58515938663969,0.0093296455131509,0.0123009794607443,0.0099551188764402,0.0129292446876376,-0.0087132943884495,-0.4063876480774815,0.7944030485709012
2016-07-11,-0.0096163540048612,-0.005236114496263,0.0064862855736824,0.0044368889126749,0.0195695624753089,0.0431447078244655,0.0161769396645554,1.0048394389055324,1.0167442752070428,1.0156361974819208,223.93915162270392,223.09674623030284,0.8424053924010764,0.3150126082263331,0.5273927841747432,51.053113861001854,0.0109275054980147,0.0075533784845132,0.0103794671094049,0.0095214080855395,0.0015136468353627,0.1576872138640119,0.886980142531402
2016-07-12,0.0144112820967672,-0.0096163540048612,-0.005236114496263,0.0136113367781005,0.0169251630467837,0.0499660346136099,0.022729621644034,1.0124513368542791,1.0229068606704608,1.0256200854098372,224.77318473017857,223.56071812593143,1.2124666042471404,0.4945034074304946,0.7179631968166458,56.96580896679481,0.010395599276128,0.0078482388632593,0.0105981320695843,0.0139525622463593,0.0081889321207545,0.1815610793359932,1.005637648790449
2016-07-13,0.0109823908597708,0.0144112820967672,-0.0096163540048612,0.0064862855736824,0.0157587566684871,0.0531948384238833,0.0332906610637036,1.0146450865353631,1.0230470892515973,1.0293787571049515,225.6670459210285,224.080908077396,1.5861378436324856,0.7128302946708929,0.8733075489615927,62.20301790384574,0.0103226327040699,0.0077922469250031,0.0105346290462873,0.0124411160608347,0.0035316676987646,0.5270340580705757,1.43088582555888
2016-07-14,0.0053318525182117,0.0109823908597708,0.0144112820967672,-0.005236114496263,0.0172082017605861,0.0393008424479146,0.0206174635479745,1.007327638042975,1.0152299487591765,1.0243889858370545,226.28799759648925,224.49737650214615,1.7906210943430665,0.9283884546053276,0.8622326397377388,60.22582920089271,0.0100493919793046,0.0081114804309428,0.0104735367615854,0.0157727292142445,-0.0031743301066253,-0.2787020787250887,1.0578873899227468
2016-07-15,-0.0038166282037012,0.0053318525182117,0.0109823908597708,-0.0096163540048612,0.034546167832788,0.0444203414991071,0.0367714613578533,1.0078159769319812,1.018176675871305,1.0299459473231531,227.07013445964955,225.00659951732283,2.0635349423266973,1.1554177521496016,0.9081171901770956,81.04240927525942,0.0069011216122024,0.0081557968349995,0.0103107185198502,0.0172890423834354,0.0031714326146486,0.3006604530871399,1.212548235073262
2016-07-18,0.0072643966841396,-0.0038166282037012,0.0053318525182117,0.0144112820967672,0.0138539127529226,0.0336945902393774,0.0321571869553449,0.999156003263836,1.008862970070771,1.0222611784096134,227.5227023214763,225.37735700207844,2.145345319397848,1.353403265599251,0.7919420537985966,75.40162863174821,0.0072866609884031,0.0087772154211229,0.0104325718806094,0.0367701988615538,-0.0211575688354434,1.2944954791288694,1.96875495801186
2016-07-19,-0.005878249349675,0.0072643966841396,-0.0038166282037012,0.0109823908597708,0.0143511954772426,0.0315192548473948,0.027873171071739,1.0077427447491865,1.0172710336392914,1.0325473742903957,228.31181923821435,225.91621665231511,2.395602585899212,1.5618431296592432,0.8337594562399688,77.5229565683895,0.0074282628602157,0.0085224631702874,0.0101729437323218,0.0271664493900766,0.0117296193641669,-0.4814408763238997,0.9414595942424674
2016-07-20,0.0114782651383453,-0.005878249349675,0.0072643966841396,0.0053318525182117,0.0141263881971791,0.0301077591798704,0.0363691386728235,1.0100411754695595,1.019421827640156,1.0359362568165342,229.16239957551429,226.50320737663725,2.6591921988770366,1.781312943502802,0.8778792553742347,76.68888406178188,0.0074104937428423,0.0084733779035235,0.0101455445416905,0.011485824742184,0.0029903227814231,-0.2633134125759041,0.7149884426684456
2016-07-21,0.0051090441651153,0.0114782651383453,-0.005878249349675,-0.0038166282037012,0.0014429549527956,0.0186759873733408,0.0263640967792819,0.9933176782106656,1.0009897051304713,1.0177436505800714,229.2965970604412,226.76479818040772,2.531798880033421,1.931410130808925,0.600388749224495,65.56486571032741,0.0112860370979909,0.0102077271326204,0.0107765208229119,0.0198738314939425,-0.0172362934263767,-0.4528394539529189,0.410587437818713
2016-07-22,-0.0162756524854819,0.0051090441651153,0.0114782651383453,0.0072643966841396,0.0026181169817323,0.0372547307231772,0.0350859502871818,1.001183859487032,1.0057978461237735,1.0245577184025143,229.7090661086846,227.15093504660152,2.5581310620830777,2.0567543170637563,0.5013767450193214,66.73405005078024,0.0114780926044416,0.009518500405063,0.0108850248218014,0.0125142020722774,0.008797231112034,0.0280761848621768,0.4622354632957982
2016-07-25,0.0084463899931235,-0.0162756524854819,0.0051090441651153,-0.005878249349675,0.0163975121491861,0.0304785946047885,0.0749382924883781,1.0057033234167931,1.010597565451197,1.0288303947875908,230.33589397898317,227.64223224801069,2.693661730972451,2.184135799845496,0.5095259311269555,65.23027096906642,0.0111798640028175,0.0089009737156574,0.00805873202794,0.0160351987359763,0.0086292086722232,0.194513414630788,0.8117084393737639
2016-07-26,0.0077843767437066,0.0084463899931235,-0.0162756524854819,0.0114782651383453,0.0061406515962825,0.0205799727649411,0.0715743070100713,1.005745400385273,1.0098215835335405,1.0266062203223487,230.91200212434387,228.1191481499231,2.79285397442078,2.3058794347605525,0.4869745396602272,63.66446374132621,0.0102044820575629,0.0084571696143257,0.0080736899866301,0.0191396667141658,0.0010263636937265,0.27601919925917,1.1780730829722046
2016-07-27,0.0012710466103507,0.0077843767437066,0.0084463899931235,0.0051090441651153,-0.0096774044098078,0.0043122770159371,0.0577365063189223,0.9969298074075365,0.9985954155245468,1.0128214888687856,231.0144050990542,228.37533135807405,2.639073740980137,2.3725182960044697,0.2665554449756677,60.588252782765686,0.0111227565495368,0.0092516143574124,0.0086749224933309,0.0168295141931981,-0.0097258035280026,0.0489110388451408,1.2708447246329726
2016-07-28,-0.0106927934085953,0.0012710466103507,0.0077843767437066,-0.0162756524854819,0.0198737651613842,0.02134539706205,0.0614851315968885,1.0060084805855878,1.0095212516902905,1.0230276896395514,231.56701023781147,228.8368874427335,2.7301227950779605,2.444039195819168,0.2860835992587924,69.53158096522542,0.0092173230482383,0.0099018614618593,0.0088543999906609,0.017001968304592,0.0112320228670874,0.4152087520296639,1.4924578708260916
2016-07-29,0.0130786257407835,-0.0106927934085953,0.0012710466103507,0.0084463899931235,4.926695830853589e-05,0.002667512926701,0.0472063462609655,0.9947757190292486,0.9979940063393042,1.0093134798884644,231.63194323307607,229.0703827956445,2.561560437431609,2.4675434441416564,0.0940169932899528,59.32559114157489,0.0108632176730273,0.0105393315563882,0.0094064246396037,0.0127106436907592,-0.008886661155569,-0.3831466959044736,0.8749538812770369
2016-08-01,-0.0111559807406244,0.0130786257407835,-0.0106927934085953,0.0077843767437066,-0.0129552897573772,0.003229787870616,0.0370332044888539,0.9920595825852416,0.9923667688704484,1.0021467334077472,231.49698503811365,229.19514814158345,2.301836896530233,2.434402134619372,-0.1325652380891391,52.66141800164733,0.0100858626363572,0.0105043396131034,0.0095445783567972,0.0151065207028276,-0.0083497294275601,-0.1714865118446805,0.728396501527996
2016-08-02,-0.0053207666902838,-0.0111559807406244,0.0130786257407835,0.0012710466103507,-0.0109857395089896,-0.0049125475115593,0.0264518674988687,0.9975082177755156,0.9961003964783915,1.004121898115967,231.4988409494676,229.3665481653116,2.1322927841559647,2.3739802645266908,-0.241687480370726,51.79921057860264,0.0103128095787463,0.0098397081794717,0.0091464360424244,0.0135268656567874,0.0047619012930296,-0.0336054857135981,0.7419359786723495
2016-08-03,0.0032689841081059,-0.0053207666902838,-0.0111559807406244,-0.0106927934085953,-0.0189023666652586,-0.0283968452285443,0.0008559485737169,0.9826495501244656,0.9803622004027376,0.9853918944516332,230.83752024149655,229.20608210474452,1.631438136752024,2.2254718389717576,-0.5940337022197335,45.70757780579471,0.0123557344713545,0.0111261491775434,0.0100783348087563,0.0230393351258808,-0.0201596523328779,0.5398274324013397,1.1242455792497985
2016-08-04,-0.0186117654704398,0.0032689841081059,-0.0053207666902838,0.0130786257407835,-0.0324937735611353,-0.0132657820247122,0.0051624537710375,0.988226841351886,0.9807165085105066,0.9842012250309966,230.2445314753769,229.0414162645204,1.203115210856481,2.021000513348702,-0.817885302492221,42.079205739508055,0.0086011540386728,0.0100724856441413,0.0100044317948288,0.0167170132171123,-0.0060060351020587,-0.1418997628257146,1.0751440186976724
2016-08-05,-0.0009558223631808,-0.0186117654704398,0.0032689841081059,-0.0111559807406244,0.001330142342266,0.0013794748326418,0.0386855975192486,1.0110934126800175,1.0035401551584746,1.005359432963047,230.5603963558177,229.28261900035167,1.2777773554660428,1.8723558817721704,-0.5945785263061276,53.61010377927768,0.0152796839863464,0.0124995144320964,0.0109609688662235,0.0215989914252357,0.018286587187316,0.1886009944630771,1.214366387416241
2016-08-08,0.0234139021552393,-0.0009558223631808,-0.0186117654704398,-0.0053207666902838,0.0195641782134601,0.0063554288584626,0.0370277280029678,1.0200188406983484,1.015725632717957,1.016372577230499,231.28483404461625,229.72607250647437,1.55876153814188,1.8096370130461128,-0.2508754749042325,54.0907508192186,0.0157367913845432,0.0129296931658202,0.010869738765185,0.0149138005675608,0.0091675656401154,0.1195264580455481,1.2227162489165764
2016-08-09,0.0127921573629918,0.0234139021552393,-0.0009558223631808,0.0032689841081059,0.0176737326489138,0.0064938341168916,0.0272074498110985,1.0178446013515163,1.016489454513242,1.0164343229589334,231.94880995932672,230.1612284311973,1.787581528129408,1.805225916062772,-0.0176443879333636,52.82671995208624,0.0157797784951962,0.0129304318727152,0.0106562965637994,0.0130979099793618,0.003602688584436,-0.0195907496318883,1.0891214347920446
2016-08-10,0.0014087526076451,0.0127921573629918,0.0234139021552393,-0.0186117654704398,0.0097590322929874,-0.0093278031789713,-0.0050557502342919,0.9892368369593908,0.990735773185668,0.9900077089680992,231.55937934809612,230.1061382500959,1.453241098000234,1.7348289524502645,-0.2815878544500303,49.079129686826185,0.0185863955954197,0.0151931204032336,0.0122609366463606,0.0324316303456724,-0.026763649130929,0.0136327712589672,1.075765492740301
2016-08-11,-0.0262442645317206,0.0014087526076451,0.0127921573629918,-0.0009558223631808,0.0212487405519548,-0.0119354847731351,0.0091551446273046,0.995396486890428,1.0022632524040604,0.999861949801262,231.5973514668686,230.2320686108382,1.365282856030376,1.6609197331662868,-0.2956368771359108,49.74754419549373,0.0188156155565856,0.0149431701598607,0.0124502673755016,0.022926737850942,0.012126340946641,0.051773914378296,1.0638123084688669
2016-08-12,0.0104119651700496,-0.0262442645317206,0.0014087526076451,0.0234139021552393,0.0192373694475229,0.0205931002294448,0.0233155455172089,1.0128092046811994,1.021599733343079,1.0200704793911026,232.39259723729023,230.7160967859324,1.6765004513578958,1.6640358768046088,0.0124645745532869,54.01908662168432,0.018320304610869,0.0160163449000835,0.0132294101842732,0.0250048882734672,0.0184857408822026,0.1549792250287132,1.154870302788474
2016-08-16,0.0213982667190022,0.0104119651700496,-0.0262442645317206,0.0127921573629918,-0.0042263875363562,0.0152551048781435,0.0185341635014599,1.003004432521477,1.0093161689420496,1.0084099856157094,232.68218263828405,230.97971201243732,1.7024706258467006,1.6717228266130273,0.0307477992336733,50.24717747163891,0.0184747173869997,0.0163668545562529,0.0134005491515033,0.0285881209683302,-0.0109529648916079,-0.1831819216427315,0.9458388841576572
2016-08-17,-0.0105232250669373,0.0213982667190022,0.0104119651700496,0.0014087526076451,-0.016881703145387,0.0004936667954769,-0.00442130587767,0.9950410079947204,0.9978434145557128,0.9972173838471896,232.51928327731605,231.027387922034,1.491895355282054,1.6357573323468326,-0.1438619770647786,50.05793581423415,0.0189797112100621,0.0168481054051548,0.0134322178755482,0.0213164755195222,-0.0105458054663005,0.1585176817784825,1.0627479310463332
2016-08-18,-0.0113181801602767,-0.0105232250669373,0.0213982667190022,-0.0262442645317206,0.0143476208282138,0.0242466720161915,-0.0048387022049039,0.9968861182747945,1.0001473711303994,1.0021360838574758,232.5484868416232,231.15195966449903,1.396527177124142,1.5879113013022943,-0.1913841241781526,47.471064200396455,0.0140013027428654,0.0155197421453623,0.0134238858821888,0.0075143480771922,0.0020177247029818,-0.4995864804683696,0.5771401705090696
2016-08-19,0.0046876522390115,-0.0113181801602767,-0.0105232250669373,0.0104119651700496,0.0007889201772737,0.0220544242893916,0.0084960730793757,0.9936459382743398,0.9949122409331512,0.9986151108698018,232.46242343630135,231.2139681861681,1.2484552501332755,1.520020091068491,-0.2715648409352151,50.0,0.0134908146527101,0.015587339382538,0.0129043787519741,0.0146812907123006,-0.0030451653516458,0.0552424677632266,0.6686994816300583
2016-08-22,-0.0030941278976138,0.0046876522390115,-0.0113181801602767,0.0213982667190022,-0.0231222101878963,-0.0043296512402013,-0.0029561490524793,0.995327538148276,0.9923502987529926,0.995760974705461,232.28234065778983,231.2197398298576,1.0626008279322434,1.4285362384412417,-0.3659354105089982,50.76572183268617,0.006543642491085,0.0137391716451787,0.0127868628063245,0.0123536534800724,-0.0001482171202053,-0.1826366057774449,0.6493852479919947
2016-08-23,-0.0030052679503771,-0.0030941278976138,0.0046876522390115,-0.0105232250669373,-0.0140989250617451,-0.0182657250769443,-0.0120263827347565,0.9967841028423312,0.99280782675809,0.9949854602174202,232.08073102609265,231.20137969814647,0.8793513279460967,1.3186992563422129,-0.4393479283961161,49.22467781535506,0.0057174445346847,0.0129408024215948,0.0126541008168072,0.0098966286059968,-0.0015315769087884,0.0951787160118224,0.8058825639191652
2016-08-24,-0.0013835648565818,-0.0030052679503771,-0.0030941278976138,-0.0113181801602767,0.0071054918398407,-0.0098961641094883,-0.0034665940407171,1.0052701514517215,1.0036882221348031,1.0050572950714671,232.263562333076,231.3545467220975,0.9090156109784856,1.2367625272694671,-0.3277469162909816,59.299475228365935,0.0057269273222983,0.0134453093716125,0.0128659440924905,0.0107300553405438,0.0086982466924322,0.1911311803550417,1.1279689044924917
2016-08-25,0.009946044034035,-0.0013835648565818,-0.0030052679503771,0.0046876522390115,-0.0052551258869684,0.0090170963876146,-0.0003948164917061,0.9986391731116384,0.9951309836484602,0.9973949958218776,232.14396671197176,231.36429813497165,0.779668577000109,1.1453437372155957,-0.3656751602154866,56.58424617894405,0.0065668920541069,0.0105197782498686,0.0127512974342668,0.0197492149164846,-0.0083234998116092,0.7157613724305576,1.6310323136960658
2016-08-26,-0.0076432903531939,0.009946044034035,-0.0013835648565818,-0.0030941278976138,0.0128091069794094,0.0136081325196319,0.0015102280880181,1.0110359081023534,1.0086993944946618,1.0122879765890236,232.5773022305927,231.63069439038173,0.9466078402109588,1.1055965578146685,-0.1589887176037094,54.11516093556352,0.0094890452284852,0.0110656441033513,0.0128618934890882,0.015760293241218,0.0098241298188022,-0.3556696303780573,1.018460581471729
2016-08-29,0.0150093479665609,-0.0076432903531939,0.009946044034035,-0.0030052679503771,0.0450660033401626,0.0209017675507063,0.0419252999742956,1.0308539724258643,1.0354974610950112,1.039211845637113,233.98314592663732,232.3777011951596,1.6054447314777462,1.205566192547284,0.3998785389304622,58.91841841038808,0.0142459264604183,0.0126688873068701,0.0140548119481397,0.0318218744675622,0.0293988866075529,0.6798520861154587,1.4246145672230848
2016-08-30,0.0287479573339561,0.0150093479665609,-0.0076432903531939,-0.0013835648565818,0.0553713744485109,0.0404917725278504,0.0563645836426081,1.0283609440616426,1.0400351266689485,1.0450855040239526,235.48744784537584,233.22091654355057,2.2665313018252675,1.4177592144028808,0.8487720874223867,60.77901252682644,0.0130970901619906,0.0119629050840254,0.0140071198020845,0.0145348444156442,0.0041431336582687,0.1221200888668878,1.342321738760557
2016-08-31,0.0084637681598565,0.0287479573339561,0.0150093479665609,0.009946044034035,0.0387065245220186,0.0460870452559993,0.0466034636954206,1.0144608486192983,1.029106230132795,1.036416351662533,236.53525156102117,233.8933058364039,2.641945724617244,1.6625965164457537,0.9793492081714908,69.43775268707775,0.0151671798399819,0.0113044758159944,0.0141448363481091,0.0254717271649995,-0.0046013651518992,0.2820348820443257,1.415970487568278
2016-09-01,-0.0060015168579556,0.0084637681598565,0.0287479573339561,-0.0076432903531939,0.016293074291533,0.0109523262480768,0.0354645557266197,0.9818830629652502,0.9981234353194371,1.0045704603785872,236.33872247471015,233.99438040407767,2.344342070632507,1.798945627283104,0.545396443349403,54.56746718745141,0.0220496673482651,0.0155176219923134,0.015119691361819,0.0457151111023478,-0.0226020784321927,0.8295825949576017,1.938727708339387
2016-09-02,-0.0290565935311944,-0.0060015168579556,0.0084637681598565,0.0150093479665609,-0.0141550595481434,-0.0015272662407861,0.0204934750709284,0.9694531511894456,0.982899761022048,0.988118397163566,235.615036805524,233.819594124146,1.795442681378006,1.7982450381020847,-0.0028023567240786,42.960184675052034,0.0222511753133951,0.0163609083886398,0.0155983182606961,0.029851487600867,-0.0172145879684724,-0.3401237581105766,1.0951518403156186
2016-09-06,-0.0154003254408394,-0.0290565935311944,-0.0060015168579556,0.0287479573339561,-0.0355099500014297,0.0079557618133594,0.003591664899156,0.9827803873479826,0.9884811325309778,0.9943283724886892,235.2330293778112,233.76866037609005,1.46436900172111,1.7314698308258898,-0.2671008291047798,48.38813943319118,0.0156396877313199,0.0164435341574252,0.0147619176162033,0.0098048648371983,0.0,-0.5907346287229176,0.4651719786334102
2016-09-07,0.0064637227332902,-0.0154003254408394,-0.0290565935311944,0.0084637681598565,-0.0457145632886322,0.0071255329582737,-0.0112703451447131,0.989912649716604,0.9856126636479324,0.9926961114756426,234.8306672860325,233.68340225795376,1.1472650280787775,1.6146288702764675,-0.46736384219769,51.49228472879645,0.0135758738447527,0.0164583576316437,0.0144710930691673,0.0137571866977609,-0.0042563692207124,0.1231063371997103,0.5455580574422491
2016-09-08,-0.0022061011334986,0.0064637227332902,-0.0154003254408394,-0.0060015168579556,-0.0250943794396373,0.0126408288692361,0.0026195690427779,1.0104624638792392,0.9996178718850778,1.0079271235281242,235.04407996994215,233.87113910784203,1.1729408621001485,1.5262912686412038,-0.3533504065410555,54.89632187638005,0.0176450604254227,0.0168860216146998,0.0149025379417082,0.0152409702021985,0.0101167801120808,-0.0557696737744942,0.5683247085706521
2016-09-09,0.0154767858379809,-0.0022061011334986,0.0064637227332902,-0.0290565935311944,0.0149144602206687,0.0314505369205952,0.0407512258310651,1.0183081832546503,1.0073000228170976,1.0167742485664932,235.61676855704843,234.2337625654932,1.383005991555251,1.4976342132240132,-0.1146282216687621,58.99847043688776,0.0121862472461271,0.0167967776605899,0.0136905519094545,0.0190512343424525,0.0092270480863208,0.2509663105962005,0.9539050513927254
2016-09-12,0.0107896420934536,0.0154767858379809,-0.0022061011334986,-0.0154003254408394,0.0327132668828047,0.0180951490939209,0.0319495228003856,1.0136574956098274,1.0073735978994989,1.0170685680194829,236.1699265532297,234.6025427852512,1.5673837679784697,1.5115841241749046,0.055799643803565,60.58662574554991,0.0070043733899752,0.0162787635347591,0.0135497234530055,0.0256569218493543,0.0156250080980409,1.2059677035086165,1.967595408528369
2016-09-14,0.0018668433048596,0.0107896420934536,0.0154767858379809,0.0064637227332902,0.0243650930475154,-0.0120100601898117,0.0086406758745372,1.0071141346697894,1.0069199913822355,1.0149263611499744,236.5764411016812,234.91437451361517,1.6620665880660113,1.541680616953126,0.1203859711128851,60.45730404308063,0.0078967642564114,0.0132718153972693,0.0127387485312688,0.017324672392167,-0.0031011839366989,-0.4476799436471418,1.0035672818040644
2016-09-15,-0.0016722569095892,0.0018668433048596,0.0107896420934536,-0.0022061011334986,0.0465287515139556,-0.0013128533305022,0.0391257594389269,1.0173474613129552,1.0265752884121546,1.0325870872504763,237.6325402884117,235.545982758194,2.086557530217675,1.650655999606036,0.4359015306116391,62.772672039411496,0.0089104943090393,0.0145373986804562,0.0131251524924962,0.021784043090969,0.0171919971727514,0.6861744378157042,1.411365070771091
2016-09-16,0.0193826501276195,-0.0016722569095892,0.0018668433048596,0.0154767858379809,0.0407876919324379,0.0146697706749807,0.0614329023159732,1.0192178140890609,1.0351929739633214,1.0396784580931993,238.89716956946137,236.30943815501183,2.587731414449536,1.838071082574736,0.7496603318747996,67.75923527616519,0.0082482301114272,0.0146816848599618,0.0128464999179157,0.0323090617431586,0.0080130799851553,0.2535308953562827,1.4221721275704655
2016-09-19,0.0099060714904677,0.0193826501276195,-0.0016722569095892,0.0107896420934536,0.0362356892867721,0.0516905852538771,0.0632090436556083,1.0184035131210378,1.0364787892489984,1.0430559020789114,240.208132176263,237.1323261815793,3.075805994683748,2.0856180649965386,0.9901879296872091,66.16250300411647,0.0081176620103525,0.0100031716459585,0.0128631736072884,0.0157058230825219,0.0091837082085635,-0.5758865923098533,0.5970808386765336
2016-09-20,0.0063688393104404,0.0099060714904677,0.0193826501276195,0.0018668433048596,0.0264691937248011,0.0600483544060979,0.0584293783408127,1.0054475196254702,1.0226677857138808,1.032204755001119,241.0290429374569,237.75541699213068,3.273625945326245,2.32321964106248,0.9504063042637648,55.6876023406659,0.0104292187734787,0.0083990542908393,0.013015765284225,0.0146154838048154,-0.0090405789645688,-0.3085965633892671,0.4906517170479225
2016-09-21,-0.0075757267397578,0.0063688393104404,0.0099060714904677,-0.0016722569095892,0.0263221032584848,0.0513285368010996,0.0596926562274766,0.998482145504548,1.0157489702307934,1.0273496760516505,241.65508438983736,238.29933516885652,3.355749220980812,2.5297255570461465,0.8260236639346652,52.08554953462748,0.0104532349953484,0.0087363905991949,0.0129899297292016,0.0148285821063288,-0.0016294383876068,-0.0509808635095463,0.498114125794983
2016-09-22,-0.0018153147764646,-0.0075757267397578,0.0063688393104404,0.0193826501276195,0.0224882483591264,0.0700633499929681,0.0776881216607838,1.0095302554922982,1.0246482029984982,1.0394413929685666,242.77209439356432,239.0857288166496,3.6863655769147385,2.761053561019865,0.9253120158948732,59.61473912817923,0.0092340887012316,0.008902854701285,0.0132409267303382,0.0154276949287361,0.0054939646394868,0.7144055125859492,0.9647096043049378
2016-09-23,0.0155747177493685,-0.0018153147764646,-0.0075757267397578,0.0099060714904677,0.0253358976844746,0.0671569824064985,0.0806467311977094,1.0172305662520464,1.0309480779101838,1.048543128446848,244.2043149037792,240.0483805865245,4.15593431725469,3.0400297122668305,1.1159046049878598,77.5449001566415,0.0097192990300245,0.0086441859766119,0.0133225805865479,0.018543723023907,0.0126721828942999,0.6569085007713971,1.746399905123686
2016-09-26,0.0127186792126199,0.0155747177493685,-0.0018153147764646,0.0063688393104404,0.022912072873608,0.0599779969139442,0.0933148740409048,1.0166378998867025,1.0290345464414845,1.048018402752181,245.5709273081557,241.014226138058,4.556701170097739,3.3433640038330124,1.2133371662647263,88.41588340959603,0.0096970604394407,0.0085408409460083,0.0130398170426849,0.0264631794051595,0.0034439235343224,0.229282471938768,1.728559292062683
2016-09-27,0.0039898513445335,0.0127186792126199,0.0155747177493685,-0.0075757267397578,0.0337925580918438,0.0611562135832346,0.0803579934799638,1.0129156862862336,1.0259987301266205,1.0470488172760948,246.8433406099058,241.9644029996486,4.878937610257196,3.6504787251178494,1.228458885139347,88.09924027550399,0.0072227938171177,0.0084898888995815,0.0128074153204603,0.0174245679368858,-0.005819171862395,-0.4929912171410189,0.8183285721587944
2016-09-28,0.0029804666240491,0.0039898513445335,0.0127186792126199,-0.0018153147764646,0.0171601859530643,0.0439339813981405,0.031396271447359,0.9914819852992176,1.0034040339261832,1.0267260446734023,247.2219412845537,242.50809499931296,4.713846285240749,3.863152237142429,0.8506940480983194,76.739939368954,0.0131165205816554,0.0112206858928486,0.0122887992772465,0.0198963754291044,-0.0155699753235788,0.2810750812858218,0.9383438091513489
2016-09-29,-0.0178748027442562,0.0029804666240491,0.0039898513445335,0.0155747177493685,-0.015152208039068,0.0069952937024868,0.0056732565773494,0.9778703750255489,0.9859841230239914,1.0093053303799726,246.9022622730779,242.70334927417576,4.198912998902131,3.9303043894943697,0.2686086094077611,64.05182726167769,0.0136042261626773,0.011646358793511,0.0128266108320149,0.0404214329369688,-0.0205936293859971,-0.1434289056259502,0.7888533276566365
2016-09-30,-0.0166873102591484,-0.0178748027442562,0.0029804666240491,0.0127186792126199,-0.0173195407016104,0.0075775508717059,0.0223584824802527,0.9915820373732186,0.9955811249347624,1.0187568088614125,247.02738983578348,243.0746264709527,3.952763364830816,3.9347961845616592,0.0179671802691561,64.07767922466721,0.0129838663242933,0.0116986664036511,0.0129257392573788,0.0260681573427699,0.0147003930722086,-0.4732019005380687,0.4875094932583609
2016-10-03,0.0104900117075081,-0.0166873102591484,-0.0178748027442562,0.0039898513445335,-0.0149024537014791,0.007668173066925,0.0597551306744594,1.0010095527611305,1.001248469669467,1.0223818958881263,247.37943352691292,243.53692627518765,3.8425072517252943,3.9163383979943855,-0.0738311462690921,65.33657852788673,0.0133772281103582,0.0117034732608954,0.0108204124067791,0.0290638706341673,0.0034038896753592,0.6183356558278332,0.956169425281465
2016-10-04,0.0064593527933374,0.0104900117075081,-0.0166873102591484,0.0029804666240491,-0.0127420057173206,0.020619967406114,0.0819065169228565,1.008815094739041,1.004392800591533,1.023695738297107,247.87600721132415,244.0606474752172,3.8153597361070126,3.896142665616912,-0.0807829295098994,67.43244108750973,0.0136533722166425,0.011376584346035,0.0099237121066264,0.0148675174933731,0.0030190500316472,-0.2764989238721623,0.7407198454951484
2016-10-05,0.0051801341954589,0.0064593527933374,0.0104900117075081,-0.0178748027442562,-0.0011461340499435,0.0159943840296965,0.0681438891600751,1.002650650381725,0.996460145705262,1.0139164401007317,248.05177670360243,244.4278964704702,3.62388023313224,3.841690179119978,-0.2178099459877378,59.05716049957822,0.0111477403191637,0.0116366207104039,0.0101657828437216,0.0190012951849475,-0.0132246835121576,-0.1771940232949355,0.7242648095299082
2016-10-06,-0.0063392185153843,0.0051801341954589,0.0064593527933374,-0.0166873102591484,0.0357592815876299,0.0200652414746187,0.0915344295037163,1.0151802097407758,1.0140079112592113,1.0293716005342566,248.95307290710468,245.13028947461072,3.822783432493964,3.837908829794776,-0.015125397300812,62.10926338778958,0.009401455864066,0.0122335227369405,0.0106973685427569,0.0308336546925143,0.0172161769576493,0.9565503285840912,1.419905552369726
2016-10-07,0.0196438936873566,-0.0063392185153843,0.0051801341954589,0.0104900117075081,0.0233459562041797,0.005622074263873,0.0731566182127985,1.0088696981337717,1.0117920932609146,1.024116155562248,249.65240765667272,245.7501753490319,3.902232307640816,3.850773525363984,0.0514587822768315,59.46620738805078,0.0098545959912199,0.0116723667695767,0.0104495057670952,0.0149232897461514,-0.0044883221649601,-0.2761902596484447,0.9742641641639178
2016-10-10,-0.0016204675660397,0.0196438936873566,-0.0063392185153843,0.0064593527933374,0.0051801341954591,-0.0097995162160352,0.0495907253445453,0.9963376119128748,1.0012420033510214,1.0100186403821183,249.7992930134286,246.1099521732211,3.6893408402075063,3.8184869883326886,-0.1291461481251818,57.64055127212043,0.0120383117558289,0.0121830720311115,0.0108166743093613,0.0255393532467625,-0.0158438335695479,-0.2438890917634247,0.8040283429882884
2016-10-13,-0.011406708386669,-0.0016204675660397,0.0196438936873566,0.0051801341954589,-0.0357549605934464,-0.0480413763984627,0.0101768085089148,0.9676076129139164,0.9701694809593931,0.9734279291250976,248.5450499739528,245.7793418831185,2.7657080908343232,3.607931208833016,-0.8422231179986923,45.856210481733655,0.0199091330541075,0.0162762919099593,0.0137910357810967,0.03504707051576,-0.0292469788401575,0.8987953776040878,1.3596881209128315
2016-10-14,-0.0357549605934464,-0.011406708386669,-0.0016204675660397,-0.0063392185153843,-0.010785752683708,-0.0119195248152464,0.0314907844013863,0.9884973908110896,0.990164034854024,0.990803571412132,248.20468180262952,245.8203281777284,2.3843536249011663,3.363215692046646,-0.9788620671454796,46.96236199283729,0.0232060241254554,0.0171884911275016,0.0143994722103886,0.0188837015057988,0.0137817336312284,-0.3041466329717696,0.8964108425456588
2016-10-17,0.019391712555739,-0.0357549605934464,-0.011406708386669,0.0196438936873566,-0.0451476746846307,-0.0110028415090751,-0.0040845159145063,0.9819378569708502,0.9756018997484268,0.9753686421116888,247.3188456524053,245.57043326279825,1.7484123896070116,3.04025503155872,-1.2918426419517075,38.85804611675761,0.0201746303040675,0.0170985465535993,0.0142662192745431,0.0207891753975549,-0.0179166506220678,-0.3562819004407213,0.665189507352393
2016-10-18,-0.0157750502256088,0.019391712555739,-0.0357549605934464,-0.0016204675660397,-0.0251578043463265,-0.0023991811406093,0.0051601898139532,1.0060675001894994,0.9946500069307748,0.9939207419070109,247.28845045287656,245.68531056595904,1.6031398869175175,2.752832002630479,-1.1496921157129614,43.640351947294455,0.0239134503219838,0.0179577497009786,0.0147580590019979,0.0191471744341272,0.0141651379364002,0.1268325812898445,0.7948298554699502
2016-10-19,0.0192806465357457,-0.0157750502256088,0.019391712555739,-0.011406708386669,-0.0082090669565877,-0.0030714568295833,0.0045731637748049,1.0135815094979108,1.0007086191265115,0.9994392906586596,247.48252138305295,245.8975032276675,1.585018155385484,2.5192692331814803,-0.9342510777959964,44.4391030009541,0.0239711126684703,0.0179315096071914,0.0147460476030363,0.0122315920954347,0.0026741519694901,0.541861353291303,1.135538397527356
2016-10-20,0.0057811074049696,0.0192806465357457,-0.0157750502256088,-0.0357549605934464,0.0287565625840811,-0.0080265877713621,0.0124278716565242,1.0080548287999598,1.001703994979221,0.999010249808332,247.65377072255924,246.0973653656065,1.55640535695278,2.32669645793574,-0.77029110098296,49.17772471316239,0.0146925271577931,0.0178354752118492,0.0146286503253925,0.0128269986356463,-0.0058503141170912,-0.4069370070429505,0.7989912052565475
2016-10-21,0.0001839895679081,0.0057811074049696,0.0192806465357457,0.019391712555739,-0.0124808152204919,-0.0231319529179406,-0.0075075502265705,0.9888772414930672,0.982477538962933,0.977922789444106,246.9775328402124,245.8870586338804,1.090474206331976,2.079452007614987,-0.9889778012830112,47.86987755777401,0.0164789671623816,0.0189760412781875,0.0154453484386642,0.0362714087058782,-0.0298997251290334,3.3068274697921325,2.3776039914037987
2016-10-24,-0.0214702782304206,0.0001839895679081,0.0057811074049696,-0.0157750502256088,0.0024984596251869,-0.0427620147018144,-0.0235548033781288,0.9875545478183788,0.9859703311389488,0.9782486070731192,246.373680131622,245.67709060428743,0.6965895273345666,1.8028795115589031,-1.1062899842243366,44.43534809733588,0.0147068849819605,0.0173990659881606,0.014988857541542,0.0125552713443819,-0.0062616908780097,-0.7589245027886105,0.5689248684867326
2016-10-25,-0.0008457442841379,-0.0214702782304206,0.0001839895679081,0.0192806465357457,-0.0187309435924161,-0.0434175185246225,-0.0380395407742479,0.9889991976478676,0.9881102538272316,0.9778816236085888,245.77656967417292,245.44119220087376,0.3353774732991894,1.5093791039069606,-1.1740016306077712,41.650347007489856,0.0103784625510369,0.0173890411796615,0.0146329650637169,0.0104161934197525,-0.0038967278429976,-0.2714778260132177,0.430377883798894
2016-10-26,-0.002304144572359,-0.0008457442841379,-0.0214702782304206,0.0057811074049696,-0.0306249008915052,-0.0385825659861358,-0.0480039917211336,0.988799125725306,0.9856599665660916,0.9739994082026664,245.03218896934223,245.1076294521256,-0.0754404827833354,1.1924151865689014,-1.267855669352237,38.243474905194006,0.008913778834685,0.0172329727248091,0.0145998302253619,0.006973158340352,-0.0018938589438232,0.4291651118440791,0.6605692128953337
2016-10-27,-0.0064099603410171,-0.002304144572359,-0.0008457442841379,0.0001839895679081,-0.0357225193966792,-0.0079932136772897,-0.0556505850888485,0.9910037652149608,0.981432613613226,0.9718306291271356,244.2141875038064,244.7081887107355,-0.4940012069290844,0.8551319078693043,-1.3491331147983887,38.58666250344896,0.0082631959100067,0.0131600803388448,0.0145559494205082,0.0100123653928389,-0.0022833206326946,0.1732652702690233,0.7504146176331059
2016-10-28,-0.0050756425584888,-0.0064099603410171,-0.002304144572359,-0.0214702782304206,-0.0086919780248247,-0.0210643102736883,-0.0327327585199116,0.9986557997069144,0.9893835730306452,0.979242349404446,243.74182471025205,244.44416209110344,-0.702337380851418,0.5436380501251599,-1.2459754309765778,32.88384845361624,0.0048306184448829,0.0114536250785835,0.0142250697493401,0.013460349102692,0.0047142782941728,-0.3671026521676972,0.8113631401949615
2016-11-01,0.0059597807100126,-0.0050756425584888,-0.0064099603410171,-0.0008457442841379,-0.0115677449391939,-0.009098186857692,-0.020000922458752,0.9972388561404336,0.9865719214142684,0.9765479838516338,243.20322414259908,244.13281090068895,-0.9295867580898972,0.2489930884821485,-1.1785798465720456,32.45613857967541,0.0048709542779931,0.0104408978621719,0.0137886544445581,0.0081351314804745,-0.0002853528460327,0.2578661409756853,1.0265114514309306
2016-11-02,-0.00374427298283,0.0059597807100126,-0.0050756425584888,-0.002304144572359,-0.0349719663734916,-0.05304785203645,-0.0553197617709037,0.978270199290838,0.9661938144895216,0.9538850533770488,241.7891933400117,243.3831229766217,-1.593929636610028,-0.1195914565362868,-1.4743381800737412,29.82212477351393,0.0116281703111172,0.0105360414736753,0.0145843925212481,0.0213431452303867,-0.0165706453345302,-0.311417456572577,0.7157339287266157
2016-11-03,-0.0259277106842045,-0.00374427298283,0.0059597807100126,-0.0064099603410171,-0.0285565295613035,-0.0583068895651884,-0.0611992593006051,0.9841225379225924,0.972199779522353,0.9570475652054916,240.5997388658272,242.69235381226548,-2.0926149464382604,-0.5141961545166815,-1.5784187919215789,38.218579902906136,0.0120838627039796,0.0100133724828194,0.0144430204888793,0.0138190315953731,9.766777439396102e-05,0.0386186244113455,0.8026871873052185
2016-11-04,0.0001953546286397,-0.0259277106842045,-0.00374427298283,-0.0050756425584888,-0.0411461533927424,-0.0753988285267506,-0.0828202209830849,0.9745212714890548,0.962221209922011,0.9438549512586224,238.94621317868675,241.7412033002024,-2.794990121515667,-0.9703549479164788,-1.8246351735991884,24.027405587692684,0.0132335162684967,0.010416443077772,0.0146742629039413,0.0267515619970275,-0.0144082148258993,0.5776933731881522,1.3037962548825286
2016-11-07,-0.0179695718318702,0.0001953546286397,-0.0259277106842045,0.0059597807100126,-0.0509976776180518,-0.0592463849497035,-0.0810078532804294,0.980481471540024,0.9638258667071554,0.9436332162934036,237.39234254768084,240.78600706145767,-3.3936645137768267,-1.4550168610885486,-1.938647652688278,26.426332072840907,0.0110821256313638,0.0092541468021929,0.0146658364075009,0.0174798660190541,-0.0126725517511246,-0.1759596917169473,1.0419245618224753
2016-11-08,-0.0043757226458086,-0.0179695718318702,0.0001953546286397,-0.00374427298283,-0.0451950337481277,-0.056239974064405,-0.0965970541684477,0.992012511946924,0.9716822832463552,0.9506554597841492,236.16017053839215,239.9413565004093,-3.781185962017133,-1.9202506812742657,-1.860935280742868,14.107330869435003,0.0122637029209375,0.0095053342220315,0.0136672165869609,0.0073742459767633,-0.0021875350130387,0.41300404795267,1.3755076867646034
2016-11-09,0.0023473002946128,-0.0043757226458086,-0.0179695718318702,-0.0259277106842045,-0.0187057273334511,-0.0530235176396455,-0.0941388866049081,0.9968742079303332,0.9780746047605124,0.9564271457968084,235.15624565763596,239.1778974124884,-4.021651754852428,-2.3405308959898985,-1.6811208588625297,9.810625611125658,0.0083488811285922,0.0097003375427301,0.0137157441172045,0.0786382815402432,0.0574736607191165,0.6110799874300863,1.7059358019636768
2016-11-10,0.0010961321462537,0.0023473002946128,-0.0043757226458086,0.0001953546286397,-0.0132330169849708,-0.0414116575055577,-0.0783964554833901,1.005333128302254,0.9879199012716076,0.965900965156002,234.51073851319197,238.56919754628552,-4.058459033093584,-2.684116523410636,-1.3743425096829482,14.463393365581965,0.0093223645287621,0.0103043611575364,0.0138204999985748,0.0217241103197201,-0.0080502321800493,-0.5487973185391003,0.7410710273984247
2016-11-11,0.0057734769312429,0.0010961321462537,0.0023473002946128,-0.0179695718318702,-0.0037790512991975,-0.044769711267504,-0.0524050710763621,0.9974807743586188,0.9839793312083456,0.9601744496830482,233.6603479839689,237.85912365939345,-4.198775675424514,-2.987048353813411,-1.2117273216111029,16.7288326312991,0.0056946116429042,0.0103968477304092,0.0117060450733377,0.0223608971040356,0.0039084254786473,0.5132314928240631,1.0688531810921078
2016-11-15,-0.0085609858839298,0.0057734769312429,0.0010961321462537,-0.0043757226458086,-0.015731926091112,-0.0659273120140584,-0.0856029089319724,0.9842877496160124,0.974577317725031,0.9486972752058044,232.3658121199989,236.92480819337644,-4.5589960733775,-3.3014378977262293,-1.2575581756512708,14.364150605761507,0.0090917891623921,0.0102882086914892,0.0108648727167261,0.020753011523798,-0.0111390035206329,-0.0194824751799114,0.9775738460981204
2016-11-16,-0.0163214384456269,-0.0085609858839298,0.0057734769312429,0.0023473002946128,-0.0168909320575683,-0.0613225795613168,-0.0698628421315642,0.9887846252151176,0.9819739703749494,0.9532044931529464,231.31087610574428,236.07917262552215,-4.768296519777891,-3.594809622136561,-1.1734868976413295,15.601840920806424,0.0089277658772132,0.0105611727009598,0.0105889404800923,0.0163195059997537,-0.008492488523551,0.1424190697202478,1.0716934853761757
2016-11-17,0.001167005482358,-0.0163214384456269,-0.0085609858839298,0.0010961321462537,-0.026727024585867,-0.0449328034849804,-0.0955970668105762,0.985267608308946,0.977691354038412,0.9494423945536796,230.10877326510692,235.14717521930584,-5.038401954198889,-3.883528088549027,-1.1548738656498625,15.318179004591386,0.0087981224646094,0.0081315167702356,0.0091697421897194,0.0242904523232668,-0.008367104580886,-0.2369911427643029,0.9257522989425964
2016-11-18,-0.0089199225384226,0.001167005482358,-0.0163214384456269,0.0057734769312429,-0.0226643051794159,-0.035597405028995,-0.0918287206303506,0.9997064237037294,0.9910529253826484,0.9635815045022404,229.4344837032876,234.44930232256328,-5.0148186192756725,-4.109786194694356,-0.9050324245813162,23.251738866585683,0.0102141830929909,0.0092738333653073,0.009471294577724,0.0108354719325916,0.0025380664218304,0.4383281051612486,1.1855353540248077
2016-11-21,0.0099718627145157,-0.0089199225384226,0.001167005482358,-0.0085609858839298,-0.0102320685579044,-0.0139724523451248,-0.0883177743334072,1.005843348769034,0.996472417384654,0.9720397891266184,229.00459825224092,233.8708523928537,-4.866254140612767,-4.261079783878039,-0.6051743567347287,21.71198068633491,0.0105232386479123,0.0080047075595903,0.0096159182732722,0.0104387005158655,0.0039998185741294,-0.2714922154570386,0.8814242794982521
2016-11-22,0.0040506525578152,0.0099718627145157,-0.0089199225384226,-0.0163214384456269,0.0162878115839264,0.00029964684479,-0.0589644910972289,1.0126396722822228,1.006441956166688,0.9848237230637024,228.99075653269543,233.5037245915457,-4.512968058850248,-4.3114574388724805,-0.2015106199777676,29.030880212617674,0.0078152067320456,0.0086741183872475,0.0092758960646886,0.0144789923097017,0.003758671567162,0.3335683367096334,1.127970851559312
2016-11-23,0.0100352828844951,0.0040506525578152,0.0099718627145157,0.001167005482358,0.022756097527969,0.0054807937731604,-0.0510674199908994,1.0156627307987194,1.013469391345669,0.9949046817662958,229.2445519331642,233.29162844667135,-4.047076513507193,-4.258581253799424,0.2115047402922307,42.508887519231074,0.0079073771893742,0.0089760864842005,0.0095630854225753,0.01085235038439,0.0039801189333027,-0.2571887508780142,0.8764453238496152
2016-11-24,0.0075390532383059,0.0100352828844951,0.0040506525578152,-0.0089199225384226,0.0098184536433902,-0.0171709889943988,-0.0692840403962097,0.9919526619091774,0.9934447893902488,0.9770978104376244,228.69794465333248,232.72866371834445,-4.0307190650119935,-4.213008816041938,0.1822897510299448,34.73727988348405,0.0133531228513816,0.011351774422663,0.0104522992401343,0.0236491632538196,-0.0180995619298455,0.4429296170839121,1.166592819887397
2016-11-25,-0.0214568716060354,0.0075390532383059,0.0100352828844951,0.0099718627145157,0.0062784371059834,-0.0165281644880521,-0.0572553633066352,0.9970900687871946,1.0015168023962044,0.9863271667430864,228.45873731033177,232.31491802986176,-3.856180719529988,-4.141643196739548,0.2854624772095606,44.50622262302709,0.0129131773379484,0.0114015130414055,0.0106585346436543,0.0116231639689506,0.0037373345678059,-0.4472307061835773,0.7126234657634264
2016-11-28,0.0064313083867302,-0.0214568716060354,0.0075390532383059,0.0040506525578152,-0.0048916407584848,-0.0150736577127877,-0.0591685256767452,0.9909805606887676,0.995927028473269,0.9823546191562385,228.008406292336,231.81244896789863,-3.804042675562613,-4.074123092504161,0.270080416941548,43.43888095158968,0.0132806713070517,0.0113112070302459,0.0106898488583652,0.0167232527209274,-0.0063947827457166,-0.2048966404858018,0.6073412599838096
2016-11-29,-0.007094696040924,0.0064313083867302,-0.0214568716060354,0.0100352828844951,-0.0037445968574235,0.0124822234384314,-0.0542680080148816,1.002834512429884,1.0058321414431184,0.9961957296056444,228.0159490292122,231.5342997170937,-3.518350687881451,-3.962968611579619,0.4446179236981677,47.56709685187309,0.0135284283475603,0.0106204172414191,0.0109809838174811,0.0162874652782702,0.0087967838315748,0.1891671098599181,0.814612743368631
2016-11-30,0.0111995327878646,-0.007094696040924,0.0064313083867302,0.0075390532383059,-0.0187809650001842,0.0035477510565713,-0.0579923857511758,0.9989506667341822,0.997767736529942,0.9915745487977624,227.7533071563286,231.14722394956587,-3.393916793237281,-3.849158247911152,0.4552414546738705,44.214712172873,0.0129152077696431,0.0109929224661038,0.011035001317553,0.0134336863777675,-0.0099004798367494,1.7916351593849482,1.8357522944859788
2016-12-01,-0.0076676177367387,0.0111995327878646,-0.007094696040924,-0.0214568716060354,0.0105332154682684,0.0204550889994497,-0.0253968189798108,1.004611499527366,1.0035050890950832,1.0005891549728951,227.8018541961302,230.9191972062676,-3.117343010137404,-3.702795200356402,0.5854521902189984,45.04502290235206,0.0088563358988646,0.0106822172924677,0.0098467902050054,0.0200451323069454,-0.0022500026200856,-0.5424046906921406,0.9166958067911384
2016-12-02,0.0077773654386119,-0.0076676177367387,0.0111995327878646,0.0064313083867302,0.0010566940188971,0.0073417655118186,-0.0285169873177285,1.0013791442854365,0.9997587984232696,0.9990433894295004,227.7374331929996,230.65726538919452,-2.9198321961949603,-3.546202599524114,0.6263704033291537,47.13114238329968,0.0087148260317888,0.010401390336644,0.0098482708898682,0.013269622823582,-0.0011547015159921,-0.0115946149164801,0.8801710879125159
2016-12-05,-0.0030067464295344,0.0077773654386119,-0.0076676177367387,-0.007094696040924,0.0072974833357446,0.0023701459103402,-0.0116354231855677,0.99902497704362,0.9986184355600426,0.9987263073310874,227.65127403740595,230.3994974849313,-2.7482234475253904,-3.386606769124369,0.6383833215989791,53.9652954808444,0.0078042110603259,0.0103461911322779,0.009043427993702,0.0132817062098029,-0.0011557459398443,-0.6805483826773053,0.2994398273528348
2016-12-06,-0.0009047241336268,-0.0030067464295344,0.0077773654386119,0.0111995327878646,0.0075172762266648,0.0037445302003067,0.0040452990817565,1.008912772750311,1.0096424065654386,1.0099264275959008,227.97750954081584,230.3530017312009,-2.375492190385017,-3.184383853376499,0.8088916629914817,57.98717066875723,0.0078732315622715,0.0104993379453324,0.0093750365991251,0.0118881748135997,0.0092369527707004,0.6869851196813412,0.5303121913629766
2016-12-07,0.0114201771082227,-0.0009047241336268,-0.0030067464295344,-0.0076676177367387,0.0091914625295623,-0.0097621270066901,-0.0043348374384406,1.0010118933719163,1.004559570852076,1.00406743165741,228.04079814962063,230.2075116398561,-2.1667134902355087,-2.9808497807483016,0.8141362905127929,59.38598109224629,0.0074130671095553,0.010352771584415,0.0094624724476021,0.0112595166630211,-0.0048306724797409,-0.2669351027277867,0.6049588550464176
2016-12-08,-0.006018664094446,0.0114201771082227,-0.0009047241336268,0.0077773654386119,0.0223503201805936,0.033118956387109,0.0153792821570812,1.0174047572307996,1.022212000627344,1.0242751498219549,228.829333053435,230.42667929797156,-1.5973462445365385,-2.704149073505949,1.106802828969411,63.00442127867719,0.0113317627109071,0.009667864503696,0.0105751795310939,0.017107039985184,0.0149246702893012,0.7746492755327918,1.1864699603673707
2016-12-09,0.0209177846634225,-0.006018664094446,0.0114201771082227,-0.0030067464295344,0.0343805236689844,0.035473547381609,0.0183590702674589,1.019327565279644,1.027501252270632,1.0322506492253325,229.80953848136207,230.7803081155263,-0.9707696341642418,-2.357473185637608,1.3867035514733663,64.39833466875336,0.0105834873513411,0.0097768661511527,0.0106681814783574,0.011225039186496,0.0068003932332578,-0.0584417721571063,1.262351742396564
2016-12-12,0.008725075315175,0.0209177846634225,-0.006018664094446,-0.0009047241336268,0.0335563541245613,0.0410987143953383,0.0254055487293194,1.010914176689926,1.0216168713675398,1.0291811842699083,230.57740085667533,231.0781107677761,-0.5007099111007562,-1.9861205307302376,1.4854106196294816,60.56628767334924,0.0107338136083258,0.0092604309309395,0.0104539391720185,0.0206386253610385,0.0065654181062389,0.0952391008887072,1.1977246246668107
2016-12-13,-0.0017007792405282,0.008725075315175,0.0209177846634225,0.0114201771082227,0.0344210262429587,0.0421970548318972,0.055205991337184,1.0163924572253016,1.029836315530651,1.0389740014275892,231.67022936069645,231.5671978318529,0.1030315288435588,-1.5682901188154783,1.6713216476590371,62.13555614822209,0.0108336595837159,0.0093572739350711,0.0098538896470829,0.0129351963272199,0.0114785966824804,0.1487142735560263,1.2546308724832216
2016-12-14,0.0122663301250756,-0.0017007792405282,0.008725075315175,-0.006018664094446,0.0604013550784776,0.0701479943999785,0.0739446130777987,1.023572612739836,1.0421790034828682,1.0548140105583197,233.28771463858808,232.35361900482616,0.9340956337619276,-1.0678129682999973,2.001908602061925,78.87159005065725,0.0090296463424174,0.0093975381168199,0.010486484489672,0.0247758235805308,0.0189459888931174,1.328735499342406,1.994365538091608
2016-12-15,0.0189459888931173,0.0122663301250756,-0.0017007792405282,0.0209177846634225,0.0322533168289456,0.0553245089675524,0.0769112657217843,1.0108190604492784,1.0301426441086374,1.0443834535227068,234.42601404289783,232.97088135755027,1.4551326853475928,-0.5632238375704792,2.018356522918072,73.67163093216953,0.0102610279076977,0.0102420477316046,0.0103308142881472,0.0179970496348939,0.000522600058026,-0.1991475297917169,1.3594912522947409
2016-12-16,-0.0061821739651731,0.0189459888931173,0.0122663301250756,0.008725075315175,0.0274065757019659,0.0627293517955576,0.0705316614989675,1.009385873731585,1.027976053261613,1.0449398989581558,235.5368908450422,233.61353557231217,1.9233552727300207,-0.0659080155103792,1.9892632882404,78.82261114947046,0.0102124843299602,0.0098312055166819,0.0102276529747056,0.0094594412839303,0.0048954881493336,-0.2270734108745992,0.9602574693563394
2016-12-19,0.0039888063890891,-0.0061821739651731,0.0189459888931173,-0.0017007792405282,0.03441393380966,0.0691250940839576,0.0716590765533429,1.007739066358131,1.026370437648226,1.04660239837201,236.66676267492156,234.30001869578965,2.3667439791318827,0.4206223834180731,1.9461215957138096,77.79686574552304,0.00944331663775,0.0095313827153506,0.010233580550904,0.0118583042148765,0.0071563837072463,0.0045125866956994,0.8956814320138718
2016-12-20,0.0051080540918009,0.0039888063890891,-0.0061821739651731,0.0122663301250756,0.0174072111021574,0.0524274114152802,0.0563682576409552,0.9998960215760276,1.016703178662315,1.0391332553437775,237.45928314831104,234.85691699624616,2.602366152064832,0.8569711371474249,1.745395014917407,79.85044557374842,0.0099647296054046,0.0099697480867114,0.0102577390512963,0.0074203387550342,0.0030340148015262,-0.2212888735328256,0.6866406211493415
2016-12-21,-0.0043762654741308,0.0051080540918009,0.0039888063890891,0.0189459888931173,0.0035393673658055,0.0641545050292984,0.053766093596461,1.0042407899203698,1.015588410893138,1.0416130758621356,238.3180182641658,235.46314991514404,2.854868349021757,1.256550579522291,1.5983177694994657,79.42500539788432,0.0055308924964981,0.0091722967797472,0.0102122452330961,0.0094991574239454,0.0029713960001007,0.742607760034955,1.2520237149573683
2016-12-22,0.0050571707330371,-0.0043762654741308,0.0051080540918009,-0.0061821739651731,0.0003798742471696,0.0326454432805645,0.0668455826799203,0.9948150772283196,1.0029421209614977,1.0285892839408568,238.6964910590117,235.85684928666404,2.8396417723476475,1.5731688180873626,1.2664729542602848,74.78851404964769,0.0065837251781015,0.0087832860730548,0.0089898704587742,0.0111074192916907,-0.0043950859129857,0.4185479362765734,1.5892519111258692
2016-12-23,-0.0093110602696304,0.0050571707330371,-0.0043762654741308,0.0039888063890891,0.0001418868833811,0.0275523512189577,0.0640032782370072,0.9985173043674238,1.0039930049627677,1.0292503717350672,239.1556462431421,236.28826783993776,2.8673784032043272,1.832010735110756,1.0353676680935715,76.16495703532757,0.0065491708408973,0.0085773241328223,0.0089603264280771,0.0160314483301328,0.0050380696382709,-0.6447204521370247,0.5952568256167189
2016-12-26,0.003749960471197,-0.0093110602696304,0.0050571707330371,0.0051080540918009,-0.0142111303862496,0.0197137425229376,0.0616226663918892,0.9920442984307348,0.9927306515735358,1.0166530034683932,239.1977688764087,236.5209475080442,2.6768213683645,2.000972861761505,0.6758485066029953,67.6409089211427,0.0069276475570528,0.0093225505166954,0.0091065167088772,0.0203828274207382,-0.0065443198893192,0.49261770517445,0.8852860726844528
2016-12-27,-0.0093162325493473,0.003749960471197,-0.0093110602696304,-0.0043762654741308,0.0064278346879067,0.0239469364654063,0.0671544814883904,1.007084697825296,1.006703798857644,1.0300466605555292,239.8400371750201,237.02847086429156,2.81156631072858,2.16309155155492,0.6484747591736597,75.02861054937887,0.0109029797462704,0.0099130947412155,0.009425813094885,0.0188785830620475,0.0160805328783574,0.1384356376580513,0.9449982219165204
2016-12-28,0.0164686072133968,-0.0093162325493473,0.003749960471197,0.0050571707330371,-0.0127439589013996,-0.0092496970878409,0.0602494496126182,0.9954480575140108,0.9934413850305271,1.0126130158315696,239.85599393325015,237.24441791904889,2.6115760142013187,2.2527884440842,0.3587875701171188,61.85522378897192,0.0125101484451354,0.0092752733405446,0.0099155528754198,0.0213870895902143,-0.0170428085516339,-0.4474922072649944,0.590812537098548
2016-12-29,-0.0140885126022428,0.0164686072133968,-0.0093162325493473,-0.0093110602696304,0.0114871492892134,0.0118713872085713,0.0678526748442016,1.008070617572173,1.0071558126384683,1.024461289175634,240.42337106851937,237.71104957782305,2.712321490696354,2.344695053406631,0.3676264372897231,63.83620600216318,0.0138541612401166,0.0102957292169607,0.0102265419384633,0.0181144592383785,0.014714247142414,-0.0897537798410552,0.7139019207693604
2016-12-30,0.0150043046230852,-0.0140885126022428,0.0164686072133968,0.003749960471197,0.0237396682552968,0.0238849234862192,0.0881125610497537,1.0192666167162674,1.020742056448873,1.036391941492674,241.49953344469668,238.43011453603407,3.0694189086626125,2.4896398244578277,0.5797790842047852,68.76271485639795,0.0151635460084469,0.0112925780197057,0.0104804673641787,0.0202328562017426,0.0165288929788738,0.7910843476501384,1.1745298299673887
2017-01-02,0.0159087559996631,0.0150043046230852,-0.0140885126022428,-0.0093162325493473,0.0359444959381178,0.0212225536334236,0.0918146587339934,1.0146147484069994,1.0211168524111416,1.0344581294801938,242.5050843014621,239.1416330158591,3.3634512856029914,2.66440211668686,0.6990491689161313,66.50873490136328,0.0132097509263662,0.0112536424706602,0.0104192921299198,0.0162658098036191,0.001014792795741,-0.5482497616149313,0.6049781916324997
2017-01-03,0.0024945090335295,0.0159087559996631,0.0150043046230852,0.0164686072133968,0.0231989883672136,0.0297759423172714,0.0837644293106969,1.013951830842448,1.022133383656027,1.0344057875414023,243.5071496260268,239.87325345254604,3.633896173480764,2.858300928045641,0.7755952454351229,62.27418561035797,0.0121472359304932,0.0110221393029232,0.0102894704120877,0.0145952030790805,-0.0004129503230316,-0.0935044339950137,0.6751001354543271
2017-01-04,0.0039627168113316,0.0024945090335295,0.0159087559996631,-0.0140885126022428,0.0166238324131187,0.0036680200746626,0.0680578451162885,0.9900269160320176,1.0008910269796554,1.0100183189760903,243.5725944364157,240.17394141113928,3.398653025276417,2.9663713474917963,0.4322816777846205,55.16363159708902,0.0146616037791268,0.0132184952029365,0.0114700688681348,0.0268940471325466,-0.0235611673486903,0.6151932702164868,1.0734068096688223
2017-01-05,-0.0204240561868963,0.0039627168113316,0.0024945090335295,0.0150043046230852,0.0112159116881658,0.0228318998293559,0.0562227006007871,0.9973247821803612,1.0082303466332947,1.0169595340742357,243.9884280147075,240.62590965441137,3.362518360296121,3.045600750052661,0.3169176102434603,57.05327418887563,0.0137635932793177,0.0130192357242152,0.0108191137427071,0.0103489411838183,0.0059756776941065,-0.1595690846932345,0.9028359784566335
2017-01-06,0.0096049989606765,-0.0204240561868963,0.0039627168113316,0.0159087559996631,-0.0068828418259992,0.0166934300476946,0.0447057245143753,0.9964312102515576,1.004278890729028,1.0124489802282604,244.25412903077412,241.0029152073543,3.251213823419846,3.0867233647260983,0.1644904586937476,54.409663814677245,0.0114857300771609,0.0130857619925053,0.010781260389668,0.0110703393919597,0.0006981740898803,-0.1017069292493247,0.9685126209684248
2017-01-09,-0.0022739900936261,0.0096049989606765,-0.0204240561868963,0.0024945090335295,-0.0068196993687338,0.0288796659131254,0.0491627347340228,1.0003527170839686,1.0040106243095617,1.0126308503069892,244.575660825018,241.39855746557689,3.177103359441133,3.1047993636691054,0.0723039957720281,57.137693679714815,0.0114910661871013,0.0124971254642232,0.0107412226126987,0.0139185052704942,0.0006499350436841,-0.3335346289925144,0.676703678233094
2017-01-10,0.002558247703408,-0.0022739900936261,0.0096049989606765,0.0039627168113316,0.0004131209214495,0.0236216932761141,0.048134296929609,1.011546238174302,1.0129565079615834,1.0216450083712856,245.2750028007064,241.9706186656817,3.304384135024634,3.144716317940212,0.1596678170844225,59.14090034473367,0.0127289911568856,0.0119682297885007,0.0106957255844256,0.0132128178261258,0.0091204195400405,1.1705793481711535,1.3030488906184423
2017-01-11,0.0112740598817944,0.002558247703408,-0.0022739900936261,-0.0204240561868963,0.0177107200680981,0.0346289725235444,0.0250589679293975,1.0044950547914486,1.0060256942640748,1.0168174472061866,245.7331195761085,242.43596260458088,3.297156971527613,3.175204448657692,0.1219525228699214,61.72882485727448,0.0067220011360114,0.0107530101157893,0.0100253368289201,0.0107729847512767,-0.0081735266376193,0.0111051042139871,1.2855376684639093
2017-01-12,-0.0034867413362354,0.0112740598817944,0.002558247703408,0.0096049989606765,0.0054761760782835,0.0167535080737322,0.0288237826637489,1.0008592380891883,1.0018218464812916,1.012803807653229,246.0240489900305,242.8202735795454,3.2037754104851217,3.180918641023178,0.0228567694619439,59.40664551994247,0.0061492241852719,0.0100697940898022,0.0099148423838061,0.0097387914455842,-0.0034038282643453,-0.6190303240914614,0.5427986735922872
2017-01-13,-0.0025321010310522,-0.0034867413362354,0.0112740598817944,-0.0022739900936261,0.0143727865438005,0.0073910191014214,0.0314524765133632,1.0045510713941366,1.00764234532306,1.0178596990764246,246.51990311926855,243.2963348573626,3.223568261905968,3.189448565199736,0.0341196967062313,65.85456606377208,0.006202588154801,0.0089795469943288,0.0099656234978517,0.0118764041463249,0.0053939731231973,0.6547214633512595,0.9120267817915586
2017-01-16,0.0065540456894519,-0.0025321010310522,-0.0034867413362354,0.002558247703408,-0.0013454195837243,-0.0081559435953724,0.0128935200876671,0.9917800905179566,0.9953803398941764,1.004009056035975,246.44186410647848,243.49754335208632,2.944320754392152,3.140423003038219,-0.1961022486460675,54.36343094630449,0.0094439895144918,0.0099322984847635,0.010439475711773,0.0185830089715204,-0.012569392654311,0.660553168743518,1.293254157151113
2017-01-17,-0.0129768863235456,0.0065540456894519,-0.0025321010310522,0.0112740598817944,-0.0445933061009891,-0.0441986076072463,-0.0157387204805919,0.968199359374849,0.9673179014997928,0.9721133150243038,245.14499848222457,243.0912244036968,2.0537740785277663,2.923093218136129,-0.8693191396083626,47.226793698198406,0.014859165756699,0.0139050298990872,0.0127907652731839,0.028331293590292,-0.022300460287618,2.2659409011155605,2.6392011982706687
2017-01-18,-0.0325203277245697,-0.0129768863235456,0.0065540456894519,-0.0034867413362354,-0.0492610925245181,-0.0324228218763704,-0.0288737293632277,0.9697581441480188,0.962328854691643,0.9653744159540456,243.74170018808425,242.567693675298,1.174006512786292,2.5732758770661617,-1.3992693642798697,38.67859689358348,0.0145647868117301,0.012845213226007,0.0128237900154395,0.0186432153007102,-0.0096393445939719,-0.5955671742019493,1.0078333165759343
2017-01-19,-0.0083553602075086,-0.0325203277245697,-0.0129768863235456,-0.0025321010310522,-0.0457860119271912,-0.0405605681121433,-0.0186547431109457,0.9799683507026368,0.9673404649548144,0.9673382079651136,242.59473677273,242.1024154762597,0.4923212964702941,2.1570849609469884,-1.6647636644766943,31.196938503045786,0.0151110321247898,0.0121662763735599,0.0126959071333355,0.0138338580901536,-0.0014007232480786,-0.0367632346100571,0.8525961438600005
2017-01-20,0.0011137804143253,-0.0083553602075086,-0.0325203277245697,0.0065540456894519,-0.0592443380204222,-0.045723057700918,-0.0297929023185203,0.984537991654033,0.9643832329686468,0.9613622773434768,241.3464113212162,241.5378381326768,-0.191426811460559,1.687382606465479,-1.8788094179260384,27.98811019969617,0.0125125098806585,0.0121968950480984,0.0127335130620947,0.0132092165236473,-0.0078824260784078,-0.4252323008603483,0.4817121013447449
2017-01-23,-0.0076424896230402,0.0011137804143253,-0.0083553602075086,-0.0129768863235456,-0.056074344936963,-0.0573443209988646,-0.0301207399182015,0.9864639138648718,0.9606573887760572,0.95349382998147,239.94198671290408,240.8474539278257,-0.9054672149216288,1.1688126421880576,-2.074279857109686,23.80615247733424,0.0125410334901132,0.012010227330872,0.0127446350090988,0.0179150981928973,-0.0057741552378548,0.5604606855826704,0.7379720055284934
2017-01-24,-0.0096509893132796,-0.0076424896230402,0.0011137804143253,-0.0325203277245697,-0.0133973613909654,-0.0573932348545016,-0.0351272669682445,1.0002434216647025,0.977217600247272,0.9658888000038788,239.1545274627518,240.40123523590637,-1.2467077731545544,0.6857085591195352,-1.9324163322740893,34.60797084185475,0.0088469777248966,0.0120019363238766,0.0124058577906905,0.0114864179503378,0.0101278666216306,-0.3128871411332908,0.7467968950563224
2017-01-25,0.0112215854582309,-0.0096509893132796,-0.0076424896230402,-0.0083553602075086,-0.0147692273875681,-0.0633027716352316,-0.0308659090513078,0.9934570484080086,0.9740754212168476,0.9579457092256526,238.1365499992816,239.81874921474252,-1.6821992154609973,0.2121270042034287,-1.894326219664426,26.74152519823305,0.0090870246831619,0.0120291220615251,0.0122139639081326,0.0162685489746477,-0.0142441678259636,1.5327449378339426,1.6787781059727775
2017-01-27,-0.0097342370813456,0.0112215854582309,-0.0096509893132796,0.0011137804143253,-0.0083196493596364,-0.0537247377220173,-0.03787130747547,1.002758539412777,0.9870444960921932,0.9671279361010844,237.54948348797384,239.4114802118565,-1.8619967238827255,-0.2026977414138022,-1.6592989824689235,31.475309309601187,0.0102196939760684,0.0128057763927549,0.0117953313143381,0.0096576445211637,0.0047537320771607,-0.0836185158237194,1.408055712483547
2017-01-30,0.0076673327607457,-0.0097342370813456,0.0112215854582309,-0.0076424896230402,0.0185221217365454,-0.0418195471248921,-0.0347376170950834,1.0182441655768304,1.010449733493322,0.9874652720301826,237.7455167900043,239.3679409332873,-1.6224241432830129,-0.4866430217876443,-1.1357811214953684,39.14192152052232,0.0129598229907628,0.0146203874542772,0.0120775319885706,0.0207216537659208,0.0193667669454896,-0.2828527903196974,0.927432333535634
2017-01-31,0.0192176101277665,0.0076673327607457,-0.0097342370813456,-0.0096509893132796,0.0288413874165693,-0.0288502194268509,-0.0367708622598638,1.012849554256829,1.0138811762033924,0.9897094325196744,237.92545737850125,239.33439942824637,-1.408942049745093,-0.6711028273791341,-0.737839222365959,34.02502489831694,0.0109949870522309,0.0143333856473427,0.012048160572056,0.0129162035778029,-0.0015761758828126,-0.0352677354423609,0.8799748543938102
2017-02-01,0.0003828374825498,0.0192176101277665,0.0076673327607457,0.0112215854582309,0.0217560237755964,0.0080671890716788,-0.03648797705984,1.0127748507194227,1.0173688623360198,0.9957972571310876,238.2342065926561,239.37869037952493,-1.1444837868688469,-0.7657790192770766,-0.3787047675917701,37.03702647138808,0.0105612836157257,0.0099021438156131,0.0120557636538977,0.0149573857629051,0.0033935240356006,-0.2520899897217847,0.6439577524225398
2017-02-02,0.0042575648208382,0.0003828374825498,0.0192176101277665,-0.0097342370813456,0.0257544347160543,0.0106048342259263,-0.0221618263015797,1.0017760546926051,1.0103357451771906,0.991074643379307,238.2791825465504,239.3155688916319,-1.0363863450815245,-0.8199004844379663,-0.2164858606435582,36.16133247608717,0.009340166135409,0.0096731751642543,0.0112860640098695,0.0120268094909466,-0.006190490207254,-0.1956417466181012,0.6225753415299733
2017-02-03,-0.0058590561494206,0.0042575648208382,0.0003828374825498,0.0076673327607457,0.0083406722757806,-4.836855261403095e-05,-0.0406069748087846,0.990693563594432,1.000803653816582,0.9837633847040228,237.9708481786616,239.09034224449425,-1.1194940658326118,-0.8798192007168955,-0.2396748651157163,30.638007708001567,0.0111396473877327,0.0102307768130912,0.0111414464052897,0.0196875343690041,-0.0118068656443809,0.4528292762966652,1.025812233854517
2017-02-06,-0.0094393732476735,-0.0058590561494206,0.0042575648208382,0.0192176101277665,-0.003014909066514,0.0154513701572767,-0.0309781714329006,0.9989642612117502,1.0070040267868732,0.9929507288012276,237.99128203008144,239.01725527919024,-1.0259732491087732,-0.909050010395271,-0.1169232387135021,37.67805173990178,0.0070693110837269,0.0101025670375855,0.0113520215876973,0.0123361660028137,0.0044840895896109,-0.2441528528994444,0.8504040861309394
2017-02-07,0.0077395365009402,-0.0094393732476735,-0.0058590561494206,0.0003828374825498,-0.0136815855260042,0.0147652059819367,-0.0434258157283704,0.9913738980976956,0.9951684525431952,0.9849002060135108,237.63052984426363,238.7675617638625,-1.1370319195988543,-0.9546463922359876,-0.1823855273628666,45.54453624647703,0.00822883313789,0.0101870929800503,0.0114736803917786,0.0146958666017583,-0.0106526078014146,-0.0086414935607387,0.9252629302338276
2017-02-08,-0.0103201912388346,0.0077395365009402,-0.0094393732476735,0.0042575648208382,-0.0233410846526105,-0.0020928700696644,-0.0593659883407379,0.990511801995896,0.9898232162355916,0.9824431960579608,237.12307086957523,238.4390050783015,-1.3159342087262758,-1.0269039555340451,-0.2890302531922304,46.73145089908317,0.0072612590492515,0.00978549289294,0.0110464452110432,0.0158513425474785,-0.0055776211879801,0.6385568027336561,1.3885103069187326
2017-02-09,-0.0055776211879801,-0.0103201912388346,0.0077395365009402,-0.0058590561494206,-0.0103018946427847,0.0151872206002403,-0.0490769441924222,0.9999322134015188,0.9956759985551245,0.9922607847427932,236.96094841307809,238.263469509712,-1.302521096633967,-1.0820273837540295,-0.2204937128799373,49.6029917328997,0.0089559425481409,0.0094181597390452,0.0112872886524317,0.0069716727438286,0.0046206207204612,-0.3924099734665383,0.8327797056227362
2017-02-10,0.0074135331442579,-0.0055776211879801,-0.0103201912388346,-0.0094393732476735,-0.0033860916183447,0.0049263383769515,-0.0490630655822974,0.9980913098868226,0.9926860319287504,0.9922963687047732,236.73233486139657,238.0569132739666,-1.3245784125700195,-1.1305375895172278,-0.1940408230527919,51.90206239430143,0.0080107213422899,0.009231764366479,0.0112872836871365,0.0097073066008504,-0.0046859857455223,0.2694129037544079,1.069805761849762
2017-02-13,-0.0025175431044177,0.0074135331442579,-0.0055776211879801,0.0077395365009402,-0.0113281786208241,-0.0143089342589071,-0.0555300882332518,1.0000874094787788,0.993828687977468,0.9949088061541622,236.5283429333512,237.8605780187914,-1.3322350854402032,-1.170877088701823,-0.1613579967383802,56.65872417548599,0.0065858367702296,0.0065013410416491,0.0111021083151009,0.0116521741272275,-0.0030493484851254,-0.3157550784219967,0.7502977231838606
2017-02-14,-0.0002912114220194,-0.0025175431044177,0.0074135331442579,-0.0103201912388346,0.0183334906828984,0.0044010739361259,-0.0245761174394959,1.0157323151689972,1.0126313404049407,1.0154793089720504,237.05730767737887,238.01658066699437,-0.9592729896154708,-1.1285562688845523,0.1692832792690817,59.92939286941034,0.0100006616362189,0.0092702528296485,0.0118702596425453,0.0219089467859629,0.0142994962444391,1.1299487015566752,1.3943915610061093
2017-02-15,0.0193717192306017,-0.0002912114220194,-0.0025175431044177,-0.0055776211879801,0.0255084509302976,0.001571971365166,0.009651841827063,1.0120623461214624,1.013916880362921,1.0164362330974297,237.55764403755975,238.18642610044324,-0.6287820628834595,-1.0286014276843338,0.3998193648008743,66.22138595849798,0.0087977548150503,0.0091848648212175,0.0093015536948878,0.0116522888581017,-0.0015196325442408,-0.1648683011975638,1.182469740886955
2017-02-16,0.0014288664728701,0.0193717192306017,-0.0002912114220194,0.0074135331442579,0.0336480375328451,0.0229995043524606,0.0338482445093235,1.0208277613161627,1.0271633000258178,1.0303581650464273,238.5507053740289,238.61799029482592,-0.0672849207969932,-0.8363381263068658,0.7690532055098726,68.72793790711303,0.0099756060715484,0.0100490773399828,0.0096203822735757,0.0158313680314536,0.0142035759421076,0.2899934191627129,1.32410302223668
2017-02-17,0.0154094981606043,0.0014288664728701,0.0193717192306017,-0.0025175431044177,0.0440226911628998,0.0404875346789912,0.040437207802926,1.0196342245957628,1.0307104580481798,1.035989910880183,239.6723202060593,239.15304299759632,0.5192772084630235,-0.565215059352888,1.0844922678159117,65.12317240717104,0.0085741888414309,0.0092412819888026,0.0097050017267363,0.0183635872850419,0.0084387654815228,-0.2446090715457159,0.9697867241464402
2017-02-20,0.0074941191022341,0.0154094981606043,0.0014288664728701,-0.0002912114220194,0.0442297123083292,0.0324004916061289,0.0483524937524897,1.0108092797116808,1.0272919066929924,1.03342484591563,240.61786234608263,239.64676900638256,0.9710933397000758,-0.2579533795422952,1.229046719242371,64.92097384132228,0.0085226237897443,0.0092224437535862,0.0094525848744993,0.0114840821055257,0.0045303771907682,-0.2153093789897676,0.7315041217479608
2017-02-21,-9.297736038527128e-05,0.0074941191022341,0.0154094981606043,0.0193717192306017,0.0365784348561264,0.0555825359336548,0.0711684295076504,1.0155098268044942,1.033860320245218,1.0421051008863915,241.86807074190767,240.3206540369428,1.5474167049648884,0.1031206373591415,1.4442960676057468,67.59474110111242,0.0066348718767571,0.0082166577776171,0.0092316957911191,0.0164492036751257,0.0120908017685527,0.2176625354563861,0.9385535838358576
2017-02-22,0.0119025812058648,-9.297736038527128e-05,0.0074941191022341,0.0014288664728701,0.1485779694268618,0.1778764141996076,0.1754112719065657,1.0949203129506275,1.1276668468054394,1.1464596403002971,247.12131996220316,242.9646197137491,4.15670024845403,0.9138365595781192,3.2428636888759104,86.82084684695486,0.0455168448605153,0.0333522777697103,0.0254871730820286,0.0990890197318065,0.1047575528104467,7.974965312033799,3.3923391334085724
2017-02-23,0.1096305839494908,0.0119025812058648,-9.297736038527128e-05,0.0154094981606043,0.1079625148343452,0.1452432791184768,0.1626363414393918,1.0505209251167795,1.0892940130948656,1.1142094002753329,250.69600158159972,244.99366643778853,5.702335143811212,1.8715362764247376,3.830798867386474,81.37625728749836,0.0507077336635593,0.0353493499942812,0.0259987887665123,0.0360600741614507,-0.0254202280871226,-0.5110888492923478,1.3517424626832908
2017-02-27,-0.0204969178277952,0.1096305839494908,0.0119025812058648,0.0074941191022341,0.151929413673469,0.2026404464930764,0.2085650602783093,1.0693539723895045,1.1194846293059362,1.1554693896491552,255.69534155762767,247.8231512517139,7.872190305913762,3.0716670823225427,4.8005232235912185,84.51443679920236,0.0510610369996069,0.0362484914099709,0.0274651337247211,0.0536362133560124,0.0406552624345653,0.3401221159337995,1.3958038983244108
2017-02-28,0.0474741648370875,-0.0204969178277952,0.1096305839494908,-9.297736038527128e-05,0.151246083864563,0.2021653669499836,0.1849636617459613,1.039434794617378,1.098058529728024,1.1443638085524677,259.8956591650479,250.4286516038728,9.46700756117508,4.35073517809305,5.116272383082031,87.54757581154759,0.0511481261742676,0.0362722726859522,0.0274686826158654,0.015750665434881,0.004910736878197,-0.5671210145664229,0.558497891404879
2017-03-01,-0.0006861267900236,0.0474741648370875,-0.0204969178277952,0.0119025812058648,0.1344422278386776,0.1759383489677137,0.1811137405858465,1.0116033426837696,1.0772627650129811,1.1311859976645562,263.3249336940429,252.78104360384637,10.543890090196612,5.589366160513762,4.95452392968285,88.25141270846072,0.0528223134135852,0.0369324779499599,0.0275310263563547,0.0116646329613399,-0.0045157436836109,-0.3247159730653619,0.3656104990888458
2017-03-02,-0.0028673845947794,-0.0006861267900236,0.0474741648370875,0.1096305839494908,0.0242236301601217,0.1764006973683216,0.1782499655785459,1.0086120577257247,1.062039265895118,1.1236159594448802,266.3057525638296,254.9972815848693,11.308470978960315,6.733187124203074,4.575283854757242,88.0171425017106,0.0252906059405439,0.0369143337529575,0.0275570712686063,0.022356939401666,-0.0009289122731711,-0.2592537460020057,0.4027864050937118
2017-03-03,0.0018226022798046,-0.0028673845947794,-0.0006861267900236,-0.0204969178277952,0.0640879101032276,0.1789695168827949,0.2060852314177592,1.0138558315180997,1.063314733782252,1.13235978278718,269.59461364775973,257.4184718089068,12.17614183885297,7.821778067133053,4.3543637717199175,89.72173082419658,0.0210556517893056,0.0369106512759511,0.0274095389095103,0.0367486003745912,0.0136924933934442,3.667158577004903,1.7115199027294814
2017-03-06,0.0176267730567272,0.0018226022798046,-0.0028673845947794,0.0474741648370875,0.0536362133560124,0.2137145454763256,0.2628548552266945,1.0404179331708054,1.0818459829781273,1.1602852928681402,274.023295006638,260.4527363030965,13.570558703541508,8.971534194414744,4.599024509126764,91.24250544073172,0.0168964560592898,0.0372376342685403,0.0276729462179246,0.0358141009578259,0.028644574412359,-0.2085376044655803,1.453119686959639
2017-03-07,0.0371856518134239,0.0176267730567272,0.0018226022798046,-0.0006861267900236,0.0540365582369692,0.2134554599203935,0.2527720133639555,1.0291241266370237,1.0613232204859364,1.1465133016487858,277.7565745158332,263.25546782260096,14.501106693232202,10.077448694178235,4.423657999053965,90.5708322259009,0.0168336945394486,0.0372505855905271,0.0277976087711602,0.023640743930494,-0.0105394885117813,-0.3694759528710362,0.8930448333286295
2017-03-08,-0.0003064224968932,0.0371856518134239,0.0176267730567272,-0.0028673845947794,0.0459295125628482,0.1865466063940197,0.2524978757808716,1.0092546556601976,1.0330839878702922,1.1216073853147208,280.43196404344536,265.61777438724624,14.81418965619912,11.024796886582411,3.789392769616706,86.71565076760713,0.0186315338691706,0.0384574762388031,0.0278066705918829,0.0167285607283522,-0.0126175197183202,0.0300777330431452,0.8514056280445403
2017-03-09,-0.0105367577233237,-0.0003064224968932,0.0371856518134239,0.0018226022798046,0.0404284677037525,0.0656314221134701,0.2551821183374427,0.997975725102856,1.02303667568998,1.1051846922268656,282.53926104156915,267.729746249765,14.809514791804132,11.781740467626758,3.027774324177376,84.80710186291643,0.0192876380893574,0.0212651198507524,0.0277411060496332,0.0128229497474173,-0.0025194631217,-0.2824958559633561,0.5811323175293208
2017-03-10,-0.0034464631876124,-0.0105367577233237,-0.0003064224968932,0.0176267730567272,0.0183544631438341,0.0836186724310168,0.2410070017289085,0.9904712521830988,1.0110320694874282,1.0891623162758075,284.1430090423854,269.5989223088102,14.544086733575227,12.334209720816451,2.209877012758776,83.03155984317944,0.019038045974986,0.0194953546480663,0.027951119189151,0.0271525585031071,-0.0066653918649438,-0.2028937826442828,0.5957692025018091
2017-03-14,-0.0039634647405196,-0.0034464631876124,-0.0105367577233237,0.0371856518134239,-0.0121423494096049,0.0408425943028307,0.2517594023413683,0.9989851105696196,1.0131803458770825,1.083888931153648,285.7760838982444,271.46255736782194,14.31352653042245,12.73007308273765,1.5834534476848,83.4740387760474,0.0060580527631891,0.0138001278047015,0.0277941352934277,0.0261729665594395,-0.0221801207343517,0.1202089843753939,0.8211902716963078
2017-03-15,0.0061248988523965,-0.0039634647405196,-0.0034464631876124,-0.0003064224968932,0.0,0.0540365582369692,0.2671262458116439,1.01095436013561,1.0199583297310686,1.0843385844083084,287.7012420395001,273.4497465862356,14.251495453264454,13.034357556843013,1.2171378964214412,83.60985409400678,0.0089397131551392,0.0138935356752157,0.0276519886358998,0.0198474497649665,0.0107664339251145,-0.1317176801686005,0.7977992882623328
2017-03-16,0.0119814093717225,0.0061248988523965,-0.0039634647405196,-0.0105367577233237,0.0049953657002259,0.0511543129747587,0.2360926673098293,1.0042953864273096,1.0092710450567113,1.0672824667195795,289.0735081379905,275.166133630195,13.907374507795453,13.2089609470335,0.6984135607619528,71.4184030476142,0.0076606470636408,0.0140982337746067,0.0278763092359862,0.0129465220857156,-0.0094274666791681,-0.3394683790024086,0.6437746879494293
2017-03-17,-0.0055940269812204,0.0119814093717225,0.0061248988523965,-0.0034464631876124,0.0108413211327789,0.0517080868378139,0.2372301267839076,1.0044868943534462,1.0066363878395446,1.0589303467362805,290.34191392475395,276.8070234169919,13.534890507762045,13.27414685917921,0.2607436485828334,81.24506198643775,0.0072428678496391,0.0140856274588998,0.0278604058934285,0.0168370178519502,-0.0055809828911304,0.4272328669708654,0.9854880010610718
2017-03-20,0.0023503869882082,-0.0055940269812204,0.0119814093717225,-0.0039634647405196,-0.0006631366048905,0.0176791550225696,0.1998127017386499,0.98924867918051,0.9895314759437996,1.0337536192179484,290.71536534318125,277.9894178412541,12.725947501927124,13.164506987728792,-0.4385594858016688,63.73772604389909,0.0106292093202478,0.0146788817822462,0.0284475644962258,0.0217832637338788,-0.0192955197588604,-0.4337495774353025,0.6223470485926624
2017-03-21,-0.0152994281459593,0.0023503869882082,-0.0055940269812204,0.0061248988523965,-0.019930155726019,-0.0318305062210108,0.1750813970860101,0.9800089858096138,0.9795418612283792,1.0123398507318968,290.4335280367784,278.79638117535103,11.637146861427368,12.859034962468508,-1.2218881010411398,57.6341627725271,0.011312976800066,0.0085937491098222,0.0289006157505615,0.0194650782389258,-0.0143503424423612,0.7558154705250162,1.1502288441262936
2017-03-22,-0.0132729922636928,-0.0152994281459593,0.0023503869882082,0.0119814093717225,-0.0346756419912765,-0.0346756419912765,0.1713781128198339,0.9837332720954176,0.9798004098238212,1.0016618748773205,290.0508664968653,279.474147608832,10.576718888033383,12.402571747581485,-1.8258528595481012,57.44680011646405,0.0072756917896758,0.0085339885556476,0.0289583279881861,0.0153607332030302,0.0061501979100095,-0.1019860834005533,1.0746745142638885
2017-03-23,-0.003244197313116,-0.0132729922636928,-0.0152994281459593,-0.0055940269812204,-0.0187647201408771,-0.0138630910800172,0.1700974027188941,0.9981499672526308,0.991759360652902,1.0050794705070465,290.2053427524557,280.3319857236002,9.873357028855535,11.896728803836297,-2.02337177498076,60.12184652425356,0.0108758769771746,0.0092158880231977,0.0289521787176065,0.0153537341691124,0.0080355022368578,-0.4180911540860209,0.6538706805709888
2017-03-24,0.0107962314775111,-0.003244197313116,-0.0132729922636928,0.0023503869882082,-0.0107250474492177,0.0,0.0656314221134701,1.0109044531483424,1.0022353788662806,1.012529203617434,290.8090430261164,281.3540160056484,9.455027020468036,11.408388447162643,-1.953361426694608,58.188157362224295,0.0125203382001224,0.0099022002596305,0.0164887719823301,0.018301972850889,0.0099285560175792,0.3789503494733319,0.9709589669175768
2017-03-27,0.0105630646193064,0.0107962314775111,-0.003244197313116,-0.0152994281459593,-0.0231886994752471,-0.0238364588046959,0.0577890405856156,0.9875052165132516,0.976792280829675,0.981836281403758,290.06617605515135,281.696711687811,8.369464367340356,10.800603631198188,-2.4311392638578315,33.15739560208175,0.0164155375113825,0.01325013630505,0.0171038791028671,0.025217890160352,-0.015734375541577,0.9930949890259636,1.5688063380276585
2017-03-28,-0.0277054485812042,0.0105630646193064,0.0107962314775111,-0.0132729922636928,-0.0142822855206329,-0.0339277930721023,0.0055291021426941,0.98609224930237,0.9759489583556464,0.97737507856712,289.249457788854,281.9234372905079,7.326020498346111,10.105687004627772,-2.7796665062816626,32.16867973755288,0.0157009808327868,0.0129167369188595,0.0135612356171456,0.0175798049798656,-0.0097376661800044,-0.3311064455052389,1.0584603516767004
2017-03-29,-0.0042761684284481,-0.0277054485812042,0.0105630646193064,-0.003244197313116,-0.0024211953635987,-0.0370128808512562,0.0150236286940761,0.995200808258214,0.9882276150165484,0.9852079755714382,288.94170335288845,282.31792741380934,6.62377593907911,9.409304791518045,-2.785528852438933,39.41156782951607,0.0165065941520244,0.0125244444539162,0.0136863879372346,0.0212071571897897,0.0039546690843155,-0.1282054530390519,0.93523072987616
2017-03-30,0.0087497135870857,-0.0042761684284481,-0.0277054485812042,0.0107962314775111,-0.0020811993848566,-0.0208068664017195,0.0292830856171015,1.0067106214050523,1.0013633673183175,0.994774248344806,289.1736287985979,282.9202452905642,6.253383508033721,8.778120534821179,-2.5247370267874576,45.338747856686766,0.0165654928414546,0.0133341060647235,0.0138444992308247,0.0171172079887028,0.0124701363308808,0.4723006265210236,1.1883701403182534
2017-03-31,0.0111407322351784,0.0087497135870857,-0.0042761684284481,0.0105630646193064,0.0265397541738812,0.015530066601858,0.0680411834721177,1.0408901232131278,1.039309469342769,1.0307190719286952,291.1369961153401,284.32878388810923,6.808212227230854,8.384138873303113,-1.5759266460722596,59.00850686475364,0.0244935129345124,0.0187690712683554,0.0162470991468383,0.0542433395058714,0.0433649596471857,0.6291017350490313,1.550889469028489
2017-04-03,0.0395466638087553,0.0111407322351784,0.0087497135870857,-0.0277054485812042,0.0987531114588979,0.0732744557597848,0.0922490412449261,1.0625560202889524,1.0736726903012843,1.0678240868839657,294.6885140657445,286.5430860292099,8.14542803653461,8.336396705949413,-0.1909686694148025,66.142203000493,0.0200073567455954,0.0213135619448092,0.0180293853542396,0.031608067346113,0.0243293111617971,-0.0111022859774241,1.4135631336161725
2017-04-05,0.0406919549702879,0.0395466638087553,0.0111407322351784,-0.0042761684284481,0.1358618547725232,0.1196391514506665,0.0840004704751287,1.0658571504598833,1.0922887314737282,1.094506562551121,299.1126181217357,289.2765752440601,9.836042877675595,8.63632594029465,1.1997169373809449,69.06289777100227,0.0152391291676683,0.0210023454012346,0.0173562174165342,0.0267844439085272,0.0141914918415141,-0.1016504627670475,1.1366027555952969
2017-04-06,0.0293529150223252,0.0406919549702879,0.0395466638087553,0.0087497135870857,0.1447101043635552,0.1419385375662054,0.1023410856615179,1.0546651496253725,1.0953115001642713,1.1069663249462902,303.6825068001225,292.205487783852,11.47701901627056,9.204464555489832,2.272554460780727,73.10152886716676,0.0133120643179773,0.0203762686072919,0.0175371116971877,0.032464282903461,0.0209368060201762,0.2553567207835694,1.2105372151990588
2017-04-07,0.0166077723846391,0.0293529150223252,0.0406919549702879,0.0111407322351784,0.1069924265348665,0.1046885545777212,0.0893741565305576,1.0111204366783948,1.060260548097696,1.0776334747347025,306.4275188999835,294.37730983313844,12.05020906684507,9.77361345776088,2.2765956090841897,65.86754140756307,0.0259074404666315,0.0233251327935673,0.018259071467457,0.0223588598573198,-0.0103427244498579,-0.3703133787757416,0.7479045804753572
2017-04-10,-0.0221758954704143,0.0166077723846391,0.0293529150223252,0.0395466638087553,0.045764311732684,0.0735186394898874,0.0735186394898874,0.9844144724452142,1.0338556676073043,1.0544677107598024,307.8622679078586,295.9607229900298,11.9015449178288,10.199199749774465,1.702345168054336,64.82820809157508,0.0281705823540723,0.0249675856304127,0.018866995617277,0.0344590260362648,-0.0203190906034266,-0.034724786034767,0.7751204191769573
2017-04-11,-0.0179510036984609,-0.0221758954704143,0.0166077723846391,0.0406919549702879,-0.0016731054729497,0.0969147816146955,0.0707682176104749,0.97832134700654,1.0178826074760263,1.0439833554083366,308.7597861488972,297.27445732222094,11.485328826676266,10.456425565154824,1.0289032615214406,66.39482536326946,0.0223258693367156,0.022427279163305,0.0189302243138628,0.0221153504724834,-0.0111683239712435,0.0481414866741569,0.8676814559446316
2017-04-12,-0.0065153726240883,-0.0179510036984609,-0.0221758954704143,0.0293529150223252,-0.0431095388356934,0.0868953740322244,0.0500194126910338,0.973708415635429,0.99627315656883,1.027503141588569,308.8739140385501,298.18017288588163,10.693741152668451,10.50388868265755,0.1898524700109014,63.6547994505038,0.0152827995990451,0.023219239690486,0.019291541049758,0.0260709469343009,-0.0208272930051333,-0.1488812575219815,0.7934750499440751
2017-04-13,-0.0133712805331546,-0.0065153726240883,-0.0179510036984609,0.0166077723846391,-0.0512338565851471,0.0860621910450241,0.0458639005708203,0.9919902657165094,0.9962916932576236,1.0333523064151655,309.3502867886289,299.2016665175987,10.148620271030213,10.432835000332082,-0.2842147293018708,63.35767914283832,0.0118036148118132,0.023220001517639,0.0192098535335337,0.0190870385391489,0.0079764348338733,-0.5368045479281233,0.4706922543843189
2017-04-17,0.0079764348338733,-0.0133712805331546,-0.0065153726240883,-0.0221758954704143,-0.0104862176664672,0.0953842629950911,0.0725927489764062,1.0138250470204004,1.0071273705993131,1.0500882881137972,310.70462780852733,300.6055062879965,10.099121520530844,10.366092304371834,-0.2669707838409909,64.7571069080526,0.0156505468520897,0.0234890533723717,0.0194904294553539,0.0219492014295288,0.019670305831042,-0.0689335891579605,0.5145945466020047
2017-04-18,0.0198197256991439,0.0079764348338733,-0.0133712805331546,-0.0179510036984609,-0.0080718248987324,0.0373230853230344,0.0534327819257458,0.9996789912431312,0.9879374132806952,1.0310512086687742,311.0892514374437,301.53877851825484,9.550472919188906,10.202968427335248,-0.6524955081463428,67.4072090980296,0.0150660932499837,0.0220497565758815,0.0199607112329906,0.0313822609582239,-0.021250771868004,0.3530231293730721,0.7986980799826381
2017-04-19,-0.0155548248512698,0.0198197256991439,0.0079764348338733,-0.0065153726240883,-0.0025868757232448,-0.0042556530802642,0.0687069720161619,0.9991750956459856,0.9873443813216004,1.026598679171161,311.3654656093274,302.379212965398,8.98625264392939,9.959625270654076,-0.9733726267246858,68.1945707860342,0.0148096830888449,0.017861506597777,0.0195302298430078,0.0182642380413795,-0.0001460878778073,-0.2774564268880661,0.7270228915748937
2017-04-20,-0.0010218169165605,-0.0155548248512698,0.0198197256991439,-0.0133712805331546,0.0114845082440906,-0.0321201224457602,0.083676204811004,0.9974581799572808,0.991134743755764,1.0231039713292935,311.62556187075296,303.1700928426717,8.455469028081211,9.658794022139505,-1.203324994058292,67.210356924948,0.0129619373573631,0.0145705637960709,0.0191459520650383,0.0165748021440752,-0.0068528381969029,-0.2747068776589305,0.6932890332979939
2017-04-21,0.000547958352824,-0.0010218169165605,-0.0155548248512698,0.0079764348338733,0.0276230885082175,-0.0250260054319982,0.1133603775220655,1.0158774154422594,1.017631723297826,1.0421601538706868,313.00438637411065,304.4603023463685,8.544084027742144,9.435852023260033,-0.8917679955178865,69.00129332354908,0.0162775194361278,0.0158300991667988,0.0195563109305855,0.0302674196396486,0.0159362838773568,2.601706249696193,1.9366154839825245
2017-04-24,0.0240590425904219,0.000547958352824,-0.0010218169165605,0.0198197256991439,0.0183568668926434,0.0076781551242657,0.1131705246637697,1.0228839181671208,1.0276376131026488,1.0476231159541536,314.69506615219217,305.90722846379606,8.78783768839611,9.306249156287247,-0.5184114678911378,65.48459437040694,0.0147088834472847,0.0146344643884446,0.0195539216519483,0.0245520494311329,0.0059260466444983,-0.1560785457082052,1.3906930960655215
2017-04-25,0.0106238681012182,0.0240590425904219,0.000547958352824,-0.0155548248512698,0.045686723424746,0.0372461232943321,0.1135030470950915,1.0247387646025097,1.0349422864678095,1.05332028739371,316.66720629043664,307.5077283591283,9.159477931308343,9.276894911291468,-0.1174169799831226,60.640435197698544,0.0100593541911906,0.0132942912306036,0.0195581065478783,0.0290689190753093,-0.0186301541225665,0.4410308338524578,1.6343503809856637
2017-04-26,0.0108649365066821,0.0106238681012182,0.0240590425904219,-0.0010218169165605,0.0348115464129892,0.03213461754544,0.1321637186018238,1.006187206792267,1.0198835570199571,1.0350099907193584,317.7609656066315,308.7128330618376,9.04813254479393,9.23114243799196,-0.1830098931980295,50.29087751755952,0.0132255735634245,0.0137947721957142,0.0184043563872606,0.0264392908515218,-0.012926878713847,-0.5440373906055369,0.7123291141749252
2017-04-27,-0.0114112235414571,0.0108649365066821,0.0106238681012182,0.000547958352824,0.0291701622366917,0.0409896754494711,0.1314468626613369,0.9955994274753694,1.010839887120191,1.0238064874613342,318.4420460181112,309.71099270772,8.731053310391246,9.131124612471815,-0.4000713020805708,43.76881123872187,0.0140815799504692,0.0128914475927472,0.0184241078121191,0.0155728804363475,-0.0052929096003225,-0.2500459788203328,0.5158953593196725
2017-04-28,-0.0049066342630429,-0.0114112235414571,0.0108649365066821,0.0240590425904219,-0.0052050328295267,0.0222742765961525,0.1102534406889845,0.9865160092936738,0.998407778617389,1.0083456607951822,318.51546209044506,310.39308587665045,8.12237621379461,8.929374932736376,-0.8069987189417667,47.35008497057374,0.0109907378552591,0.0135431864800727,0.0187758746169052,0.0210005486899666,-0.0103210156630217,-0.0575055160069598,0.5726189611929244
2017-05-02,-0.010145436552139,-0.0049066342630429,-0.0114112235414571,0.0106238681012182,-0.0330535238633656,-0.0153034161086147,0.0786211418196489,0.9755498455241048,0.9822653737933662,0.9869675100332012,317.7107245332612,310.6072771427319,7.103447390529311,8.564189424294964,-1.4607420337656531,47.4824993324632,0.0107945611589679,0.0133377793903214,0.0194074299355153,0.0260478766596997,-0.0224322199229255,0.5690731389158166,0.9628950875888866
2017-05-03,-0.0176677403791223,-0.010145436552139,-0.0049066342630429,0.0108649365066821,-0.0437604326061794,-7.297996285915431e-05,0.0372473815227945,0.9840127893236308,0.9819499557682744,0.9848987527928308,317.0139705636008,310.79798429737906,6.215986266221762,8.094548792680325,-1.8785625264585624,49.453750815986666,0.0065983273723834,0.0123851852179232,0.0175161197625733,0.0114954266774584,-0.0049385864335043,-0.4890093065018034,0.6856772300090304
2017-05-04,-0.0003282772787703,-0.0176677403791223,-0.010145436552139,-0.0114112235414571,-0.041300387680377,-0.0079265716299976,-0.0121484919712886,0.983551379080883,0.9739994592858452,0.9767509972366908,315.9971352485276,310.7688403505825,5.228294897945148,7.52129801373329,-2.2930031157881423,50.98875730113737,0.0064519657027645,0.0127058177042878,0.0150878273779717,0.0188151291039839,-0.0123999858627655,0.5121975301572479,1.074046203936488
2017-05-05,-0.0088679562618357,-0.0003282772787703,-0.0176677403791223,-0.0049066342630429,-0.0576445689188759,-0.0301559081096117,-0.0613074190944282,0.9734976754358808,0.9555273914719274,0.9583782523549088,314.0922837619753,310.23897073838657,3.8533130235887256,6.787701015704378,-2.934387992115652,41.64187634637085,0.0083485450936486,0.0143306406328066,0.0140660375658284,0.0318841042947967,-0.0244932797642831,0.0857942128928059,1.1156971621665095
2017-05-08,-0.0218712664688296,-0.0088679562618357,-0.0003282772787703,-0.010145436552139,-0.0528956648899472,-0.0578253740471821,-0.0814042413541683,0.9790686211647036,0.9561781562279748,0.9574806954571532,312.2395946735945,309.6323658457283,2.607228827866209,5.951606578136745,-3.344377750270536,32.2499350795259,0.0088736665881611,0.0107364869133246,0.0132841662035838,0.0160057500994183,-0.006466181836871,0.0300212559608494,1.0837950101132496
2017-05-09,-0.0051571654928657,-0.0218712664688296,-0.0088679562618357,-0.0176677403791223,-0.0293312339173358,-0.0614152571404729,-0.0542086578875284,0.9916071194573884,0.9687567437103884,0.9666362328317244,310.986678891479,309.2222381601072,1.764440731371792,5.114173408783754,-3.3497326774119616,39.27323118013316,0.0106781905083004,0.0101304839133541,0.0127847544218049,0.0100725507862528,0.0047960868980802,0.3136553647838673,1.3770154463812485
2017-05-10,0.0067731790274134,-0.0051571654928657,-0.0218712664688296,-0.0003282772787703,-0.008028674156445,-0.0514377685082843,-0.016107502681797,1.0147004719776302,0.9950324953045568,0.9883249165508092,310.93755735679235,309.3292863642486,1.608270992543737,4.412992925535751,-2.804721932992014,47.72407614501007,0.0164712186521217,0.0124537506852845,0.0133498045978184,0.0242439328527087,0.0182049556823572,0.0852772296226456,1.2719450974297484
2017-05-11,0.0216107892273915,0.0067731790274134,-0.0051571654928657,-0.0088679562618357,0.0011782129702528,-0.0401708353625656,-0.0093270922479824,1.0147940423466435,0.9995258119012388,0.9891125279019944,310.9118198668051,309.4360254240728,1.4757944427323082,3.825553228975063,-2.3497587862427545,47.65038101081743,0.0159482874969486,0.0123559373050509,0.013281172142922,0.0133132416539988,-0.0033354865229901,-0.3982435362854767,0.7703813238460475
2017-05-12,0.000331141148153,0.0216107892273915,0.0067731790274134,-0.0218712664688296,0.0167137473620135,-0.0418942783185646,-0.002621835740561,1.0046720339180688,0.9971645679352366,0.9826188961103524,310.57002527641924,309.3807757652005,1.1892495112187476,3.2982924854238,-2.1090429742050523,36.22650281641179,0.0114839795308206,0.0123830254024696,0.0130188557789203,0.0147727781639418,-0.0070585590648533,-0.4541852899132376,0.4622054269605619
2017-05-15,-0.0066933966525651,0.000331141148153,0.0216107892273915,-0.0051571654928657,0.0171787655310879,-0.0366255815836145,-0.0151671133221503,0.9965819076103386,0.9962347386308708,0.97873555299723,310.05750561249897,309.2220995945144,0.8354060179846101,2.805715191935962,-1.970309173951352,29.68402979496534,0.0114009884491867,0.0122111625881805,0.0129156766631264,0.0170374337627372,-0.0090681579404797,-0.104386205913874,0.4675489588638989
2017-05-16,-0.0047021505049994,-0.0066933966525651,0.000331141148153,0.0067731790274134,0.0195061400320295,-0.01039723304141,-0.0255415359664138,1.0017726851045718,1.0063401953263291,0.9888992426055242,310.05287002097265,309.2817495702969,0.7711204506757667,2.3987962436839227,-1.627675793008156,28.41425274643308,0.0116127248040696,0.0117205816064368,0.0122228423559917,0.0264691021546756,0.0076149039664152,0.878277285014956,0.9948525466606264
2017-05-17,0.0090767448356092,-0.0047021505049994,-0.0066933966525651,0.0216107892273915,-0.004414658658899,-0.0124078889594597,-0.0124799633950434,1.0002956964519978,1.0052338074293912,0.9871814468554284,309.9364128542845,309.2827976345342,0.6536152197503498,2.049760038897208,-1.3961448191468584,30.691886445887803,0.0061480908232415,0.0117255760999746,0.0117556654859405,0.0134506060577357,7.390772231102442e-05,-0.222141338268861,0.9738245961469694
2017-05-18,-0.0023593911079826,0.0090767448356092,-0.0047021505049994,0.000331141148153,-0.0236843190629382,-0.0225340112645968,-0.0302819654401944,0.9859536731035748,0.9883506631671324,0.9698614761137078,308.9323311215941,308.84776681655364,0.0845643050404305,1.6567208921258527,-1.5721565870854222,27.536257280479447,0.0100573570395735,0.0128516538869765,0.0124612306954925,0.0195125091341044,-0.0096250940977863,-0.0055049619724492,1.0515426941169337
2017-05-19,-0.0190303747170204,-0.0023593911079826,0.0090767448356092,-0.0066933966525651,-0.0233996321758264,-0.0070769803543636,-0.0370194756947157,0.9842604698113576,0.9827093331854132,0.9654389664166642,307.7838061713969,308.3010373446099,-0.5172311732129629,1.2219304790580896,-1.7391616522710525,28.438314391197338,0.010044130874036,0.0110219036061477,0.0124990916566042,0.0194866248491162,-0.0106152013304682,0.3087546457598833,1.2357882037990149
2017-05-22,-0.0064037553302183,-0.0190303747170204,-0.0023593911079826,-0.0047021505049994,-0.0148426694913065,0.0020811173007349,-0.0558645981327983,0.9911673061211062,0.9864563540053516,0.972106461028132,306.9983599545233,307.8845461162476,-0.8861861617242539,0.800307150901621,-1.686493312625875,35.2885351267516,0.0107710222732929,0.0109873823602223,0.0110334257255434,0.0138957141874818,-0.001771579207566,-0.3130968647654404,0.816374698737114
2017-05-23,0.0040186393274745,-0.0064037553302183,-0.0190303747170204,0.0090767448356092,-0.0374180392376122,-0.0186417807186755,-0.0789121481027546,0.9847261851714788,0.9744000919272444,0.9624028230777274,305.6796519326736,307.1839692048589,-1.5043172721852898,0.3393822662842388,-1.8436995384695285,31.64628942964994,0.0091664531534541,0.0115734706642942,0.0108294062999658,0.0213320628360314,-0.0151995372302456,0.0478980120275909,0.913664381815816
2017-05-24,-0.0140467501753852,0.0040186393274745,-0.0064037553302183,-0.0023593911079826,-0.0409430362561135,-0.0451769453854827,-0.0942909126351172,0.9870542810243222,0.9730001164090551,0.9614034550832612,304.2877647513248,306.4023703936772,-2.114605642352388,-0.1514153154430864,-1.963190326909301,32.43952284450421,0.0087855275481947,0.0081498917428681,0.0102483392570281,0.0143330538423156,-0.0074952105763705,0.5533480913641884,1.3034891836516889
2017-05-25,-0.0060127736927703,-0.0140467501753852,0.0040186393274745,-0.0190303747170204,-0.0187591498204359,-0.0419991711936774,-0.0804828647648577,0.994434056311124,0.9807605779895364,0.9690145564165942,303.27705789204646,305.7590963027393,-2.4820384106928373,-0.6175399344930366,-1.8644984761998007,41.20058247811836,0.0076395478167066,0.008435884721417,0.0102975628286278,0.0122461606524807,0.0018846129277609,0.8093708798033523,1.8232805721123773
2017-05-26,0.0036603721174273,-0.0060127736927703,-0.0140467501753852,-0.0064037553302183,0.0139895174029009,-0.0097374643344706,-0.0512237986120899,1.0181738301269894,1.0080011842424903,0.9976221691792464,303.6474021631619,305.7535555139658,-2.106153350803879,-0.9152626177552052,-1.1908907330486742,54.55328175024641,0.0153103371474238,0.0128409731844238,0.0123936174099727,0.0332011768789667,0.0255761726589005,-0.1732722634758851,1.344386783035251
2017-05-29,0.0267572700847888,0.0036603721174273,-0.0060127736927703,0.0040186393274745,0.0247328992073736,0.0095231274675702,-0.027451244198039,1.0279701321305714,1.0217889949185872,1.0136918406610318,304.6500357170865,306.08029364357367,-1.4302579264871156,-1.0182616795015873,-0.4119962469855283,57.16598093203702,0.0162209654197796,0.0136391914269512,0.0128271713643168,0.0219986852916685,0.0148840431633756,0.1209583021685551,1.2653531829931235
2017-05-30,0.0146563780772099,0.0267572700847888,0.0036603721174273,-0.0140467501753852,0.0412087395161473,0.0022487500463874,-0.0081718637733069,1.0214993147247051,1.0233988734173574,1.0159471720984776,305.58457612058766,306.42431250996407,-0.8397363893764123,-0.9825566214765524,0.1428202321001401,50.07865973553858,0.0127431673669836,0.0133534686519225,0.0122463116842717,0.0119175133880753,0.0025444120070722,-0.5979496086045188,0.5064134174435794
2017-05-31,0.001805583938794,0.0146563780772099,0.0267572700847888,-0.0060127736927703,0.0331355291382247,-0.0091641762887606,-0.0214583571664246,1.0010153766028251,1.010301166788288,1.0031106018218698,305.7194807633939,306.42706390173174,-0.7075831383378386,-0.9275619248488096,0.219978786510971,44.67963882543655,0.0151305941727998,0.0140693381042147,0.012606486969335,0.0239800743447926,-0.0192392472713969,0.7004361736614557,0.842596392854589
2017-06-01,-0.0137198430693443,0.001805583938794,0.0146563780772099,0.0036603721174273,0.0198087688656467,0.0006780233823016,-0.0218712664688296,0.9879136998517328,1.0008514536248307,0.99490095157077,305.3958068899391,306.2188073598211,-0.8230004698820039,-0.9066496338554486,0.0836491639734446,43.85041254155925,0.016783723340396,0.0129627867938958,0.0126205486617939,0.0127987322386971,-0.0033391409996666,-0.4194804369245765,0.5880233789594398
2017-06-02,-0.00928617825961,-0.0137198430693443,0.001805583938794,0.0267572700847888,-0.0093846623371476,0.0044735681686673,-0.0026350715397397,0.9871533747277452,0.997770560494369,0.9924094031587564,304.99884456191955,305.96671435226494,-0.9678697903453894,-0.9188936651534368,-0.0489761251919527,44.553890690029874,0.0109844101525323,0.0128051324269121,0.0116438134982504,0.0163804866840141,-0.0076779338032598,0.2056767157863028,0.8079898074256416
2017-06-05,-0.0026350715397397,-0.00928617825961,-0.0137198430693443,0.0146563780772099,-0.020303693492115,0.0039270365105807,0.0060163264349384,0.994665072557067,1.0008431933643605,0.9955589455249824,304.8247200004103,305.81118254188306,-0.986462541472747,-0.9324074404172988,-0.0540551010554481,42.07583818005952,0.0073108922248153,0.012789703195098,0.0116051207816412,0.0189189338478065,0.0023373508238862,-0.0574139811161457,0.9349288451722916
2017-06-06,0.0034723551950788,-0.0026350715397397,-0.00928617825961,0.001805583938794,-0.034244362158364,0.0055532103577027,-0.0131920920907457,0.9891724461557688,0.987843801976716,0.983811075215296,304.0953760580395,305.38694564063246,-1.291569582592956,-1.0042398688524303,-0.2873297137405257,39.01307848986607,0.0072245368850715,0.012596875357884,0.0118399879742675,0.0174816783062033,-0.0158551659048577,-0.1148097315088438,0.8285514344729037
2017-06-07,-0.0124496904976993,0.0034723551950788,-0.0026350715397397,-0.0137198430693443,-0.0012679582188199,0.0318255564528988,-0.014789170358319,1.009172268111301,1.0044370851170883,1.004201680672269,304.39960681473536,305.4377552951458,-1.0381484804104275,-1.01102159116403,-0.0271268892463976,53.16834134910394,0.0128291542624374,0.0137047269721334,0.0116814731211235,0.0246452528148255,0.0212019588708797,0.1676726377803339,1.0634652281238002
2017-06-08,0.0199573849768619,-0.0124496904976993,0.0034723551950788,-0.00928617825961,0.0025973788395794,0.0224575985823158,-0.0204847731388191,1.003148719231877,0.9967739482684728,0.9997709883154928,304.4003142774323,305.3611960378954,-0.96088176046311,-1.000993625023846,0.0401118645607361,53.51764395445034,0.0122509364649668,0.0139726473352587,0.0117266086378847,0.0125779007063558,-0.006194052617515,-0.2943150609644972,0.7744599414159522
2017-06-09,-0.0054518736721533,0.0199573849768619,-0.0124496904976993,-0.0026350715397397,0.0082657271336517,-0.0011965062616162,-0.0109223196590384,1.0045047438447532,0.9998877051489808,1.0033295165135905,304.5415801548225,305.35803651512305,-0.816456360300549,-0.9640861720791868,0.1476298117786376,53.184447035819886,0.012140179187962,0.0110731548472368,0.0116778510095555,0.0164333124964141,-0.0069883274445496,0.7507695375612906,1.296406831385402
2017-06-12,0.0030036942401474,-0.0054518736721533,0.0199573849768619,0.0034723551950788,-0.007447237477924,-0.0275997245429243,-0.0183394327702461,0.9937637889906475,0.9904999931497588,0.9920415437237592,304.08965473737385,305.0799645466996,-0.9903098093257086,-0.969330899528491,-0.0209789097972175,53.88267760581765,0.0135087590516646,0.0103350376740125,0.0119361319145101,0.009663196114687,-0.0053522780418921,-0.3905679646807835,0.8273193887759428
2017-06-13,-0.012165908787869,0.0030036942401474,-0.0054518736721533,-0.0124496904976993,0.0011806997390053,-0.0331040947288214,-0.0309297875169911,0.9896915777070427,0.9900158634644916,0.9897679597549512,303.5279068480904,304.73613705857593,-1.2082302104855671,-1.0171107617199062,-0.1911194487656609,54.72339548779233,0.0122429039692604,0.0102123354618841,0.0117180294100915,0.0121732754941155,-0.0047327139780354,-0.2854569291076658,0.6356288857954693
2017-06-14,-0.0038652379721787,-0.012165908787869,0.0030036942401474,0.0199573849768619,0.013816285646713,0.0125308089549536,0.003251798123889,1.019343145366933,1.021225729597639,1.022092657079335,304.5700236806558,305.1483984808863,-0.578374800230506,-0.9293635694220262,0.3509887691915202,62.82317934836697,0.0175948271798448,0.0146061042965455,0.0140021785649956,0.0324861464412987,0.0316133563140676,7.786108098831965,2.9695547785169643
2017-06-15,0.0328299455080782,-0.0038652379721787,-0.012165908787869,-0.0054518736721533,0.0392355993658768,0.0419348879210073,0.0426413441378537,1.0311133382649198,1.0367792929968596,1.0397918907799737,306.38197184787464,305.9779753910117,0.4039964568629557,-0.66269156416503,1.0666880210279857,61.30906529920552,0.0181708912756339,0.0151052500853918,0.0138580281442345,0.0259402757898573,0.0176103326988452,-0.4655987423778465,1.2915301050165953
2017-06-16,0.0194843314271833,0.0328299455080782,-0.0038652379721787,0.0030036942401474,0.0397545028435697,0.0483488298500602,0.0530386898049373,1.026603924638747,1.035444338708696,1.0407011448778165,308.0857191552329,306.8282238321,1.2574953231329005,-0.2786541867054438,1.5361495098383444,58.32897604397169,0.0181387999348369,0.0149193846676718,0.0137113282513901,0.0190812531981774,-0.0002159610082255,0.1562368320769007,1.2738006916687974
2017-06-19,0.0035045066693961,0.0194843314271833,0.0328299455080782,-0.012165908787869,0.0680586447666196,0.0601045583986927,0.0642676277045575,1.028071773075065,1.044469119138649,1.0526688923176108,310.24650526326195,307.961750130272,2.284755132989972,0.2340276772336392,2.0507274557563324,61.90927739658598,0.0142503128646645,0.0152266272267335,0.0139730080917157,0.0181656475061585,0.0137030095857107,-0.5341930269072553,0.563483314876924
2017-06-20,0.014724858443847,0.0035045066693961,0.0194843314271833,-0.0038652379721787,0.0745615790407121,0.0758303136166307,0.081804625657337,1.0158087325687712,1.0391000626713065,1.0507931050617043,312.1838809183731,309.0638017518433,3.12007916652982,0.8112379750928754,2.308841191436944,68.47124857509458,0.0125803951197514,0.0139064150244833,0.0133764203848902,0.0103728181723395,0.0023775523131152,-0.3343503781201442,0.3639981810559622
2017-06-21,0.0021997837542464,0.014724858443847,0.0035045066693961,0.0328299455080782,0.0475138338890819,0.0619865842369768,0.0957848982258322,1.013347424247383,1.039849986298808,1.0531032493743313,314.16255894415224,310.2476155543688,3.9149433897834456,1.4319790580309897,2.482964331752456,74.5226141884511,0.0074703803841634,0.0131929478688763,0.0131760511454277,0.0167018680915482,0.0100866566148774,0.9711632487300436,0.9397290746824906
2017-06-22,0.006832625581552,0.0021997837542464,0.014724858443847,0.0194843314271833,0.0351891905918928,0.0758054589418426,0.0999654660914226,1.0138994443820215,1.0399608540691434,1.0558997651735158,316.21135076975145,311.52406668445605,4.687284085295403,2.0830400634838724,2.6042440218115304,77.2062551209814,0.0048782478781753,0.0125519875132867,0.013188486936055,0.0123547471287236,0.0022386527698156,0.1063468789652424,1.1037076820620184
2017-06-23,0.0074894724330405,0.006832625581552,0.0021997837542464,0.0035045066693961,0.0338781141945101,0.0749794246251602,0.0736932050124876,1.0094416399661597,1.03476106829394,1.0544288202581198,318.05747390102766,312.76014701324056,5.297326887787108,2.72589742834452,2.571429459442588,77.04417611864196,0.0051293316156061,0.0125843053670165,0.0121438490278941,0.0079395076980811,-0.0001045003289807,0.4080129993708012,1.578733101634531
2017-06-27,0.0022335592084694,0.0074894724330405,0.006832625581552,0.014724858443847,0.0197977695784306,0.0892038237119601,0.0591420982064099,1.006407520550859,1.0269868153449455,1.0522827913518191,319.66529342106185,313.926676921982,5.738616499079853,3.3284412424915866,2.410175256588267,84.2278909714699,0.0030047901387596,0.0109008980793835,0.0118730230837261,0.0125248036148249,0.0035963127305965,0.0465028276236334,1.4049484472514076
2017-06-28,0.0009053612504827,0.0022335592084694,0.0074894724330405,0.0021997837542464,-0.0098063079537448,0.0640240972813765,0.0288005427712252,0.9812451521165184,0.9933939751682612,1.0225177333020044,319.6665688923408,314.3523737414185,5.31419515092233,3.725592024177735,1.5886031267445953,65.32716580114868,0.0142657650511798,0.0153565060039967,0.0136230649377172,0.0317482547123339,-0.028785689126351,-0.5223360724899775,0.6411056303005904
2017-06-29,-0.0268934354957378,0.0009053612504827,0.0022335592084694,0.006832625581552,-0.020604851111868,0.0259299673041755,0.0387856997256259,0.981209935368342,0.9868066373715432,1.0163449012947934,319.4636780351057,314.6483296361514,4.815348398954313,3.943543299133051,0.8718050998212625,65.8359298912045,0.0134073197964308,0.0124422127928256,0.0132221391612424,0.0142887681874914,-0.0052143277623497,-0.1714794309768693,0.5641315164765524
2017-06-30,-0.0041473732284594,-0.0268934354957378,0.0009053612504827,0.0074894724330405,-0.0367501005278703,-0.0028541162277239,0.0389610846491603,0.9795292920006424,0.9780817790122484,1.0051788934366128,318.8453881375774,314.70732697430105,4.138061163276348,3.9824468719617103,0.1556142913146372,61.00350250268773,0.0117825364485608,0.0113804145166631,0.0132146839090709,0.0125724435604138,-0.0086206359121677,-0.3941601357393971,0.3906543736754756
2017-07-03,-0.0091189096228582,-0.0041473732284594,-0.0268934354957378,0.0022335592084694,-0.0381655746449756,-0.005580438146587,0.0424985840490352,0.9879603105877438,0.979363860868279,1.0038852475346478,318.359141337265,314.7797311936526,3.5794101436123924,3.9018395262918473,-0.3224293826794548,66.55025693598014,0.0114963014637486,0.0113133331879344,0.0131738079712263,0.0171608506626655,-0.0051505523127042,0.1767288336941475,0.588933983834965
2017-07-04,0.0007607994779661,-0.0091189096228582,-0.0041473732284594,0.0009053612504827,-0.0105764657357104,0.0090119134111303,0.0696581288857265,1.0194359125412458,1.0074605575651503,1.0301484702513193,319.38601866909204,315.53929510479986,3.846723564292176,3.890816333891913,-0.0440927695997368,74.24517636667856,0.0205067376426396,0.0141614435106151,0.0145367942325661,0.0267941786786213,0.0229855801291603,1.0463527040726772,1.4633757758442878
2017-07-05,0.0296151748020345,0.0007607994779661,-0.0091189096228582,-0.0268934354957378,0.0315695445870307,0.0214536559571059,0.0989108070331872,1.0277701053131374,1.0199371136014062,1.040251985772198,320.98286709650336,316.5930905375751,4.389776558928247,3.99060837889918,0.3991681800290672,71.34622825020315,0.0157269806743218,0.0148035953230503,0.0142310706654496,0.016254853778407,0.009234337602922,0.4459969829060037,1.7916320980810785
2017-07-06,0.0145575285175851,0.0296151748020345,0.0007607994779661,-0.0041473732284594,0.0357938651906415,0.0144514868158021,0.0773338693576362,1.0204507818394386,1.0183868406232843,1.0363109765814322,322.3305299710798,317.56713388895844,4.763396082121346,4.145165919543613,0.6182301625777331,66.92666335018569,0.015142435111833,0.0147255142210332,0.0138084038858224,0.0083186426146098,-0.0042451105291716,-0.5005215919285559,0.8867991521481826
2017-07-07,-6.931490315764677e-05,0.0145575285175851,0.0296151748020345,-0.0091189096228582,0.0805434530757283,0.040833372550463,0.1197342240386369,1.0384993063208992,1.0483669743591613,1.0651242661204925,325.17995715100983,319.291924463156,5.888032687853865,4.493739273205664,1.3942934146482011,73.59927745157614,0.0157356185581643,0.0178932519187003,0.0151350315515614,0.0387284233763498,0.0333680039687731,1.6375632408171907,1.712518758833704
2017-07-10,0.0336903036073643,-6.931490315764677e-05,0.0145575285175851,0.0007607994779661,0.080952913563808,0.0396977244534846,0.1176536616170955,1.02374107460208,1.0453728755226892,1.0603870192397051,327.6507925066838,320.9177365001733,6.7330560065104805,4.941602619866627,1.7914533866438536,71.10047782398016,0.0156462042797237,0.0179096223575546,0.0151587337524657,0.0079043871875323,-0.001504917838969,-0.9022315611163636,0.1770578579270012
2017-07-11,0.0011400271751391,0.0336903036073643,-6.931490315764677e-05,0.0296151748020345,0.0509160469974345,0.0398010694352579,0.1325553007286681,1.0146940154344075,1.0422486384330572,1.0548998612151324,329.7942525011483,322.4485176831755,7.3457348179728115,5.422429059487865,1.923305758484947,70.86517020354309,0.0145153674896231,0.0179077126200552,0.0146188805765899,0.0116437941888864,-0.0044303866710914,4.990956587740474,1.0378963429826096
2017-07-12,0.0010048503076214,0.0011400271751391,0.0336903036073643,0.0145575285175851,0.0474473930887024,0.0805148302673852,0.1496938168743946,1.016617341450994,1.045718637888718,1.059367283196285,332.19699032248604,324.1495199540399,8.04747036844617,5.9474373212795255,2.1000330471666446,71.88115981183022,0.0143323443752664,0.014276819207944,0.014452463825827,0.0181986739894519,0.0078031660360509,-0.1853281079078339,0.9393918018099084
2017-07-13,0.0112088795489251,0.0010048503076214,0.0011400271751391,-6.931490315764677e-05,0.0551453548206535,0.0929130854076356,0.1212522859785611,1.0131730355344355,1.043982222058128,1.060957472918623,334.6169076015988,325.9107742268309,8.706133374767887,6.499176531977199,2.2069568427906887,71.92940423283956,0.0134700284666504,0.013652248676488,0.0131265921720744,0.012384247706356,0.0088483531341862,0.3452767526078837,1.1452433657245216
2017-07-14,0.0072794342552904,0.0112088795489251,0.0010048503076214,0.0336903036073643,0.0285685456000126,0.1114130079877173,0.1082409060859161,1.0151704607723169,1.0409950022047525,1.0635254874507054,337.07422135850425,327.7388240634719,9.335397295032353,7.06642068458823,2.2689766104441214,73.04616196917507,0.004457824853131,0.0121225626398099,0.0127392787019228,0.0133333449395309,0.0090460139875495,-0.1077517066081211,1.2056314929733736
2017-07-17,0.0076539003130817,0.0072794342552904,0.0112088795489251,0.0011400271751391,0.0394547730166032,0.1236016654101042,0.1173314758148809,1.0191381880948427,1.0411494744662284,1.0699621181896135,339.78648714559733,329.73624072355614,10.050246422041198,7.663185832078824,2.387060589962374,75.01094109755962,0.0042888185243688,0.0116103236939317,0.0128133986660485,0.0145642165032441,0.0095966473884204,-0.0867677434177524,0.9338249052142408
2017-07-18,0.0117359549412587,0.0076539003130817,0.0072794342552904,0.0010048503076214,0.0170977381311767,0.0688843343668481,0.078517027434676,0.9948812846254704,1.013121474298645,1.0440182542910343,340.96142512079393,331.0464142984316,9.91501082236232,8.113550830135523,1.801459992226796,77.30545309097373,0.0135646792343492,0.0136930253023162,0.013878129097887,0.026843807688713,-0.0173906783975158,0.0475063001848055,0.991574785893359
2017-07-19,-0.0205251873041749,0.0117359549412587,0.0076539003130817,0.0112088795489251,0.0144596500832006,0.0625931158733257,0.0853896230036612,1.0005613261448685,1.015706527472192,1.048638797719364,342.41452674734245,332.48050106842624,9.934025678916214,8.477645799891661,1.4563798790245528,80.54894301831419,0.0132373832378956,0.0134434987229387,0.0139109220881746,0.0165694096814674,0.0134536695906342,-0.3996895240249229,0.6290055080964613
2017-07-20,0.0085860656745702,-0.0205251873041749,0.0117359549412587,0.0072794342552904,0.0044675600617287,0.0598592800671688,0.075175822479665,0.997032858169137,1.0072601563577812,1.0420582523803616,343.50165108789554,333.73978506046416,9.76186602743138,8.734489845399606,1.0273761820317748,83.70306306044952,0.0131688416681498,0.0135998804171373,0.0139776083427548,0.0172019426136774,-0.0070465278240216,0.1557100228511854,0.8078360209641513
2017-07-21,-0.0026419330292838,0.0085860656745702,-0.0205251873041749,0.0076539003130817,0.0334148813795822,0.0629380415420064,0.1063413865903508,1.026753917767763,1.037802897200108,1.0747147462310933,346.3943742753948,335.85567889351427,10.53869538188053,9.095330952695791,1.4433644291847385,86.95418893002355,0.0209580491799693,0.0142966212925815,0.0157985298677681,0.0294952261158597,0.0225806904510496,6.129165899141718,3.0178140939674543
2017-07-24,0.0366930474088413,-0.0026419330292838,0.0085860656745702,0.0117359549412587,0.0409215775803348,0.0819909021518516,0.1249434788466532,1.0378116265266817,1.0492009020900344,1.0886048167808806,349.905854254661,338.32703557848544,11.578818676175558,9.592028497391745,1.9867901787838136,86.4304862282874,0.0216400437679561,0.0147093219241377,0.0160797929835233,0.0247020143210336,0.0095312700522062,-0.5529304715035214,1.1697952864699743
2017-07-25,0.0190851760391623,0.0366930474088413,-0.0026419330292838,-0.0205251873041749,0.0541153946426224,0.072138383620264,0.1148106378709394,1.0186285986259145,1.0334551444604645,1.073805501769096,352.41642257545834,340.3935180052527,12.02290457020564,10.078203711954524,1.944700858251116,80.94685236503271,0.0179042404034392,0.0154550317042949,0.016354917257075,0.017070865532831,-0.0138794594616805,-0.5380303027023587,0.5391816140897696
2017-07-26,-0.0081102160189536,0.0190851760391623,0.0366930474088413,0.0085860656745702,0.058579846253171,0.0738865404151201,0.1603503329430731,1.0200777860312615,1.0392583559371442,1.079499796063051,355.2651805806763,342.6557277537062,12.60945282697014,10.58445353495765,2.024999292012492,82.38678245646365,0.0178787110792091,0.0155124673092039,0.0145131423897968,0.0177476382883917,0.0115633572826314,0.0942657113589429,0.5594450067125788
2017-07-27,0.0128576887892333,-0.0081102160189536,0.0190851760391623,-0.0026419330292838,0.0431028761622203,0.0477630009120368,0.1451138941027376,0.9942705432259152,1.0166250298158357,1.0538227534531597,356.6927626623151,344.2771156320485,12.41564703026654,10.950692234019428,1.4649547962471132,70.12233146700824,0.0215833755065581,0.0173372230296642,0.0153394791938433,0.0270566234195894,-0.0203931124543507,-0.1614697478942985,0.4579477591764906
2017-07-28,-0.0172238098967777,0.0128576887892333,-0.0081102160189536,0.0366930474088413,0.0059621012115156,0.0395762054958537,0.1553985175826042,0.9928823857674518,1.012484178624624,1.0461789647954818,357.8884064098796,345.77247351274747,12.115932897132096,11.18374036664196,0.932192530490136,69.82827442740772,0.0148650831071701,0.0173725185218561,0.0149748120639477,0.0175296001237903,0.0020110242623376,-0.2214905957641991,0.6063162939509057
2017-07-31,-0.0002194988477984,-0.0172238098967777,0.0128576887892333,0.0190851760391623,-3.0995403753619755e-05,0.0408893137957619,0.1695449664884987,1.0058099270376266,1.021544630381234,1.051714835279487,359.629813123564,347.5084051080127,12.121408015551252,11.37127389642382,0.7501341191274342,71.93683724816763,0.0132017505711168,0.0174401229262601,0.0149414885861256,0.0141159097065158,0.0082711417700951,0.1559852337410705,0.9070481280935044
2017-08-01,0.0130138976959366,-0.0002194988477984,-0.0172238098967777,-0.0081102160189536,0.000905049695653,0.0550694214597269,0.1277471762677959,0.9984061652195204,1.008867560451259,1.0380228885585774,360.6953802977632,348.91933804489025,11.77604225287297,11.45222756771365,0.32381468515932,67.11063848072934,0.0130638434755139,0.0157731096334442,0.0143908304627745,0.0194873880086488,-0.0118009067077019,-0.2568596369429112,0.7365800723978201
2017-08-02,-0.0071817336688214,0.0130138976959366,-0.0002194988477984,0.0128576887892333,0.0039747443467341,0.0627874305126325,0.1293106072994239,1.013530735180576,1.0188039556929596,1.0482647552594786,362.4972779202227,350.65921780776875,11.838060112453944,11.529394076661708,0.3086660357922373,68.7960880241429,0.0138627893042877,0.016103334083572,0.0144375595262046,0.0169408384260467,0.0119254573503944,0.6883020682395598,1.2611967537779554
2017-08-03,0.0159640412154979,-0.0071817336688214,0.0130138976959366,-0.0172238098967777,0.0346751253809731,0.0792725991783991,0.1438770799614401,1.0195179147948503,1.0241116646537858,1.054670098761566,364.7569411803928,352.624097163588,12.132844016804825,11.650084064690333,0.4827599521144936,69.77733741700874,0.0100456773594311,0.0158987990337849,0.0144309752515304,0.0289982662061662,0.0142913838089249,-0.0519025566913496,1.1771950281576358
2017-08-04,0.012828343982032,0.0159640412154979,-0.0071817336688214,-0.0002194988477984,0.0173727688490386,0.0234384482667564,0.0878516598394563,0.9988300857609927,1.0044490057891364,1.0324832911844513,365.6860584777603,353.9701791228245,11.715879354935794,11.663243122739424,0.0526362321963702,61.57515395533621,0.0147029113165708,0.0139894688002298,0.0139043986982537,0.0295286928252505,-0.0245640232092787,-0.05721282802621,1.056240385400224
2017-08-07,-0.0169383299671241,0.012828343982032,0.0159640412154979,0.0130138976959366,0.0007120071567712,0.0006809896840684,0.082727726794473,0.9951178527810672,1.0007894517044558,1.0247640026823055,366.2682692453044,355.11834574089653,11.149923504407866,11.560579199073112,-0.4106556946652464,67.34402451490912,0.0138784437333365,0.0127699748712015,0.0140006373067992,0.0117857664700527,-0.0093465920063051,-0.4866976973892061,0.5892729827472571
2017-08-08,-0.0035754819859674,-0.0169383299671241,0.012828343982032,-0.0071817336688214,-0.0006547996816664,0.0002496573877339,0.0724060508884081,0.9867493557881148,0.9922203793156114,1.012541863770314,366.2756092081662,355.9478000566751,10.327809151491124,11.314025189556716,-0.9862160380655922,62.48208444410185,0.0140711407449165,0.0128013486923345,0.0142707598900987,0.0213722030730852,-0.0095488418922554,0.1493336330754209,0.6887670141625801
2017-08-09,-0.0085377589648532,-0.0035754819859674,-0.0169383299671241,0.0159640412154979,-0.0186595062744938,-0.0147589286948371,0.0580371255387881,0.9881395721226806,0.9913685758902312,1.0073814064703484,366.1499417533642,356.6523164044734,9.49762534889078,10.950745221423528,-1.4531198725327492,62.54935827649072,0.0108824116792444,0.0119950474846519,0.014211899311901,0.0218913797363635,-0.0016859547481542,-0.0478634095822245,0.7538505448289035
2017-08-10,-0.0023400787874012,-0.0085377589648532,-0.0035754819859674,0.012828343982032,-0.0398460273919846,-0.006552568006762,0.0408974625935916,0.9872323784587556,0.9830455963862856,0.996322781658062,365.5354525172697,357.05997902034574,8.475473496923996,10.455690876523622,-1.980217379599626,49.86277201101432,0.0057626921029637,0.0110379141985969,0.0144153883827529,0.0181146731473179,-0.0054612339547706,-0.0238090743860267,0.853236261823409
2017-08-11,-0.0090379799242661,-0.0023400787874012,-0.0085377589648532,-0.0169383299671241,-0.0467897368366907,-0.0302298352702232,0.0081499880528703,0.9726922884080677,0.9622834830735716,0.9719814833166884,363.6756516417162,356.79233219114764,6.883319450568592,9.741216591332616,-2.857897140764024,35.90107880992093,0.0086478201006402,0.0132885688435612,0.0154768844147107,0.030396115679652,-0.0030304003280724,0.6682378689624549,1.462184537783201
2017-08-14,-0.0240477049191378,-0.0090379799242661,-0.0023400787874012,-0.0035754819859674,-0.0267888139292218,-0.0260958805996895,0.0137263905454549,0.9949715030219994,0.9815366744334748,0.988166512944626,363.04443660549066,356.9982893552293,6.046147250261356,9.002202723118364,-2.956055472857008,44.36916549382372,0.0149741931457723,0.0139213496401731,0.0157387219861901,0.0149391299624527,0.0077194045991083,-0.2092024719996098,1.0835186180664018
2017-08-16,0.0173321925723961,-0.0240477049191378,-0.0090379799242661,-0.0085377589648532,-0.0227449759827224,-0.0233848822613559,0.0303967472613342,0.9951643378570244,0.9794920646308464,0.9823751765562938,362.2659280291652,357.0713146518327,5.194613377332473,8.240684853961186,-3.046071476628713,38.4269588146797,0.0148662588134135,0.0138464911567892,0.0149841388242053,0.0164740848242143,-0.0037531584894148,0.010121038342213,1.050200637042742
2017-08-17,-0.0044180851569448,0.0173321925723961,-0.0240477049191378,-0.0023400787874012,-0.0198273069695732,-0.038116845485262,0.0222773262401039,0.9998277503416076,0.9839390431465544,0.9819506929731942,361.6423556430677,357.1558622716623,4.486493371405402,7.489846557450029,-3.0033531860446274,43.64093872309385,0.0150333057293109,0.0123729216171221,0.0148943558534923,0.0232914468448141,-0.0012109278774215,0.1658781068967676,1.1301314852681688
2017-08-18,0.0006385105943313,-0.0044180851569448,0.0173321925723961,-0.0090379799242661,-0.0056490538563694,-0.0452699888936544,0.0304139406003673,1.0062723933492137,0.9938115029765922,0.9857153998871522,361.4065969774275,357.37468168238405,4.031915295043461,6.798260304968716,-2.7663450099252547,45.78070637662184,0.0151762151479828,0.011441765722487,0.0148921602109903,0.0156468404202614,0.0072889654650817,-0.4986397825370454,0.5854312326609884
2017-08-21,0.0052963414112592,0.0006385105943313,-0.0044180851569448,-0.0240477049191378,0.0117380432288991,-0.0356009135614494,-0.0129968954654523,0.9969347571551402,0.9904807614646975,0.9794640459645768,360.8202774454435,357.3910400777283,3.4292373677151886,6.1244557175180105,-2.695218349802822,38.24069879057855,0.0096043317294907,0.0106511080487044,0.0124833632652928,0.0152774138930116,-0.0079898801793115,-0.0456573868841427,0.6489162603091941
2017-08-22,-0.0069823243601188,0.0052963414112592,0.0006385105943313,0.0173321925723961,-0.0082641345455286,-0.0348315621121242,-0.0341742923625341,0.9958126316723134,0.9912600598181108,0.9784313193866558,360.1711880367695,357.33253313041973,2.838654906349745,5.467295555284358,-2.6286406489346126,39.56882200237021,0.0047661077239234,0.0106540054813349,0.0115964550589463,0.0152879203170394,-0.0076017765674906,0.2588060987979494,0.8754739206755865
2017-08-23,-0.0027805821795934,-0.0069823243601188,0.0052963414112592,-0.0044180851569448,0.0101844571006128,-0.01279216411426,-0.0125457003848024,1.0078035149989577,1.0065499734191938,0.9928550233706378,360.3956213976992,357.6508643713377,2.7447570263614693,4.92278784949978,-2.178030823138311,38.50835474407332,0.0081040157229764,0.0118049556267842,0.0120040094292572,0.0211118379813081,0.0109914111017765,-0.1272954372836149,0.845673654137087
2017-08-24,0.0141020519450911,-0.0027805821795934,-0.0069823243601188,0.0006385105943313,0.0006061554037626,-0.0192331699950724,-0.0337082377053765,0.99876430752912,0.9995983573503304,0.9857609511256186,360.09319350388245,357.7085662762676,2.384627227614885,4.415155725122801,-2.030528497507916,29.30636460977958,0.0095077561201013,0.0120502564414345,0.0117043347098185,0.018239205709922,-0.0138050991482387,0.5209456623588411,1.3749497799619137
2017-08-28,-0.0088492789638926,0.0141020519450911,-0.0027805821795934,0.0052963414112592,-0.0056175880811675,-0.0112349078799236,-0.0177138583887528,0.9989351032043052,0.999776626860419,0.9856932687106834,359.7845445183092,357.7365965593333,2.04794795897584,3.941714171893409,-1.8937662129175687,33.8183296109616,0.0090636658316886,0.0117845348681161,0.0111153620418914,0.0132456731386284,-0.007916179874194,-0.0267039460827176,1.2219155655785234
2017-08-29,-0.0009565749050087,-0.0088492789638926,0.0141020519450911,-0.0069823243601188,-0.0206148993530295,-0.0091188347038956,-0.0390730091031636,0.9810343670299349,0.9787031808957136,0.9659416205554608,358.31364911014384,357.18008750791864,1.1335616022251995,3.380083657959767,-2.2465220557345678,28.991948217029066,0.0130808777550977,0.0113421743809628,0.0120737039369832,0.0244754090032606,-0.0190158814010917,0.2312672523668797,1.3075530962810056
2017-08-30,-0.0219590526303768,-0.0009565749050087,-0.0088492789638926,-0.0027805821795934,0.0025960393348525,-0.0056895492290247,-0.0316369560313676,1.0009727566451354,0.9996836204179882,0.9876753650780958,358.19261801958083,357.20578080521983,0.9868372143610032,2.901434369240014,-1.914597154879011,41.203349336369776,0.0172706809726648,0.0120048496035756,0.0126953202971221,0.017613930604246,0.010694320311125,-0.3184939582501913,0.8789602539510263
2017-08-31,0.0208530209353656,-0.0219590526303768,-0.0009565749050087,0.0141020519450911,0.0078696075879849,0.0181342123694763,-0.0056747363130421,1.018804306028728,1.0172671037258805,1.0071613372329895,359.1592754186117,357.7443074947059,1.414967923905806,2.6041410801731724,-1.1891731562673664,49.12318720240451,0.018435727765517,0.013426800214862,0.0134446976705909,0.0147068452483124,0.0123810235849771,1.4291089686210166,1.6609053791657178
2017-09-01,0.0194361408271117,0.0208530209353656,-0.0219590526303768,-0.0088492789638926,0.0268167920232464,0.0274392025704055,-0.0117235387594714,1.0232732521120889,1.0244093444262263,1.017628860767795,360.5258143641257,358.507083129502,2.018731234623715,2.4870591110632807,-0.4683278764395657,55.226318536274206,0.0176347947836467,0.0136425651141134,0.0131207773476736,0.0109309350345394,0.0064068766837086,-0.3852958170058306,0.9847726737965812
2017-09-04,0.009783603080796,0.0194361408271117,0.0208530209353656,-0.0009565749050087,0.0298745657201753,0.0240891546346881,-0.0222713500217361,1.0192754610486412,1.024004614095474,1.0208685228315215,361.7964072263756,359.26838571018703,2.528021516188573,2.49525159208834,0.0327699241002341,65.8629254974987,0.0174141845735866,0.0136151211257515,0.0127601995314253,0.0249791134572888,-0.0013308606959746,0.3971388391255059,1.230668956643826
2017-09-05,0.0020184920505343,0.009783603080796,0.0194361408271117,-0.0219590526303768,0.0655614684077761,0.0435950259820834,0.0064420896689367,1.0185098671877626,1.031756587070208,1.03270781374136,363.54848396168086,360.299239065422,3.2492448962588583,2.6460502529224432,0.603194643336415,64.59923083217413,0.0076645754510854,0.0134696281510045,0.012498286583262,0.0084527788024768,0.0015951284653807,0.1695804166613328,1.291197936539124
2017-09-06,0.0119317271548888,0.0020184920505343,0.009783603080796,0.0208530209353656,0.0519787429293112,0.0547097211253846,0.0179725339637444,1.0161870647445486,1.034267057412997,1.0398490495609978,365.4811400123477,361.4704619710216,4.010678041326173,2.9189758106031896,1.0917022307229836,68.89896738220858,0.0063439793490583,0.0132613269742906,0.0125678752982558,0.0180502948744674,0.0116822385793956,0.933077567092637,1.7913436393627848
2017-09-07,0.0078401946007706,0.0119317271548888,0.0020184920505343,0.0194361408271117,0.0261523220096278,0.0342277381093432,0.0209977271519283,1.0053270619386143,1.024995266432938,1.0329365774119486,366.7929310846668,362.3991523422365,4.3937787424303565,3.213936396968623,1.1798423454617333,65.84863518862268,0.0070687929085538,0.0132909960508735,0.0124674751154098,0.0213910716073544,-0.0059539008047114,-0.6675554031281838,0.6371999463449941
2017-09-08,-0.005591348607157,0.0078401946007706,0.0119317271548888,0.009783603080796,0.0147195773662556,0.041931101234403,0.0218914632412088,1.0009373591020905,1.0192934608079125,1.030283258015661,367.8185106098022,363.2184149834076,4.600095626394591,3.491168242853817,1.1089273835407738,63.76713617860463,0.0070341235678619,0.0127248540693668,0.0124562672985033,0.0136491807852103,-0.0037804614965056,-0.1824661613064682,0.5300338596582586
2017-09-11,-0.0014667715774983,-0.005591348607157,0.0078401946007706,0.0020184920505343,0.0139151211949088,0.0442053951177257,0.0324738436958587,0.9994134594912568,1.01615104541348,1.0298737403706104,368.7566399495802,364.01085471192255,4.745785237657685,3.742091641814591,1.0036935958430946,67.57757883437338,0.0070692069412069,0.0126453134573623,0.0122233857697077,0.0125931943145277,-0.0041398228542052,-0.0421047411489965,0.5465036833577384
2017-09-12,0.0012241051305286,-0.0014667715774983,-0.005591348607157,0.0119317271548888,0.0091265314707262,0.0752863486831929,0.0654809902101953,1.004732485563877,1.0161379490729747,1.0339444577624168,369.9618937719405,364.9427017551077,5.01919201683279,3.997511716818231,1.021680300014559,70.77693326135102,0.0057175979960726,0.0086072044342542,0.0106592740981381,0.0097116504554612,0.0012154825589894,-0.4877945016276624,0.3337178539935699
2017-09-13,0.0071525047437293,0.0012241051305286,-0.0014667715774983,0.0078401946007706,0.0319679737678038,0.0856083717875628,0.079431749512836,1.0289288076650185,1.0387068435325837,1.061475592507318,372.7576403956684,366.6605939825939,6.097046413074452,4.417418656069476,1.679627757004976,74.26243934327307,0.0143284619415018,0.0106377341725038,0.0119274719066284,0.0446407377415824,0.030339831780498,3.519421967754486,1.882625488484663
2017-09-14,0.0306525208371031,0.0071525047437293,0.0012241051305286,-0.005591348607157,0.0314753709909692,0.0584508470381253,0.0776450194809668,1.0163438521897783,1.0265533792517954,1.0510418537838244,374.7610519769237,368.076832626389,6.684219350534647,4.870778794962511,1.813440555572137,75.4304023899137,0.0144289465977574,0.0107273761215034,0.0119934413898661,0.0231083471050649,-0.0139636122540513,-0.5960241965290931,0.8053070776262214
2017-09-15,-0.0060660227011563,0.0306525208371031,0.0071525047437293,-0.0014667715774983,0.0304811166257583,0.0456493631463965,0.074341147839386,1.0078299297483018,1.0195017322401367,1.0446988252638605,376.3120672677336,369.3187451257074,6.993322142026102,5.295287464375229,1.698034677650873,74.60587602004102,0.0145642435922764,0.0109105108122683,0.0120556459886742,0.0215014855845799,-0.000237522911923,1.409526662419824,1.6059248694307608
2017-09-18,-0.0024292725242861,-0.0060660227011563,0.0306525208371031,0.0012241051305286,0.0338061052238276,0.0481916424700537,0.0734416930323027,1.005661323766195,1.0192445525169846,1.045599270395957,377.888211816688,370.5956534005393,7.292558416148665,5.694741654729916,1.5978167614187493,87.67482733239709,0.0143637598815607,0.0108754269955976,0.0120511032574344,0.0094022120994418,-0.0052353019386944,-0.8229786649213973,0.3109244653411444
2017-09-19,0.0044546919699768,-0.0024292725242861,-0.0060660227011563,0.0071525047437293,0.0180272861049162,0.0273183441696107,0.0721043140755559,0.9938845014193644,1.0081568539924173,1.033401300305662,378.7330561075101,371.5426197936128,7.190436313897237,5.993880586563381,1.1965557273338563,79.31572656470078,0.0158273765788229,0.0112611094738915,0.0121114056350109,0.0140114463694018,-0.0119006072807461,0.5248329956864832,0.4671156607680293
2017-09-20,-0.0082195046855138,0.0044546919699768,-0.0024292725242861,0.0306525208371031,-0.0021790505915728,0.0297192633440808,0.0860549170790718,1.0044582138283666,1.015450834282511,1.0396376173245288,380.0492755780494,372.7089800063834,7.34029557166599,6.263163583583904,1.0771319880820869,77.78398071423638,0.0076354466636898,0.0114030267734368,0.012101621949362,0.0323437637527225,-0.0104543997135537,2.231465492167914,1.5950787751787618
2017-09-21,0.0101955918948533,-0.0082195046855138,0.0044546919699768,-0.0060660227011563,-0.002962606574849,0.0284195152750765,0.0636199891104494,0.9981729254738564,1.0056957483468891,1.0293411190239743,380.75506423611387,373.5925297729823,7.162534463131578,6.443037759493439,0.7194967036381392,70.67197047627101,0.0077863998876846,0.0115143532010872,0.0121065283770455,0.0183633769609787,-0.0066706482492464,-0.4807883892936543,0.8168695784754384
2017-09-22,-0.0068465263730381,0.0101955918948533,-0.0082195046855138,-0.0024292725242861,-0.0289855520674636,0.0006120525652641,0.0425688178377423,0.9754060213859962,0.9770090831757088,0.9980022148964128,379.6677889164353,373.5995849496653,6.06820396677,6.368071000948752,-0.2998670341787521,54.86946564839225,0.0148468676630039,0.0152140632011463,0.0138059091366542,0.032664595127432,-0.0267889338638558,-0.050689310971642,0.9762166901762184
2017-09-25,-0.0284661381797941,-0.0068465263730381,0.0101955918948533,0.0044546919699768,-0.0283838726740193,0.0044626843635307,0.048865354206832,0.9860059432255572,0.9815412265347436,1.0007308682092853,379.0396709250847,373.7466543587757,5.29301656630895,6.153060114020791,-0.8600435477118413,52.50835459057564,0.0149562985422382,0.0152924468099023,0.0137997512715373,0.0276915814114861,0.0080368264585412,0.1574369857639692,0.9863104598517636
2017-09-26,0.0050770922762684,-0.0284661381797941,-0.0068465263730381,-0.0082195046855138,-0.0220605852966898,-0.0044309916745589,0.0705217638244108,0.9886559388734352,0.9802362847404296,0.9956883848087889,378.4062014197832,373.8337258240979,4.572475595685319,5.836943210353697,-1.2644676146683782,48.69609232773749,0.0149578304145125,0.0151237601940269,0.0126045993418389,0.0181075203769534,-0.0019472083852549,-0.2575954358900804,0.704453675362613
2017-09-27,-0.0017649874016528,0.0050770922762684,-0.0284661381797941,0.0101955918948533,-0.0566606063084617,-0.0587161905723392,0.0218655837427572,0.9746801365814854,0.9609210426373233,0.96924672219305,376.39670618933576,373.2048929794888,3.1918132098469982,5.3079172102523575,-2.1161040004053597,41.83542050263476,0.014801651407306,0.0125493593237737,0.0134799128643806,0.0377901615221614,-0.032037362058584,0.7463655120912316,1.3468823112597428
2017-09-28,-0.0255456699666141,-0.0017649874016528,0.0050770922762684,-0.0068465263730381,-0.065252239367517,-0.0680215292289921,-0.01354659819113,0.9722102199906176,0.9522224093309634,0.9544687173384784,373.8031333395942,372.1925662896018,1.610567049992369,4.56844717820036,-2.957880128207991,38.06350791362989,0.0146411938295745,0.0129371659929972,0.0132732416936616,0.0288639076126799,-0.0165072515053093,0.6015965218437676,1.7363725624803004
2017-09-29,-0.0158918501173777,-0.0255456699666141,-0.0017649874016528,-0.0284661381797941,-0.0446537325721737,-0.07234497154916,-0.0299981102808268,0.9741402272031454,0.9525262066689496,0.9491239485241773,371.2182237032143,371.0672814313442,0.1509422718700079,3.68494619693429,-3.534003925064282,35.995482372916456,0.0119951587431159,0.0128401452394683,0.013113200900508,0.0183121939276894,-0.0137037673746346,-0.4359543383897357,0.9315262523413764
2017-10-03,-0.0070569969147017,-0.0158918501173777,-0.0255456699666141,0.0050770922762684,-0.0282393109057566,-0.0558216425746248,-0.0103201367456184,1.001706422009435,0.979450378554322,0.9708242041567544,370.2583061743544,370.6162798264762,-0.3579736521218137,2.876362227123069,-3.234335879244883,41.162138295070285,0.018038555321022,0.0156216848746249,0.0141427160772197,0.0231728020880925,0.0042138001450949,0.1007751733327702,0.9802951240756694
2017-10-04,0.0223459713857223,-0.0070569969147017,-0.0158918501173777,-0.0017649874016528,-0.001524160942279,-0.0235511223564958,0.0031238441469996,1.027750596505941,1.0070407588078567,0.9955986476807795,370.8879017614129,370.8929018756435,-0.0050001142305973,2.300089758852336,-2.305089873082933,39.15076890556465,0.0229868996830821,0.0184211613448356,0.0150778691024783,0.0358429060475238,0.0245871385225148,0.0306263336877841,0.927607188128299
2017-10-05,0.0256779811806793,0.0223459713857223,-0.0070569969147017,-0.0255456699666141,0.0312832662078477,-0.0271498689312597,0.0017625203082958,1.027951690366417,1.016433879810429,1.001954307404158,371.7934016632028,371.3285129310067,0.4648887321960728,1.9330495535210837,-1.4681608213250106,42.9187686200436,0.018054751617415,0.0181781993315736,0.0150447627453517,0.0118910242157879,-0.0010302736856141,-0.4376999294093791,0.5649240575929974
2017-10-06,0.0064724702758838,0.0256779811806793,0.0223459713857223,-0.0158918501173777,0.0643397870041626,-0.005110767545805,0.0231635021929361,1.0310275362547396,1.0328914018100712,1.0164665394444048,373.4668955704864,372.1687054591208,1.2981901113656704,1.8060776650900008,-0.5078875537243304,48.41613932151101,0.0132219320394956,0.0189693244694809,0.0153613055705705,0.020010818727931,0.0158374130904792,0.2225350273910666,0.8380305996443075
2017-10-09,0.0156525301594776,0.0064724702758838,0.0256779811806793,-0.0070569969147017,0.0637085176064453,0.0162099619265037,0.0168319358405479,1.01075674606543,1.023320858791713,1.0078532990359803,374.4327945993058,372.72993018494975,1.7028644143560427,1.7854350149432094,-0.0825706005871667,45.117965156818805,0.0134418190935167,0.0165256730882863,0.015480659704389,0.0142057390320979,-0.0099522794066281,-0.3190782853073561,0.6345906425125499
2017-10-10,-0.0076459202446184,0.0156525301594776,0.0064724702758838,0.0223459713857223,0.0561783547710195,0.0263526058387102,0.0309328935642556,1.0149497815239854,1.0360185837917153,1.0215126888005268,376.132774817201,373.6745772835183,2.458197533682778,1.9199875186911235,0.5382100149916549,51.45385635873854,0.0124712136712065,0.0170475178224411,0.0158016590952502,0.0193311227743728,0.0146810900866634,0.6645587412467313,1.1140456303030324
2017-10-11,0.0151086206347863,-0.0076459202446184,0.0156525301594776,0.0256779811806793,0.026012081629299,0.0244482740881732,0.0199089523146722,1.0061194686558497,1.0297344033005418,1.0168076221061295,377.3567045177999,374.4459654751905,2.910739042609407,2.11813782347478,0.7926012191346272,47.7079235903128,0.0106279694185034,0.017111784205327,0.0157875171969508,0.0266619396485215,-0.0060924957879104,0.0467430680264979,1.231041416746557
2017-10-12,-0.0036171487526101,0.0151086206347863,-0.0076459202446184,0.0064724702758838,0.0589698673728966,0.0920979036400122,0.0279740750062331,1.0331336741634984,1.0601275470952003,1.0547465264855498,380.6852028011192,376.2641860592042,4.421016741915025,2.578713607162829,1.8423031347521963,58.74653122031869,0.0185112389119963,0.0174678528790378,0.0166708229534918,0.0397593942497907,0.036397094320436,0.2089600148995074,1.3195048119361124
2017-10-13,0.0388026003261134,-0.0036171487526101,0.0151086206347863,0.0156525301594776,0.047069999625978,0.1144382603803619,0.0386324656779919,1.0279250038483787,1.0531090028068748,1.0571355892408956,383.76185485665616,378.0730197705305,5.688835086125664,3.200737902955396,2.488097183170268,68.54003467424984,0.0185993265001656,0.0153089513085534,0.0165833069309043,0.0197957362736628,-0.0032412739166841,0.1537718134830865,1.3586953205491064
2017-10-16,0.004239428466882,0.0388026003261134,-0.0036171487526101,-0.0076459202446184,0.0555589218846286,0.1228070160441558,0.041577574413244,1.0173228307669582,1.041528110078128,1.0553302491815908,386.38979646975474,379.7597201832169,6.630076286537815,3.88660557967188,2.743470706865935,67.77099909950027,0.0170411521713156,0.014491622702116,0.0165553379928582,0.0350136762239718,-0.0025028486164275,0.4881295188622101,1.564255847839875
2017-10-17,0.0003994030280447,0.004239428466882,0.0388026003261134,0.0151086206347863,0.0369426550901017,0.0951963874449564,0.0340607261559837,1.0071996566729278,1.029325230380428,1.0505605531720146,388.4411230420161,381.2385127021973,7.202610339818705,4.549806531701245,2.65280380811746,67.33783137424066,0.0178214825410307,0.0146279774715032,0.0165819831400838,0.0192143355959706,-0.0041571329027284,-0.5657862464069339,0.6847979321363398
2017-10-18,-0.0027942481822579,0.0003994030280447,0.004239428466882,-0.0036171487526101,0.0884961201531311,0.1168101700837298,0.0905080371191089,1.0357090368169757,1.0646038291728903,1.0938144992592145,393.0007416199872,383.9674113019478,9.03333031803936,5.4465112889688685,3.586819029070493,82.83521028111082,0.0231378592821649,0.0181366724019099,0.0190887552703825,0.0469108552869533,0.0422840318881251,1.6384885678262164,1.493976594606053
2017-10-19,0.0459198128710975,-0.0027942481822579,0.0003994030280447,0.0388026003261134,0.0425666092098555,0.1040466238823714,0.0740719027499654,1.0219002743966772,1.0487793719510383,1.0842436912625049,396.5353471384867,386.3383939825616,10.196953155925089,6.396599662360112,3.800353493564975,86.83976302505607,0.0211815160339764,0.0188252829544892,0.019153701586243,0.0207715074752996,-0.0064424168539059,-0.7814468833269557,0.3574686501807234
2017-10-23,-0.0050300735036006,0.0459198128710975,-0.0027942481822579,0.004239428466882,0.0722231721542059,0.122692716466469,0.1169548949672405,1.0406284792074123,1.0705131438390103,1.113286242430468,401.625612242181,389.5445922292237,12.08102001295731,7.533483732479551,4.547536280477759,91.39952971370155,0.0234593208925406,0.0201237794261675,0.0200310445725001,0.037882473012936,0.0294117302951702,2.425591785762456,1.162867360045197
2017-10-24,0.0328057469720353,-0.0050300735036006,0.0459198128710975,0.0003994030280447,0.0655223105513511,0.1247215813696027,0.142953275381521,1.0215406324880842,1.0518345757985077,1.0991628940627016,405.5459282073263,392.3270421393276,13.21888606799871,8.670564199583383,4.548321868415327,87.77099479105209,0.0245252085187401,0.0199381813999487,0.0185849738656622,0.0208723340648084,-0.0141922726929183,-0.4952609184668035,0.6935916398065259
2017-10-25,-0.0058525957361689,0.0328057469720353,-0.0050300735036006,-0.0027942481822579,0.0749699747376286,0.1146822197465764,0.1440570009189765,1.0131945159639997,1.0467991523457782,1.0981647910526249,409.2605044566799,395.0947185607199,14.16578589595997,9.769608538858702,4.396177357101269,86.67071921388673,0.0233934393731524,0.0199869480906081,0.0185813261022427,0.017448663731461,-0.0002127372524515,-0.2775331216639211,0.5213840709198597
2017-10-26,0.0060476737320034,-0.0058525957361689,0.0328057469720353,0.0459198128710975,0.0359759382773263,0.1276557893868697,0.1552250272029152,1.0140863287787232,1.042697330580952,1.0987564601733737,412.9311061222989,397.91136276238535,15.019743359913493,10.81963550306966,4.200107856843832,86.84605240680813,0.0156327724931802,0.0193654369585781,0.0184692030488311,0.0282879137840613,0.0078723287307793,0.6820231403360562,1.1052846748879568
2017-10-27,0.0079795575373591,0.0060476737320034,-0.0058525957361689,-0.0050300735036006,0.0219254475066597,0.0654253486722826,0.163548789769929,0.9910682724948354,1.0169908373101295,1.070290869045943,414.8026483144211,399.9250492519193,14.877599062501815,11.631228214956092,3.246370847545723,76.99242952311238,0.0190592338643711,0.0191159190418014,0.0178669040999074,0.0333387654303261,-0.021210553616417,-0.3171904072250621,0.7216950790406811
2017-10-30,-0.0185244175832275,0.0079795575373591,0.0060476737320034,0.0328057469720353,0.0029263689016281,0.0753608927008029,0.198423322542556,1.0039626046914536,1.023433101461381,1.0751952354629508,417.27597980120487,402.21795693537086,15.058022865834005,12.316587145131676,2.741435720702329,81.39209064274347,0.0128512207130004,0.0192209397854942,0.0170093173573349,0.0158620411723079,0.0091006687598571,-0.3196302976367362,0.6515974286396119
2017-10-31,0.0136043877942935,-0.0185244175832275,0.0079795575373591,-0.0058525957361689,0.007064503184746,0.0730496963076594,0.2048277275782906,1.0007977789094415,1.0145849563619342,1.0636091003911252,419.252747444469,404.2851430499673,14.967604394501793,12.8467905950057,2.1208137994960907,79.19282436039126,0.0124571499008882,0.0193204091112414,0.0167818143625967,0.0144018855802702,-0.0043388713636256,0.2149643952913253,0.8535578652110082
2017-11-01,-0.0017506839870917,0.0136043877942935,-0.0185244175832275,0.0060476737320034,0.0134588494516803,0.0894378337926991,0.1931483799156228,1.0105237446282314,1.0186120842265978,1.0675311029603864,421.748296440392,406.5954151142637,15.152881326128352,13.308008741230232,1.84487258489812,81.94996087372651,0.0133401006672521,0.0190397280131761,0.0165266719621859,0.0126502441623125,0.0050646231431852,0.8486477518220437,1.3893000238969424
2017-11-02,0.0124355636502184,-0.0017506839870917,0.0136043877942935,0.0079795575373591,-0.0008444626606936,0.0351010952800743,0.1560114302735946,1.0043820765498956,1.008786623177696,1.0533226156496365,423.4414296202356,408.5330630398275,14.908366580408083,13.628080309065805,1.2802862713422822,74.7403425126239,0.0134621039750803,0.014279649400709,0.0163716789362341,0.0129411066147868,-0.0065071614927706,-0.4150895795211426,0.9067070812971558
2017-11-03,-0.0062464233420321,0.0124355636502184,-0.0017506839870917,-0.0185244175832275,0.0166156121339169,0.0389053643722099,0.1469999600684233,0.9997250385121164,1.0036150629311242,1.044833451137504,424.7826501083484,410.28315931783794,14.499490790510436,13.802362405354732,0.697128385155704,73.44228790973315,0.0090569930746735,0.0140810445451292,0.0164886613498062,0.0167142174584022,-0.0111407119522525,-0.5331107863079578,0.4800857254311008
2017-11-06,-0.0013732970242456,-0.0062464233420321,0.0124355636502184,0.0136043877942935,-0.0106101308635926,-0.0077148111189658,0.1140313542142916,0.9882784153228104,0.9907880335896218,1.02527731611311,425.0172604282178,411.4701561970721,13.54710423114568,13.751310770512925,-0.2042065393672416,67.4827133783638,0.009487035031796,0.0107470024554498,0.0169683203641149,0.0144772288386604,-0.0106101308635926,1.033431439624202,0.9398461970806896
2017-11-07,-0.0135407123142028,-0.0013732970242456,-0.0062464233420321,-0.0017506839870917,-0.0362969945016916,-0.0294889115501993,0.091554766137994,0.9679416568346908,0.966203626931034,0.9927598439459564,423.4011781823502,411.69553172544295,11.705646456907232,13.342177907791786,-1.6365314508845543,58.85571688370922,0.0148282665858618,0.0137098072037024,0.01832415596766,0.035237628189219,-0.0285531049889779,1.0955759551425897,1.626627679823109
2017-11-08,-0.0276675594849487,-0.0135407123142028,-0.0013732970242456,0.0124355636502184,-0.0679754577666686,-0.0554314797674789,0.0528937348355254,0.961051329775772,0.9513450809183058,0.9696982719443216,420.7044252213035,411.2641800373025,9.440245184001014,12.561791363033633,-3.1215461790326184,41.728615848347424,0.010646534821533,0.0143800446585292,0.0189851790681694,0.0246676917082536,-0.0162881413650283,-0.1317897663556566,1.408190106310431
2017-11-09,-0.020844816952793,-0.0276675594849487,-0.0135407123142028,-0.0062464233420321,-0.0487005651151809,-0.0495039019670801,0.0718324277364517,0.9846265166071244,0.9698281928044652,0.9803388104851803,419.31579275786976,411.2948566426123,8.020936115257484,11.653620313478404,-3.63268419822092,47.22714068771701,0.0166379929189567,0.0151613056026677,0.0190915193997994,0.0198223482426633,0.0064264167522833,-0.1546556082752724,1.107321532862528
2017-11-10,0.0143050671436326,-0.020844816952793,-0.0276675594849487,-0.0013732970242456,-0.0650057997324765,-0.0494702987533696,0.0127184383740517,0.9795848595667926,0.9566356512928657,0.9616315961740391,416.9697473801566,410.7594226544732,6.210324725683449,10.564961195919414,-4.354636470235965,32.117758151703924,0.0162201119879695,0.015157859946932,0.0177927944639825,0.0246082252032049,-0.0189799428241864,-0.0722400092115637,0.905412273398714
2017-11-13,-0.0184897191412077,0.0143050671436326,-0.020844816952793,-0.0135407123142028,-0.0613940707474017,-0.0713528024861157,-0.0013691206773704,0.9825217254739844,0.9542733868912272,0.9523369125400574,414.3797642720916,409.9724178043444,4.407346467747232,9.33343825028498,-4.926091782537748,31.493125919486037,0.0162922529283367,0.0137099429819898,0.0179236051483921,0.021022575472945,-0.0110169367516694,-0.3472274353804202,0.5962149723943979
2017-11-14,-0.0097301821516502,-0.0184897191412077,0.0143050671436326,-0.0276675594849487,-0.0220579730780645,-0.0575543294522231,0.0112910405677602,0.999864688914802,0.972498713098733,0.964276014437166,412.9935567353396,409.6314546546302,3.3621020807093487,8.139171016369854,-4.777068935660505,33.89831535791828,0.0169767604405668,0.0151070401637655,0.018158219020514,0.0248110669574112,0.0133714285016776,0.3733068797360743,0.9143500097526562
2017-11-15,0.0130819847648104,-0.0097301821516502,-0.0184897191412077,-0.020844816952793,-0.0046181008288731,-0.0722796410776864,0.0106936581897105,0.9974040770188412,0.9765828224930276,0.9605252376964938,411.6096133613931,409.214156147227,2.395457214166072,6.990428255929098,-4.594971041763026,30.18048424060082,0.0143196632082388,0.0137520225954836,0.0181646902729038,0.0143147816728009,-0.0009044399973796,0.2235792390683688,1.1609765983082252
2017-11-16,-0.003383310202516,0.0130819847648104,-0.0097301821516502,0.0143050671436326,0.0037201234259027,-0.0451616138024179,-0.0116457406314242,1.0193758411507978,1.0035919764134678,0.9829959038543156,411.85579720573406,409.5101303844406,2.3456668212934915,6.061475969001977,-3.7158091477084856,42.0391978923315,0.016847767594291,0.0167592648600435,0.0157036916112189,0.0226807726613303,0.0207227680795297,-0.0072808126265095,1.1498377676134353
2017-11-17,0.0228018090671513,-0.003383310202516,0.0130819847648104,-0.0184897191412077,0.0317361546068182,-0.0353326792363082,0.0021980543759667,1.021988629415418,1.0162993769124868,0.9916429972200044,412.6302921969192,410.05678847807,2.573503718849281,5.3638815189714375,-2.7903778001221564,40.35917464283387,0.0129983197326603,0.0172784931579947,0.0157995415696488,0.017984427097623,-0.0076717982453336,-0.1940251961860226,0.9513268159588784
2017-11-20,0.008906386596986,0.0228018090671513,-0.003383310202516,-0.0097301821516502,0.0520993631678896,-0.012493299567736,-0.0201117272402842,1.0215775081473817,1.0276081826411043,1.00240569792813,413.9151131540039,410.8660358810254,3.0490772729784226,4.900920669772835,-1.851843396794412,43.97589465129404,0.0093998655923773,0.017342249161922,0.0140432769716231,0.0210131756150866,0.0161663902938751,-0.2445383016145964,0.7170989840900607
2017-11-21,0.0098146120697608,0.008906386596986,0.0228018090671513,0.0130819847648104,0.0517085373983345,0.0285099787944314,-0.0018196609987349,1.0241386977040727,1.0376712554400966,1.0152358556003933,415.82516880008257,412.0115498789877,3.813618921094872,4.683460320037242,-0.8698413989423708,43.97589465129396,0.0093729313443541,0.0150192648249839,0.0143108643399846,0.015173446350776,0.0062041103842879,0.4171779493337537,1.006858825469623
2017-11-22,0.0127056528705244,0.0098146120697608,0.008906386596986,-0.003383310202516,0.0532420409898501,0.0483780630473511,-0.0097350843431269,1.0117068052029077,1.0307423291399305,1.0137812410822653,417.3147734272934,413.0112572121704,4.303516215123068,4.607471499054408,-0.3039552839313399,45.10350448180532,0.0088559150854289,0.0127074284188539,0.0142446475409607,0.016330951809409,-0.0071469866879112,-0.1547082205914794,0.9101209479907936
2017-11-23,-0.0019301364202154,0.0127056528705244,0.0098146120697608,0.0228018090671513,0.0477402646472957,0.0516379877500718,-0.000422196100365,1.019803817340016,1.0433652313691737,1.0315033602523669,419.7181242777218,414.4872051190524,5.230919158669394,4.732161030977405,0.498758127691989,50.480774494919615,0.0071530177884308,0.0130049866230237,0.0146886624680779,0.0245512183620091,0.0171858331723641,0.449736058341619,1.3007906019002422
2017-11-24,0.0174590420893359,-0.0019301364202154,0.0127056528705244,0.008906386596986,0.0429871136458201,0.0760875139374028,0.0228531431381486,1.0156441697893157,1.0401753933381392,1.034771608584517,422.0400917866781,415.9926649684513,6.047426818226768,4.995214188427278,1.0522126297994898,55.53242623325793,0.0075142995012458,0.0100727194734312,0.014039646050995,0.0127220996465159,0.0011578617038962,-0.1275298880875428,1.1032505507645394
2017-11-27,0.0043294083480274,0.0174590420893359,-0.0019301364202154,0.0098146120697608,0.0331215712439665,0.0869465471807866,0.0093898648868306,1.0093363493152765,1.0318609180931182,1.034545537655995,424.0224163450377,417.3950750756783,6.62734126935942,5.321639604613707,1.3057016647457127,65.66118368986886,0.0082654420228421,0.00856696760846,0.0137340931504747,0.014190377815757,0.0043282657550522,-0.268102987568925,0.7948523225477351
2017-11-28,0.0002628460478764,0.0043294083480274,0.0174590420893359,0.0127056528705244,0.0115811764311761,0.0638885595241187,0.0026571668688166,0.9985604034392096,1.016935448267753,1.025706542561941,425.1371035689983,418.42269049976,6.714413069238276,5.600194297538621,1.1142187716996546,71.09763808513569,0.0096259333464028,0.0098611550481812,0.013872982125521,0.0140456415063177,-0.0068432013445065,-0.0081582395855871,0.8259294198944486
2017-11-29,-0.0084090737978091,0.0002628460478764,0.0043294083480274,-0.0019301364202154,0.0163845986737605,0.0704989891378014,-0.006876293571105,0.9981429863857694,1.012988954108364,1.0289542864424133,426.2666830379505,419.4639260269769,6.802757010973608,5.84070684022562,0.9620501707479878,68.70889984008717,0.0093287907770162,0.0093708461978548,0.0135911486129052,0.00951375311153,0.0044062380065935,-0.208326431031776,0.687651356036654
2017-11-30,0.0028091283012634,-0.0084090737978091,0.0002628460478764,0.0174590420893359,-0.0268743481903349,0.0195829279621306,-0.0264630824700334,0.9775955828005656,0.984940811963545,1.0037277166978351,425.50283430284514,419.6000549331094,5.902779369735754,5.853121346127647,0.0496580236081065,64.56725531142186,0.012461873899605,0.0123406779068079,0.0147065453754109,0.0238185386925938,-0.0211375716205322,1.567413017918725,1.6365153922996412
2017-12-01,-0.0258456347973154,0.0028091283012634,-0.0084090737978091,0.0043294083480274,-0.0431079450113434,-0.0019739174967636,-0.0372368529393197,0.9739210612071506,0.9728903593471664,0.9931605080493212,424.0511841261454,419.3383551717159,4.71282895442954,5.625062867788026,-0.9122339133584862,63.17582948962175,0.0114096598807986,0.0128492976460902,0.0149180368788631,0.0258762725006081,-0.0155227337584239,-0.4614258897292522,0.923448615843205
2017-12-04,-0.0124247268042876,-0.0258456347973154,0.0028091283012634,0.0002628460478764,-0.0522940921350113,-0.020904583389333,-0.0331367157344475,0.9752087419972842,0.9657913088218912,0.985546361830584,422.2250300854043,418.8081942598353,3.416835825568967,5.183417459344215,-1.7665816337752478,55.76179447651637,0.0102706320107494,0.0126290951790246,0.0147727346941325,0.0182453398041648,-0.0130268140437951,-0.0910267209970123,0.8412622380818544
2017-12-05,-0.0093396599173796,-0.0124247268042876,-0.0258456347973154,-0.0084090737978091,-0.0314305636952046,-0.020213390167514,0.0077203053018779,0.9946766013481736,0.9807330841546044,0.998390986663101,421.5308547838037,418.7270606572549,2.8037941265487234,4.707492792785117,-1.9036986662363933,60.83814694340585,0.0150054824495649,0.0127235037657942,0.013777248869923,0.0276895552885177,0.0140391465059489,0.8119618046070121,1.3421099744695526
2017-12-06,0.0134205732665213,-0.0093396599173796,-0.0124247268042876,0.0028091283012634,-0.0204545268512458,-0.0044050673910045,0.0437598870283766,1.0130422499581913,0.9950710995326076,1.0103967387688153,421.854293929144,419.0904790699409,2.76381485920308,4.31875720606871,-1.55494234686563,58.68904005739204,0.0173958358548674,0.0137095040808038,0.0131353965796773,0.023201842610077,0.0182966946834437,0.3152658324223245,1.4291248346255638
2017-12-07,0.0141731766875985,0.0134205732665213,-0.0093396599173796,-0.0258456347973154,0.0108512632148449,-0.0163147056014306,0.0344808235806484,1.0161772453295443,1.001995285752552,1.014023027624704,422.47260586823,419.5929118449973,2.8796940232326733,4.030944569501504,-1.1512505462688305,57.67278459797284,0.0125083644926269,0.0124329587938157,0.0128506345262672,0.0139552678438154,0.0016128423333395,-0.4976634142895357,0.7989161932867505
2017-12-08,0.0052878581185054,0.0141731766875985,0.0134205732665213,-0.0124247268042876,0.0119766575248501,-0.0316475765804943,0.0420319519327552,1.002285319609996,0.9938652024982524,1.00051597704117,422.2537744140432,419.70085922062833,2.552915193414833,3.7353386942841698,-1.182423500869337,50.05784644407837,0.012192139361266,0.0125916556290582,0.0123459527578593,0.0194353500583061,-0.0137602762992055,0.0106556256847183,0.795768626515562
2017-12-11,-0.0113252459670956,0.0052878581185054,0.0141731766875985,-0.0093396599173796,0.0161379611505785,-0.0370000510117124,0.0467294694880928,0.9938598927835118,0.9924011197588676,0.9930411525777224,421.7274932391664,419.63656941001466,2.090923829151677,3.406455721257672,-1.3155318921059944,43.322470435068574,0.0113122623027609,0.0125469875746724,0.0121591210013267,0.0135895277273522,-0.0068296608326618,-0.1171395980296108,0.6963060406864362
2017-12-12,-0.0052660101603445,-0.0113252459670956,0.0052878581185054,0.0134205732665213,0.0020794709611957,-0.029416451678507,0.0325927331215611,0.9928539682080088,0.99479568050831,0.9908929973642658,421.2434961948595,419.558417042693,1.6850791521665087,3.062180407439439,-1.3771012552729305,43.76797904298494,0.0098000349280356,0.0124635089770194,0.0119061791449181,0.0229357821575685,-0.0003821060390538,0.4623488081445126,1.052530519957192
2017-12-13,-0.0006003212691515,-0.0052660101603445,-0.0113252459670956,0.0141731766875985,-0.0129498639675375,-0.0331395074785393,0.0350231798815006,0.9944117965748512,0.9971600273365482,0.988209894821336,420.76714551824654,419.4538836911509,1.31326182709563,2.7123966913706776,-1.3991348642750476,34.77645163661536,0.0061622872145293,0.0123259488392955,0.0118652383954444,0.0155797232606873,-0.0024539235912872,-0.4203619293359644,0.761793608867714
2017-12-14,-0.0010375414139857,-0.0006003212691515,-0.0052660101603445,0.0052878581185054,-0.0107884497740131,-5.4254867346115176e-05,0.0195276106256256,1.0040532888535123,1.0046334430911603,0.9946624183721432,420.8458629144778,419.5890633135657,1.2567996009121885,2.42127727327898,-1.1644776723667911,36.42203340629295,0.0069001458537081,0.0097982889643724,0.01089215749721,0.017525780066506,0.0027203431855552,0.2006250419496744,0.9318897673738408
2017-12-15,0.0074892087549065,-0.0010375414139857,-0.0006003212691515,-0.0113252459670956,-0.001357181752838,0.0106032212709592,0.0086083738902067,1.0024195431653744,1.0016717322587358,0.9923530376218443,420.7893855069621,419.6549667544589,1.1344187525031089,2.1639055691238056,-1.0294868166206967,35.70137077827654,0.0047041832590239,0.0088280975038334,0.0107476236245744,0.0165806276676105,-0.0120837945509709,1.2223495484950275,1.7161537445181465
2017-12-18,-0.0018990958287116,0.0074892087549065,-0.0010375414139857,-0.0052660101603445,0.0052938878274315,0.0215172815341047,0.0001628883386302,1.0027217950530027,1.0009182973613,0.9936936306252698,420.8295110314318,419.7583174701298,1.071193561302039,1.9453631675594525,-0.8741696062574136,39.22889888747975,0.003786050424702,0.0080364436218949,0.0105252636874015,0.0760042800692585,0.009923725978031,-0.2387288662016302,1.1774867330903434
2017-12-19,0.0013590261983962,-0.0018990958287116,0.0074892087549065,-0.0006003212691515,0.0113041052038267,0.0134070827235364,-0.0070773100380766,1.005844227039247,1.004959983817619,0.999390219761887,421.2116173195649,420.021642243031,1.1899750765338697,1.7942855493543357,-0.6043104728204662,40.54693376555936,0.0040629203489524,0.0071361543416645,0.0101838410475013,0.007559803900577,0.0025443911475945,-0.5214741111565149,0.6173709390567469
2017-12-20,0.0053746571802379,0.0013590261983962,-0.0018990958287116,-0.0010375414139857,0.0038265641247807,-0.0091728533276356,-0.013537513681564,0.9966133513250494,0.9974145196329676,0.991645816619987,420.98633526048513,420.0013194054396,0.9850158550455604,1.632431610492581,-0.6474157554470203,48.09841613079541,0.0062918130987386,0.0061337452727367,0.0103406696611906,0.0113270931904173,-0.0083702837802979,0.1745227088975538,0.7123006989015795
2017-12-21,-0.0084238288640857,0.0053746571802379,0.0013590261983962,0.0074892087549065,-0.009278375458837,-0.0199667259452281,-0.035955680291038,0.9928117812550744,0.9937736106395048,0.9878460187136856,420.42997993345136,419.80640875576,0.6235711776913604,1.4306595239323363,-0.8070883462409761,51.71375952936037,0.0054830259193254,0.0058776743073122,0.0094674945445216,0.0152801388028017,-0.0059883246856387,-0.1313777871062871,0.6352870195863607
2017-12-22,-0.0056635465952086,-0.0084238288640857,0.0053746571802379,-0.0018990958287116,0.0007066936231661,-0.0006514472413622,-0.0322784070953974,1.0007719917670663,1.0019485842853684,0.997564064991601,420.4831998550478,419.87822362006136,0.6049762349864523,1.2655228661431597,-0.6605466311567074,61.44944198443118,0.0070751617005478,0.0056686136689154,0.0096350149595999,0.0142329716778775,0.0062865242703028,0.1749420434439919,0.9244647240665144
2017-12-26,0.0081603459277714,-0.0056635465952086,-0.0084238288640857,0.0013590261983962,0.0095548494586457,0.0148993195873194,-0.0226520070091637,1.0090617926858616,1.0106796237321474,1.0089304002464667,421.18936490889865,420.26304207080335,0.9263228380953024,1.1976828605335883,-0.2713600224382859,60.13853496624902,0.0084284315288502,0.0061768581138711,0.009986465810427,0.0223166373042446,0.0053522110413775,0.0879970292054326,1.144494427710249
2017-12-27,0.0102129498980452,0.0081603459277714,-0.0056635465952086,0.0053746571802379,-0.0023759424883066,0.0089013048116741,-0.0207769916697011,1.002975025982228,1.0032146552273862,1.0034326102941389,421.3613755509191,420.4144785160795,0.9468970348395942,1.1475256953947894,-0.2006286605551952,48.000011048899744,0.0088781110899882,0.0066629723311725,0.0099220111930327,0.0200269977894477,-0.0099142582543752,-0.179020997835696,0.9280892034068432
2017-12-28,-0.006506733781321,0.0102129498980452,0.0081603459277714,-0.0084238288640857,0.0065893675706301,0.0104411463329618,-0.0230443755925632,1.0021470042785183,1.0026634373816437,1.0051114875812432,421.53857209326566,420.5699358909012,0.9686362023645074,1.111747796788733,-0.1431115944242256,44.59956563450909,0.0076908162883095,0.0066309106030081,0.0098885946680554,0.016554819312309,-0.001134796084452,0.6293404129049878,1.3761813067380464
2017-12-29,0.0004871308850806,-0.006506733781321,0.0102129498980452,-0.0056635465952086,0.0088723032796469,-0.0004883927402032,-0.0005426211098661,0.9969799670332444,0.9992947507932978,1.0017129033193082,421.4669547069219,420.6072042754293,0.8597504314926141,1.0613483237295092,-0.201597892236895,50.04121893583614,0.0072298688393516,0.0063460864570323,0.008034586314158,0.0149829080481546,-0.0058824012566568,-0.2850839397981844,0.9498394625102784
2018-01-01,-0.0034084003862501,0.0004871308850806,-0.006506733781321,0.0081603459277714,-0.0115710163595332,-0.0108724998998421,-0.0003845621510893,0.9870241406593652,0.9881069025784218,0.9894421726663948,420.6115931354243,420.2590487359299,0.3525443994943771,0.9195875388824828,-0.5670431393881057,45.23103186872876,0.0084059361245181,0.0074384566471943,0.0080219372426662,0.0167078501404854,-0.0140348592578444,-0.1475691858210772,0.8267410459421194
2018-01-02,-0.0122685469384005,-0.0034084003862501,0.0004871308850806,0.0102129498980452,-0.0200580796581126,-0.0106948821310297,0.0105922746132876,0.9925597302553716,0.9906873149930224,0.9904503979268442,419.9862894439167,419.9840909881296,0.002198455787095,0.7361097222634053,-0.7339112664763102,46.72552531193541,0.005608268331849,0.0074451889993381,0.0077175599831018,0.0144323390832252,-0.0020263023017257,0.0048890312509983,0.8624143937812887
2018-01-03,0.0015388403841261,-0.0122685469384005,-0.0034084003862501,-0.006506733781321,-0.0096887811032818,-0.0120417036049053,0.0012039350022676,0.9984828615655952,0.9958632864173356,0.9943586500824506,419.71390488253286,419.8531057145586,-0.1392008320257787,0.5610476114055686,-0.7002484434313473,50.10615410344427,0.0063675387582827,0.0073255830675943,0.0071584052054338,0.0141561336228331,-0.0110270013592511,0.4219606483301767,1.1435269086329127
2018-01-04,0.004005958936265,0.0015388403841261,-0.0122685469384005,0.0004871308850806,-0.0042198898931167,0.0023416712719002,-0.0068526618628541,1.005341862204804,1.001616202424584,1.0006822995360507,419.8702570685735,419.9180752239837,-0.0478181554101979,0.4392744580424153,-0.4870926134526132,49.13417515698704,0.0073024339763146,0.0071614908808379,0.0065168986874221,0.0066283020467795,0.0023416712719001,-0.3330570485201143,0.8570295206802908
2018-01-05,0.0060122175160053,0.004005958936265,0.0015388403841261,-0.0034084003862501,0.0023885826950273,0.0112820782047531,-0.0089099139040819,1.0080798994494404,1.0037016848950893,1.0043431533374434,420.2100370433002,420.0781309040069,0.1319061392932781,0.3778007942925878,-0.2458946549993097,52.48224868599088,0.0073162620904167,0.006890869874862,0.006438692902825,0.0072028278582705,0.0015729644481502,-0.1740104154410312,0.7607020125295035
2018-01-08,0.0032054576339861,0.0060122175160053,0.004005958936265,-0.0122685469384005,0.0206650150229916,0.0088548834365571,0.0081976677058075,1.0097215400650454,1.008569962843572,1.009694088207722,420.87031304505206,420.40581239664994,0.4645006484021223,0.3951407651144948,0.0693598832876275,55.06374961832609,0.0018518149148159,0.0066555819372025,0.006036761918695,0.0080770946183185,0.0026454992130969,0.18622270027592,0.9140643712350072
2018-01-09,0.0057406436806175,0.0032054576339861,0.0060122175160053,0.0015388403841261,0.0327059414117059,0.0119918433754635,0.027069833269675,1.0166167896367326,1.0208022571004804,1.0217999202890933,422.30113947111374,421.12913627945017,1.1720031916635776,0.5505132504243113,0.6214899412392663,59.14633252848844,0.0040268270186994,0.0071960356193346,0.0065285755370582,0.0211488033378375,0.013790913072081,0.6194107411108165,1.3465219326134046
2018-01-10,0.0133541326445665,0.0057406436806175,0.0032054576339861,0.004005958936265,0.0301158887179344,0.0201353213611337,0.0292158568057243,1.0121042506510731,1.0202623622976503,1.0218361022797655,423.6103072417837,421.84629136841454,1.7640158733692033,0.7932137750132897,0.9708020983559136,66.00533854178175,0.0045362799729724,0.0066673928553357,0.0065123090788164,0.0126279981463229,-0.0006892698376381,-0.1795709014282415,1.1430603139146278
2018-01-11,0.0014878865264651,0.0133541326445665,0.0057406436806175,0.0060122175160053,0.018961248068489,0.0146613437962872,0.025255571365264,1.0034026515797063,1.0137947688639786,1.015576164107826,424.3945313079517,422.35454857607823,2.0399827318734083,1.0425675663853136,0.9974151654880948,66.53336668058112,0.006635362414616,0.0070113946790001,0.0066452922586669,0.0081578764535272,-0.0043002244168544,-0.3307142025167463,0.7827297148480742
2018-01-12,-0.004881415810347,0.0014878865264651,0.0133541326445665,0.0032054576339861,0.0278906046478266,0.0303458063584698,0.0298425929467454,1.0098752417987882,1.022866255666023,1.0262315968431963,425.84935119837496,423.2061272441986,2.643223954176335,1.362698843943518,1.2805251102328172,68.14722446241115,0.0075467872164943,0.0074940808529938,0.0069373787719248,0.0153319136140062,0.0063626323864232,0.9200958929293296,1.3044195991992675
2018-01-15,0.0119967431421759,-0.004881415810347,0.0014878865264651,0.0057406436806175,0.0221850692979679,0.0433085391112881,0.0319651671242962,1.005625920424617,1.0187018384234554,1.024764802980404,427.09090233612494,423.9997054923135,3.091196843811417,1.708398443917098,1.3827983998943192,63.91086557371385,0.0079136512152317,0.0054209503310092,0.0068995667375495,0.01401249005533,-0.0008947815837732,-0.2621056201310568,0.9257638289870171
2018-01-16,0.0001580566140924,0.0119967431421759,-0.004881415810347,0.0133541326445665,-0.0191296250459267,0.0129506639697991,0.0021172760140937,0.9816110627577456,0.9893290136407226,0.9963726855282408,426.29871442413696,423.8472592268239,2.4514551973130665,1.857009794596292,0.5944454027167745,49.5540441885092,0.0146709106059223,0.0114869311322717,0.0095011342914414,0.0300124727102957,-0.026115889249741,-0.0265961689337892,0.956385286873594
2018-01-17,-0.0276036327443237,0.0001580566140924,0.0119967431421759,0.0014878865264651,-0.0189420326382612,0.0106033999326478,-0.0015659866714506,0.987007177724784,0.9899611907104284,0.9981241378737762,425.7374197546183,423.7585955116714,1.978824242946814,1.8813726842663965,0.0974515586804176,50.16519362280568,0.0146883064007221,0.0114506101739006,0.009429826876795,0.023796690182719,-0.0016198962562814,0.2197535166022164,1.1368968134277786
2018-01-18,0.0016794220531548,-0.0276036327443237,0.0001580566140924,-0.004881415810347,-0.0192482205164389,-0.0006519427320389,0.0016882019042947,0.9856815428003812,0.9848845956074638,0.9928588097955792,424.9248785769246,423.5139515552224,1.4109270217022072,1.7872835517535588,-0.3763565300513516,49.26989564161303,0.014695047190397,0.011466323360278,0.009305392370055,0.0157659964264922,-0.0100107661112451,-0.28947215756176,0.7870249276069217
2018-01-19,-0.0051919920025444,0.0016794220531548,-0.0276036327443237,0.0119967431421759,-0.0186511728511211,0.0087192393084967,0.0200996886530142,1.0019149840829256,0.9964477626248438,1.0043867216069626,425.05321005787846,423.68025389951146,1.3729561583670034,1.704418073076248,-0.3314619147092446,61.61724846232348,0.0148621627031813,0.0121259605992912,0.0095996840965634,0.0132073261850245,0.0089924490852417,0.0630700585739165,0.91491160351206
2018-01-22,0.0126128116576165,-0.0051919920025444,0.0016794220531548,0.0001580566140924,0.0235474170864902,0.04625488746431,0.0555193525377348,1.040161027828101,1.0347049505594166,1.044862399966222,427.9891955072072,425.1955769794377,2.7936185277695245,1.9222581640149037,0.871360363754621,72.93805422000072,0.0259443336935963,0.0180849411065781,0.0134037306812726,0.0353061826772076,0.0247890267504468,3.5822010114169167,2.564999870797921
2018-01-23,0.0431654547341633,0.0126128116576165,-0.0051919920025444,-0.0276036327443237,0.065334002112658,0.0449545621035663,0.0574854935467883,1.0393213823210306,1.0425226214839778,1.0544688209883202,431.2999069030335,426.9965579128185,4.303348990215056,2.398476329254934,1.9048726609601223,74.50769974990627,0.0185063933918296,0.018022081280828,0.0134650437452133,0.0162216585010834,0.008461502280206,-0.5070798973837027,1.117546382237146
2018-01-24,0.0120946975930507,0.0431654547341633,0.0126128116576165,0.0016794220531548,0.0452677208876481,0.0254682256028735,0.0461163578710188,1.0124997452373086,1.0220031983806468,1.033982829019426,432.9126465862207,428.09182879659113,4.82081778962953,2.882944621329853,1.937873168299676,65.24330771749777,0.0227874804085425,0.0192973994596008,0.014055958729197,0.0197650842036273,-0.0156862355795194,-0.3656676200491769,0.7013424403878178
2018-01-25,-0.0171878824169583,0.0120946975930507,0.0431654547341633,-0.0051919920025444,0.050233790617586,0.0300186590219631,0.0451201166984749,1.0023244881043751,1.0184951149474295,1.0312008160411932,434.2456233959728,429.0907300597777,5.154893336195073,3.337334364302897,1.817558971892176,64.35545637479541,0.0221351712065693,0.0191550386797232,0.0140642165570963,0.016409581608884,-0.002066270309675,-0.0433594352770586,0.6438320228862606
2018-01-29,-0.0004656565031372,-0.0171878824169583,0.0120946975930507,0.0126128116576165,0.0356490791664014,0.0163330091777644,0.0471744538699938,0.994022458904534,1.015359347526464,1.027323389617526,435.2750583632991,429.9682278837641,5.3068304795349945,3.731233587349317,1.5755968921856771,62.42654313638077,0.0226153222231766,0.0189337996144452,0.0140291303605343,0.0186624717568222,-0.0017594889737101,-0.2759959271102256,0.4664730144537451
2018-01-30,-0.0014494531464079,-0.0004656565031372,-0.0171878824169583,0.0431654547341633,-0.0217189903311817,0.0013170006312828,0.0446825771159202,0.9837694531740768,1.0003841924407415,1.0101181860224773,435.1544195015175,430.3032410599089,4.851178441608624,3.955222558201178,0.8959558834074457,53.22856158931944,0.0118763354292532,0.0196380961529468,0.0141676378214667,0.0176768254985918,-0.0159453589508003,-0.0721535194679957,0.6600154879776701
2018-01-31,-0.0146189719683993,-0.0014494531464079,-0.0004656565031372,0.0120946975930507,-0.0223239002261107,0.0415515921420117,0.0550403768190521,0.9995944754819192,1.0077893371470374,1.01898744665766,435.8189748922095,430.982558725176,4.836416167033462,4.131461279967636,0.7049548870658269,56.07956314711228,0.0116613746179405,0.0172049298068215,0.0143134464281884,0.023873933774678,0.0118947488392924,0.3668459263008556,1.0531511991758769
2018-02-01,0.0114688793556236,-0.0146189719683993,-0.0014494531464079,-0.0171878824169583,-0.0232835159393923,0.0209302132474282,0.0317555446018142,0.9860633520818636,0.987492198220114,0.9989521875059182,435.1539725950908,431.02062548338057,4.133347111710179,4.131838446316145,0.0015086653940343,51.807931155374455,0.0119296821322719,0.0186144034661977,0.0150520179098502,0.0381416276194056,-0.020140199198927,0.3165409810283655,1.3363874270182508
2018-02-02,-0.0181525392715693,0.0114688793556236,-0.0146189719683993,-0.0004656565031372,-0.0637229998489936,-0.0166902570633465,-0.0173313187035972,0.9571056438756128,0.9476877352819976,0.957954728831928,431.8131129665792,429.7182373001498,2.094875666429345,3.724445890338785,-1.6295702239094396,38.6646402720177,0.0199599273198717,0.0232662205493714,0.017867062702212,0.0474926497774617,-0.0327807429859098,0.7528549346621798,1.8779046470047212
2018-02-05,-0.0418498797251004,-0.0181525392715693,0.0114688793556236,-0.0014494531464079,-0.0646449190794803,-0.0313003717510489,-0.0228540478742945,0.967546445779251,0.9482790068834084,0.9566934588564372,428.8314982313362,428.437820995509,0.3936772358271696,3.0582921594364625,-2.664614923609293,38.19095999940959,0.0198230350612745,0.0227370791455698,0.0178463033528735,0.0340298101489116,0.0091162950731684,-0.3374518864502446,1.110388541640883
2018-02-06,-0.0024326909612949,-0.0418498797251004,-0.0181525392715693,-0.0146189719683993,-0.0613425992586568,-0.0817292902696501,-0.0392547819293007,0.9688840644280792,0.9456071767780784,0.9478677957377104,425.60174531083015,426.9119160512526,-1.31017074042245,2.18459957946468,-3.49477031988713,41.56412959828736,0.0198181926123069,0.0159829330057002,0.0179096110552631,0.0302657003619938,0.0172177531533924,0.2538366354110308,1.187735776319802
2018-02-07,-0.0111400329362514,-0.0024326909612949,-0.0418498797251004,0.0114688793556236,-0.0695932867082365,-0.0903635933454654,-0.0494712870108492,0.9857059514639748,0.957058624272452,0.9526675228744828,423.03064409414,425.576928743926,-2.54628464978606,1.238422733614532,-3.784707383400592,41.80283136277649,0.017388781973954,0.0148736384178237,0.017587396335825,0.0172182784124842,-0.0090300086867543,-0.3545025635944856,0.7447658666177299
2018-02-08,0.0025781876272585,-0.0111400329362514,-0.0024326909612949,-0.0181525392715693,-0.0416379876876298,-0.0639520248770131,-0.0401125438714679,1.005603039301438,0.9743630932720274,0.9654222630778508,421.5689781833228,424.68454999799286,-3.1155718146700906,0.3676238239576076,-3.483195638627698,45.99099398279911,0.0204479750895346,0.0158995376031051,0.0178381463824432,0.0202310681968881,0.0074061072077862,-0.1098608549779285,0.6805597344991389
2018-02-09,0.0113483649729588,0.0025781876272585,-0.0111400329362514,-0.0418498797251004,-0.0071874255631037,-0.070452421094025,-0.0425486492781552,0.9995992440126688,0.9742877827288896,0.9603162013321188,419.8609549847467,423.6313853605547,-3.770430375808018,-0.4599870159955176,-3.310443359812501,40.91279862843728,0.0088085778818766,0.0157591105493933,0.0178693222590923,0.0178203602822474,0.0099550219258725,-0.1623949236121729,0.6877483232783702
2018-02-12,-0.0074069345550308,0.0113483649729588,0.0025781876272585,-0.0024326909612949,0.0147980050008169,-0.050803529914479,-0.0353002952570705,1.016228573186609,0.9987508787674122,0.980951535036139,419.6570845438842,423.2539343797092,-3.596849835824969,-1.087359579961408,-2.509490255863561,32.662529997875424,0.0128024183685455,0.0178805370102391,0.0182633826998974,0.0176406410082814,0.0138427210226174,0.0255961696068758,0.7724576893068986
2018-02-14,0.019658031266057,-0.0074069345550308,0.0113483649729588,-0.0111400329362514,0.04657551508193,-0.0176241473336632,-0.0163303577155446,1.026903078641109,1.0204159860781066,1.0012305711434435,420.7611290792001,423.5190780570224,-2.757948977822309,-1.4214774595335884,-1.3364715182887208,35.229302647529224,0.0116888890084698,0.0191088189432962,0.0188840360010727,0.0230279592943926,0.0115384943618012,0.8731766003688286,1.4819298487864407
2018-02-15,0.0198252502209144,0.019658031266057,-0.0074069345550308,0.0025781876272585,0.0461203326284282,-0.0266826196114976,0.0137602672031367,1.019848725409286,1.0254766521625067,1.0026925490248146,421.8359878641909,423.8323101403275,-1.9963222761365955,-1.53644642285419,-0.4598758532824054,39.96732118821728,0.0117521057862748,0.0186208934241088,0.0177893975445849,0.0188104865737276,-0.0021330023540554,-0.3993237272724453,0.916641260317351
2018-02-16,0.0021421407365229,0.0198252502209144,0.019658031266057,0.0113483649729588,0.0185175577808862,-0.023891463749629,-0.0034613039332737,1.0005538854124305,1.0122507599471038,0.987483648822325,421.7362017204212,423.6363892358356,-1.9001875154144727,-1.6091946413662468,-0.2909928740482259,36.63870527266856,0.0158338928831535,0.0183783479397998,0.0181500936076187,0.0265928957702179,-0.0194763153764785,-0.2795310415652261,0.7007657869947744
2018-02-19,-0.0153369219295887,0.0021421407365229,0.0198252502209144,-0.0074069345550308,0.0324664128955329,0.0250456374064416,0.0079373622164662,1.000410080895524,1.0159850483962367,0.9932045281441408,422.0526649773756,423.6480058028571,-1.5953408254815145,-1.6064238781893003,0.011083052707786,39.04789273225798,0.0145485059460802,0.0120795988935916,0.0181576788259035,0.0199029211507629,0.006514689852622,-0.0712765323225762,0.6768147834835303
2018-02-20,0.0061868780915188,-0.0153369219295887,0.0021421407365229,0.019658031266057,0.0061168474632946,0.0210053696034626,-0.0109524780249428,0.9928427818404418,1.0074263286782743,0.9874226803068752,421.9054729420942,423.4589621691674,-1.5534892270732144,-1.5958369479660834,0.042347720892869,41.01225771548876,0.0132599894594682,0.0123211066998039,0.0179893153745539,0.0116707858428662,-0.0085038123300751,-0.0540656907368679,0.6751627280704157
2018-02-21,-0.0063646515813226,0.0061868780915188,-0.0153369219295887,0.0198252502209144,-0.0046055918588785,0.041755415409967,-0.0433865153260542,1.0026648501528808,1.0123252356752726,0.998522656164107,422.3611776757624,423.5633022833726,-1.2021246076101877,-1.5170944798949044,0.3149698722847169,40.03740876254261,0.0099362851046593,0.0115260307218458,0.0150087594108776,0.0111367857917578,-0.0006989048146481,0.408933078755564,1.1391197550662024
2018-02-22,0.008956717015965,-0.0063646515813226,0.0061868780915188,0.0021421407365229,-0.0120771776736126,0.033486151503296,-0.0599033708193179,0.9997079964738949,1.003604665911922,0.9963030111632404,422.39510819860186,423.4905929345464,-1.095484735944524,-1.4327725311048285,0.3372877951603046,43.407711847424025,0.0099331780516315,0.0119154508188775,0.014642654948378,0.011900275854439,0.0025488066351799,-0.0604563583133554,1.1165018474233894
2018-02-23,-0.005380094612435,0.008956717015965,-0.0063646515813226,-0.0153369219295887,0.0140561859071803,0.0328340299227816,-0.0332177976526657,1.0075926700023896,1.0110930606219306,1.0087186475078846,423.1201170935285,423.7585242738856,-0.638407180357035,-1.2738994609552698,0.6354922805982348,62.63737999969532,0.0081063242542086,0.0118695516487243,0.014546552583497,0.0163232887455535,0.0095634480754261,-0.0523576687421205,1.0377114177806877
2018-02-26,0.0107102121605024,-0.005380094612435,0.008956717015965,0.0061868780915188,0.0126213593631272,0.0454975425230463,-0.0281602905955556,1.0098434792650026,1.011437527451592,1.0150138149300132,424.0465697447044,424.15730464812896,-0.110734903424543,-1.0412665494491244,0.9305316460245814,65.15970804407141,0.0079826351573096,0.0112580361617576,0.0146145804263618,0.0088420478637406,-0.0003194797101592,-0.2049874541310515,0.833245141851118
2018-02-27,0.0047631861294488,0.0107102121605024,-0.005380094612435,-0.0063646515813226,0.031918391537729,0.0382304789333338,-0.0145152942612797,1.0161102353854856,1.020304099562229,1.0285516398004195,425.6604237984037,424.9261429033601,0.7342808950435824,-0.6861570605505831,1.4204379555941655,73.87573310481663,0.0071521274134463,0.010388365821231,0.0149408812460371,0.0183587266877993,0.0122470776741621,0.6621636535871558,1.247853513920194
2018-02-28,0.0125705734274765,0.0047631861294488,0.0107102121605024,0.008956717015965,0.0271157429288482,0.022385267025089,0.0043665984472722,1.014971250885039,1.0223578998171026,1.0327023477768882,427.3108436872911,425.7751806939388,1.5356629933523325,-0.24179304977,1.7774560431223323,74.24427749565338,0.0070272289753506,0.0087602033416175,0.0146027011689341,0.0145618395298263,0.0090914126896029,3.040296787060547,2.8068405945758585
2018-03-01,0.0042609342746797,0.0125705734274765,0.0047631861294488,-0.005380094612435,0.0260182630977416,0.0136268582379388,-0.0134193616484216,1.0033005999661797,1.0143857856300846,1.0267652861963288,428.2748013667102,426.35306127983336,1.9217400868768664,0.1909135775593732,1.730826509317493,68.26323398576517,0.0074382902667594,0.0091825299716348,0.0144312270157841,0.014708986568091,-0.0014214564150776,-0.8418973678599017,0.4538442478944782
2018-03-05,-0.0064428524304267,0.0042609342746797,0.0125705734274765,0.0107102121605024,-0.0108643057493484,0.0030391694564664,-0.0209249045000606,0.979697866030756,0.98809920231446,1.0015281584647078,427.3813608093918,426.06523731422647,1.3161234951653569,0.4159555610805699,0.9001679340847869,59.535046574874805,0.0147896812126824,0.0115383554583364,0.0149956795561776,0.030894910091897,-0.0200424123580694,0.3761592302427599,0.6138921107486471
2018-03-06,-0.0256220738476615,-0.0064428524304267,0.0042609342746797,0.0047631861294488,-0.0296686980568443,-0.0174217979937285,0.0071874993771936,0.9713868172693844,0.9756162818096432,0.9868203583975568,425.6934550147979,425.3500325609157,0.3434224538822263,0.4014489396409013,-0.0580264857586749,48.255160076207005,0.0150404905287267,0.0121943585240807,0.0120111193556214,0.0341439108263132,-0.0195371542213997,0.2997017449889636,0.7418335601536727
2018-03-07,-0.0143382993774727,-0.0256220738476615,-0.0064428524304267,0.0125705734274765,-0.0639137331995401,-0.034035365222712,-0.0137449210453411,0.961341061200383,0.9562268864585212,0.9646084302935478,422.7811947706343,423.9732718843837,-1.1920771137494626,0.0827437289628285,-1.2748208427122911,33.883994540112255,0.0123019886249767,0.0139422311518386,0.0131148477496497,0.0238269136049774,-0.021446223329601,-0.0103734608194921,0.7218886400743945
2018-03-08,-0.02316517456091,-0.0143382993774727,-0.0256220738476615,0.0042609342746797,-0.0451522063570175,-0.0192607990484166,0.021690373696156,0.994045197568841,0.9814361924728524,0.9870987568741592,421.8432055961857,423.4333454586308,-1.590139862445028,-0.2518329893187428,-1.3383068731262853,42.23860165646951,0.0201667487658948,0.0161390577363684,0.0139904462812956,0.0232596377154968,0.0153734835110411,-0.1620822874579605,0.999703670358982
2018-03-09,0.0243888531893448,-0.02316517456091,-0.0143382993774727,-0.0064428524304267,-0.0372205768007276,-0.012170728462837,0.0209078721832469,1.0035720182396086,0.9844054040094464,0.9878853892363452,421.1655737556668,422.98929013819975,-1.8237163825329503,-0.5662096679615843,-1.257506714571366,47.13686102634814,0.0207610505045844,0.0161232618091734,0.0139874219832832,0.0090899467402724,-0.0019674449693639,-0.1991453306079426,0.7808498966405006
2018-03-12,0.0018103239291893,0.0243888531893448,-0.02316517456091,-0.0256220738476615,0.0067091836384567,-0.0042280127332684,0.0284671944929151,1.0210846200933827,1.003375839937133,1.0050940457664663,421.8019238494464,423.1605908216838,-1.3586669722373586,-0.7247011288167393,-0.6339658434206192,51.06657121787395,0.0205169837324525,0.0169677320890414,0.0143703892611318,0.0167150642879084,0.0111956231584212,-0.2183927342572895,0.6484972075582262
2018-03-13,0.0188369038181315,0.0018103239291893,0.0243888531893448,-0.0143382993774727,0.0230553901297492,-0.0072973313354374,0.03786820054487,1.018092635818206,1.0057907041941572,1.0049229704599745,422.4493921078849,423.3716928000255,-0.9223006921405954,-0.7642210414815105,-0.1580796506590849,53.5749995116121,0.0185844365026841,0.0168932753553939,0.0142167130179938,0.0157213959715351,-5.365229587414561e-05,0.3407732873129168,0.9409812514773612
2018-03-14,0.0016661534980864,0.0188369038181315,0.0018103239291893,-0.02316517456091,0.0441697267615661,-0.0225670585697093,0.0148006709063879,1.0063911809905275,1.0050955412172795,1.0011719321004855,422.8003175858786,423.47233834927135,-0.6720207633927657,-0.7457809858637616,0.0737602224709959,49.89648328806301,0.0120709693791471,0.016249432726391,0.0136222816433781,0.0138312978002044,0.0002691568333385,0.320730045419519,1.266929221242185
2018-03-15,-0.0030047614132042,0.0016661534980864,0.0188369038181315,0.0243888531893448,0.0003839925706261,-0.0447855518981799,-0.0234028214111975,0.9876302272287624,0.991016912135592,0.9837409443497592,421.8840023878709,422.9813702344237,-1.0973678465528565,-0.8160983580015806,-0.2812694885512758,46.00698758588461,0.0133655274680794,0.0168398073818032,0.013508242171931,0.0213314105201107,-0.014270296484169,-0.136685994138734,1.104633423468598
2018-03-16,-0.0185673989259328,-0.0030047614132042,0.0016661534980864,0.0018103239291893,-0.0142919304479952,-0.0509805533538526,-0.0380483998893584,0.9776670238285752,0.9834140477787144,0.9729324027204356,420.2822474381744,422.1288683811215,-1.8466209429471403,-1.0222028749906926,-0.8244180679564479,39.24529616841766,0.0144783674690287,0.0170468077097564,0.0137347107863649,0.0262763093506302,-0.0098459243627621,1.4241157610906874,1.982558405637882
2018-03-19,-0.0128865237837221,-0.0185673989259328,-0.0030047614132042,0.0188369038181315,-0.0374072269300347,-0.0309490152464568,-0.0280039050918351,0.9801346508259444,0.9815097315294404,0.9693656988487526,418.60689961265,421.1854326915766,-2.5785330789266254,-1.3334689157778792,-1.2450641631487462,36.42364266635786,0.0080882625664443,0.0154610789826542,0.0133913784141517,0.0166387215240761,-0.0061043025805407,-0.5901071369161512,0.7698833241055015
2018-03-20,-0.005055278691141,-0.0128865237837221,-0.0185673989259328,0.0016661534980864,-0.0451252912799022,-0.0231102823453297,-0.0401294576684599,0.9829437347806728,0.9775175317887366,0.9651387240149286,416.7883952251269,420.1188540547005,-3.3304588295736157,-1.7328668985370266,-1.5975919310365887,30.163402713605464,0.006421282602174,0.0150122831674086,0.0133142730983543,0.0190492066369062,-0.0039180942542588,0.2028488540700364,0.8825425055089696
2018-03-21,-0.0063652010332037,-0.005055278691141,-0.0128865237837221,-0.0030047614132042,-0.0346052607187205,0.008035961132387,-0.0262729109623812,0.9978749543486678,0.984544111013885,0.9741183538489544,415.749026916754,419.37171680773776,-3.622689890983736,-2.1108314970263686,-1.511858393957367,31.528350991745725,0.0099626625535445,0.0133230409610256,0.0134502395504001,0.0100902467225044,0.0022908960566524,-0.0314524803983523,0.8548770974373775
2018-03-22,0.0079793187844421,-0.0063652010332037,-0.005055278691141,-0.0185673989259328,-0.0040030300561095,-0.0036205746192849,-0.0228116385075197,1.0112128018579265,0.9972547131541396,0.9874737729129658,415.66081180065487,419.0608954636171,-3.4000836629622317,-2.3686819302135413,-1.03140173274869,37.51163996792174,0.0106098015514906,0.011386488278443,0.0136162850872955,0.017838468592136,0.0135602534348576,0.5038758757485324,1.1588229152627394
2018-03-23,0.012543218954826,0.0079793187844421,-0.0063652010332037,-0.0128865237837221,-0.0068329811155181,-0.0210272550726579,-0.0329420665236868,0.9967107142060196,0.9836805311000596,0.9735908560717278,414.58391933012143,418.29053363240007,-3.7066143022786378,-2.636268404626561,-1.0703458976520768,40.00661794363968,0.0114521272242394,0.0123311882366849,0.0139786565739882,0.0121937085523981,0.0037054115378342,0.0605645176851061,1.3314247082302042
2018-03-26,-0.0156912339505934,0.012543218954826,0.0079793187844421,-0.005055278691141,0.006253460219413,-0.0313876913161471,-0.035482996490863,1.0034856445085958,0.9948002349518116,0.9832076781556488,414.1791019256677,417.8210575263832,-3.641955600715505,-2.83740584384435,-0.8045497568711553,46.63909382390715,0.0118754469712758,0.0106595877289821,0.0138679388963054,0.0130951028986663,0.0079982060601028,-0.4363994220877469,0.7453442891244834
2018-03-27,0.0080545864970245,-0.0156912339505934,0.012543218954826,-0.0063652010332037,0.0112384602550237,-0.0343939698174241,-0.0414403169591627,0.999811080531096,0.9968922986092758,0.9838772029006206,413.74512876282455,417.3423329960724,-3.597204233247851,-2.98936552172505,-0.6078387115228008,54.01196717580728,0.0112692637767792,0.0105488375977939,0.0137845800924622,0.0152811833890381,-0.0081570279385712,0.1475568891202214,0.8554545323697659
2018-03-28,-0.0014427141011802,0.0080545864970245,-0.0156912339505934,0.0079793187844421,-0.015832306547846,-0.0498896861706996,-0.0713308812705704,0.9839153718770552,0.9829949718458426,0.9687704034621482,412.17522294805104,416.3199928457557,-4.144769897704634,-3.220446396920967,-0.9243235007836672,38.08538173021961,0.0139943216577087,0.0116325373709857,0.0138331889043378,0.0179562879639857,-0.0146238296945772,0.2622651246967629,1.028287361333202
2018-04-02,-0.0190042010809392,-0.0014427141011802,0.0080545864970245,0.012543218954826,-0.0167373603171014,-0.0206733902168019,-0.0645330729245158,0.9987249371913228,0.9965014136414676,0.9833438581294895,411.56775550532205,415.7204885290562,-4.152733023734129,-3.4069037222836,-0.7458293014505291,42.20501802481123,0.013737816830289,0.0116489296802702,0.0141472136464633,0.0161823046696168,-5.5989446774181855e-05,-0.3479070002420069,0.7478837900848864
2018-04-03,0.0116120706729365,-0.0190042010809392,-0.0014427141011802,-0.0156912339505934,0.006320586566922,-0.0005555829972467,-0.0515078124224658,1.0048367962669549,1.0039228228411456,0.9932836846145964,411.517945125597,415.3888959000231,-3.870950774426092,-3.4997131327120985,-0.3712376417139933,37.04172545948416,0.0123374136802893,0.0113081897922665,0.0143192530893227,0.0182869195926309,0.0095959104438631,0.1142604437360794,0.9408814818642444
2018-04-04,0.0073912450627102,0.0116120706729365,-0.0190042010809392,0.0080545864970245,-0.0068805054173821,-0.0006700721648862,-0.0315983493376959,1.0010291063411378,0.998800179235897,0.9897447526005048,411.1487480389667,414.9243972453918,-3.7756492064251006,-3.554900347454699,-0.2207488589704014,34.825456022835,0.0119445278276824,0.0113139094990341,0.0132766459176505,0.0220694728563004,-0.0108323067305983,0.0210031140358879,0.9479982156374694
2018-04-05,-0.005169252405989,0.0073912450627102,0.0116120706729365,-0.0014427141011802,0.0093354386712511,0.020678814882745,-0.0029093607130917,1.0140008668763472,1.0115669832084355,1.004601575409377,411.7717846988372,414.94470014040905,-3.172915441571888,-3.478503366278137,0.3055879247062489,42.11720192493093,0.013959267850964,0.0119616821704795,0.0133978937032848,0.0071570302701374,0.0034250119018776,-0.4000566603168278,0.6241184549992717
2018-04-06,0.01486201982637,-0.005169252405989,0.0073912450627102,-0.0190042010809392,0.0320607162111687,0.015720814576124,0.0238831075634142,1.0107398088293795,1.013094607143784,1.0065158315375775,412.4959018440281,415.0583183627919,-2.562416518763825,-3.295285996775275,0.7328694780114495,49.66045104703705,0.007819755606447,0.0117939313344896,0.0122521042258258,0.0148188243290604,0.0033039440303456,0.1333236787655598,0.8215094386195884
2018-04-09,0.0030830069390992,0.01486201982637,-0.005169252405989,0.0116120706729365,0.0258133277594923,0.0086439204746966,0.0049920498963298,1.0111156417778324,1.0177664597933411,1.0117857424192565,413.46028214176175,415.3328409862367,-1.872558844474952,-3.0107405663152105,1.1381817218402586,57.181422921812455,0.0072494605057202,0.0112674425949441,0.0110428392308582,0.0070415027002848,0.0037805800551835,-0.1915170667264846,0.7215932849383563
2018-04-10,0.0054884643108032,0.0030830069390992,0.01486201982637,0.0073912450627102,0.0194542108306075,0.0258977594211755,0.0043259455553583,1.0083789000507044,1.0163189843161318,1.0127246515929411,414.35014877890654,415.6225872304564,-1.272438451549874,-2.6630801433621434,1.3906416918122693,60.0185830458568,0.0073004969336753,0.0096518222350553,0.0110390792945363,0.0106319053537023,-0.001469905852759,0.0820634057500373,0.8685048509989427
2018-04-11,0.0011463284222914,0.0054884643108032,0.0030830069390992,-0.005169252405989,0.0401721350704282,0.0330152250600661,0.0005912620510004,1.0155244500486158,1.0282227246767286,1.027933175122868,416.0737126912262,416.3581966362733,-0.2844839450470999,-2.187360903699135,1.902876958652035,67.74752133782245,0.0065991489073204,0.010320984113666,0.010732004760672,0.0179405818668265,0.0098177574296337,0.5541822410342025,1.380261030856939
2018-04-12,0.0150482599070986,0.0011463284222914,0.0054884643108032,0.01486201982637,0.0225721384668124,0.0321182979523995,-0.0033803476353864,1.0086671438728918,1.0225834051135378,1.0257373361041655,417.38089597761206,416.9665082967519,0.414387680860159,-1.6670111867872763,2.0813988676474358,64.36315000476381,0.0065549556311962,0.0103687968853903,0.0107379850606147,0.0134058129616455,-0.0012367233686658,-0.176414006557888,1.0844861923960851
2018-04-13,-0.0023097227149482,0.0150482599070986,0.0011463284222914,0.0030830069390992,0.0305708092279066,0.0636116474780772,0.0105483961778949,1.0135594563937442,1.0274073792478522,1.0363869663744778,419.20085541555153,417.87348044693465,1.32737496861688,-1.068133955706445,2.395508924323325,64.00546942330479,0.0070537456512435,0.0070224531602659,0.01098966408981,0.0138466880929076,0.0065937869393063,0.1657850540794663,1.193660769434149
2018-04-16,0.010929231588427,-0.0023097227149482,0.0150482599070986,0.0054884643108032,0.0229803504150356,0.0493868774918193,0.0276924930850397,1.0070391976129398,1.020512607223674,1.0329603503647615,420.6142200947094,418.6523134382786,1.9619066564308127,-0.4621258332789935,2.4240324897098064,72.20790339636741,0.0079273248222336,0.0071674390009602,0.0100534275160727,0.0122725639753034,0.0027823774900953,-0.2918756206003162,0.8277131818818625
2018-04-17,-0.0019172556133676,0.010929231588427,-0.0023097227149482,0.0011463284222914,0.029660278235214,0.0496915063719036,0.0491083156186091,1.0088787493364313,1.0233719842045002,1.0383676210091213,422.3165433553792,419.6172769827811,2.699266372598061,0.1701526078964174,2.529113764701643,72.20790339636741,0.0077568279738692,0.0071795222421801,0.009553093454699,0.0118612811012134,0.0045212185374931,0.0744930058678516,0.8709004185210322
2018-04-18,0.0076836829360746,-0.0019172556133676,0.010929231588427,0.0150482599070986,0.0076811475409248,0.0481618507078629,0.0474595066274079,1.0006721167611663,1.011871714460884,1.0290899192559757,423.3173908394674,420.2991121693864,3.0182786700809743,0.7397778203333288,2.2785008497476453,68.70717966186353,0.007403432733822,0.0074158339351586,0.0096238302151455,0.0140192166879299,-0.0076699216235533,-0.2332158241366293,0.7460285488735
2018-04-19,-0.0066189626099696,0.0076836829360746,-0.0019172556133676,-0.0023097227149482,0.014644139587616,0.0375468276009274,0.0590020663810664,1.002350871122185,1.0127847850205802,1.030838776491472,424.4666956817729,421.0760573653173,3.390638316455579,1.2699499195577788,2.1206883968978003,83.37068455139658,0.0071414327195311,0.006514486898561,0.0094101148490708,0.010612382763827,0.0034075628731886,0.3316946491007253,1.014456411112023
2018-04-20,0.0045842332578807,-0.0066189626099696,0.0076836829360746,0.010929231588427,-0.0116632279545466,0.0185510269565798,0.0345634787876849,0.9893378591047184,0.9954993565828728,1.013367383204722,424.42638109671645,421.3078050329905,3.118576063725925,1.639675148391408,1.478900915334517,68.69982756182134,0.0091432159871275,0.0088730527889546,0.0101586542634912,0.022254494818759,-0.0107676391675533,-0.2525752640603954,0.8514590141152824
2018-04-23,-0.0152818170116483,0.0045842332578807,-0.0066189626099696,-0.0019172556133676,-0.0011205059281239,0.0218340948680413,0.0306667475224144,0.998197707285019,1.0020394132777413,1.0206613185350415,424.9619709039524,421.79668724119495,3.165283662757417,1.94479685126461,1.2204868114928074,69.1943084646789,0.010409592326936,0.0090765490476125,0.009979597877335,0.0169337055188821,0.0064516443930384,0.0474683267874087,0.9187790473494184
2018-04-24,0.008729428018225,-0.0152818170116483,0.0045842332578807,0.0076836829360746,0.0273232716410887,0.0577939657154735,0.0851884593567442,1.028848673645025,1.0326326769874012,1.0534174351881276,427.81000809511113,423.40242986380895,4.407578231302182,2.4373531272721247,1.970225104030057,80.21711204052787,0.0196434797660307,0.0140807540197523,0.0118577340244293,0.0419566435263223,0.0365996551459466,1.5957602089626373,1.9123340118347265
2018-04-25,0.0363781658118,0.008729428018225,-0.0152818170116483,-0.0066189626099696,0.0346481951823278,0.0425954806224748,0.0770170050618337,1.0222784265975653,1.0287695334704252,1.0499497279462284,430.25153948943296,424.90446929302334,5.347070196409618,3.0192965410996235,2.3277736553099944,77.93720840150894,0.0187823030315335,0.0137591252993869,0.0118480708819624,0.0188046845256785,-0.0032352250935214,-0.2932432747865769,1.1971395882835838
2018-04-26,0.000463949212494,0.0363781658118,0.008729428018225,0.0045842332578807,0.0350737461601351,0.0502315105823807,0.0839631591582643,1.0202832975385012,1.0288231025609078,1.050901996474716,432.658566767501,426.459487626642,6.199079140858999,3.6552530610514986,2.5438260798075,78.3355251438982,0.0187700607184558,0.0135638614577283,0.0117859289908646,0.0264007785829463,0.0024152103642464,1.4217681571534886,2.051597056771327
2018-04-27,0.0049974189230599,0.000463949212494,0.0363781658118,-0.0152818170116483,0.0737148981557138,0.0611919165403307,0.1286960826418792,1.027494754510196,1.044591486375717,1.06694513088652,436.1687647287508,428.60877398878887,7.559990739961961,4.436200596833592,3.123790143128369,81.00385212738155,0.0145596673562733,0.0144576048904627,0.011062406790062,0.0255947068676716,0.0065669982121886,-0.2515867158866386,1.259674673742017
2018-04-30,0.0214794718557596,0.0049974189230599,0.000463949212494,0.008729428018225,0.0291666904393768,0.0280135030617119,0.0787838799973568,0.9878986937510668,1.0072198446399088,1.0277338002459169,436.8179342626689,429.4813364117837,7.336597850885255,5.016280047643924,2.3203178032413305,64.32331882488612,0.0260991662959606,0.0190170237268731,0.0140220135071222,0.0338420054098754,-0.0190427699958804,-0.239533780924984,0.8585068658893351
2018-05-02,-0.0331225460636515,0.0214794718557596,0.0049974189230599,0.0363781658118,0.0027318777494513,0.0301297932283786,0.0813184944124745,0.9969968159376716,1.0140319591361489,1.03372878939455,438.0283643730996,430.6075877872418,7.420776585857766,5.497179355286693,1.9235972305710725,63.323779677363326,0.0204714618629352,0.0190858383565849,0.0140630267190707,0.0145471332938314,0.0058945581732193,-0.3104263413677443,0.628359109792641
2018-05-03,0.0097581217084807,-0.0331225460636515,0.0214794718557596,0.000463949212494,-0.0091705440139822,0.0251599083694209,0.0745335068279955,0.9874210496249238,1.0,1.0183231525199272,438.2718737829472,431.274520213158,6.997353569789254,5.797214198187206,1.2001393716020488,59.90963312787121,0.021184395576654,0.0194153583963652,0.0143439527058112,0.0193947607315396,-0.016668373225861,-0.3547401365753807,0.4273033072630248
2018-05-04,-0.0114115522519292,0.0097581217084807,-0.0331225460636515,0.0049974189230599,-0.0219408315287766,0.0123633674757759,0.0503744003038832,0.983889771026112,0.9908440978508832,1.0077806256672044,437.9398718292607,431.6329899072933,6.306881921967374,5.89914774294324,0.4077341790241346,54.61774604264642,0.0209575491501471,0.0196802309515665,0.0143166988107751,0.0154095925714416,-0.0092433366167717,-0.038467890210001,0.5517143532240957
2018-05-07,-0.0079554721256848,-0.0114115522519292,0.0097581217084807,0.0214794718557596,-0.0253939698492462,0.0464490144052611,0.0658617182801795,1.0067287931911613,1.0040586250332526,1.0225519603110231,438.858128289122,432.54228982663153,6.315838462490433,5.982485886852678,0.3333525756377549,59.49651050582729,0.0198852598199012,0.0193469021984443,0.0147215166580829,0.0174047220557961,0.0126714157208345,-0.0746004076530273,0.6691726510080909
2018-05-08,0.0178730336958354,-0.0079554721256848,-0.0114115522519292,-0.0331225460636515,0.0039447298478527,0.0332264750015689,0.0557860398769252,1.0018958161810303,0.9968201678489004,1.0157119545735036,439.3608131421777,433.2521631605095,6.108649981668179,6.007718705815779,0.1009312758524005,56.51182867211224,0.012456957294099,0.0194727822602481,0.0148002629786439,0.0173715800944133,-0.0106394239358049,0.4046949813542884,1.1059108142218068
2018-05-09,-0.0040165007618935,0.0178730336958354,-0.0079554721256848,0.0097581217084807,0.0041122160562885,0.0068553278772851,0.0650454901770669,1.011003319798962,1.0060256132050691,1.0225913170899772,440.4613609325037,434.2345491322715,6.226811800232156,6.051537324699054,0.1752744755331017,60.82213117630677,0.0124872660704049,0.015986524754579,0.0148779642952211,0.0225759929871292,0.0111812390049617,-0.0890980600868295,1.0864371543178772
2018-05-10,0.0099265777541315,-0.0040165007618935,0.0178730336958354,-0.0114115522519292,0.0203306741276869,0.0109736867717828,0.0540365968565024,1.011515689510333,1.009501835892645,1.0245525927259804,441.70557726440217,435.29486157357314,6.410715690829022,6.123372997925048,0.2873426929039739,60.85497001024715,0.0104290800745646,0.0160293069264809,0.0146232583292164,0.0105488852055572,0.0011734358961853,-0.1067495985166987,0.9673224495333268
2018-05-11,0.0045561653331063,0.0099265777541315,-0.0040165007618935,-0.0079554721256848,0.0370040290179984,0.0142512983226519,0.0651986731475398,1.0124969557222536,1.016382338882738,1.0297554496637875,443.328077847523,436.550933386989,6.777144460533975,6.254127290446834,0.5230171700871411,67.76716574413888,0.0079873532051134,0.0161475598024224,0.0146222144338212,0.0136971918138589,0.0081529059676953,-0.0007793582570069,0.9566192425296016
2018-05-14,0.0082556552075017,0.0045561653331063,0.0099265777541315,0.0178730336958354,0.016065865552683,-0.00973608040201,0.0508600667189309,1.0065703319996244,1.0146708287078907,1.0244508606900884,444.5145756741661,437.624220819116,6.890354855050134,6.381372803367495,0.5089820516826391,65.13155714650168,0.0063103909890293,0.0145612548630362,0.0145632770085964,0.0154571588076041,-0.0053934650014619,-0.3569611179362579,0.6437899559164963
2018-05-15,-0.0026788555640758,0.0082556552075017,0.0045561653331063,-0.0040165007618935,0.0122531237292986,0.016246188840056,0.0447148045625798,0.9963563405212098,1.0051853196457237,1.0143009023256673,444.9804869962295,438.3589451486317,6.621541847597825,6.429406612213562,0.1921352353842635,53.16051328294566,0.0074910709585497,0.0097277432472531,0.014715907369324,0.02385208845306,-0.0041707101119484,0.8611397184120015,1.2061973686731398
2018-05-16,-0.0077538844017625,-0.0026788555640758,0.0082556552075017,0.0099265777541315,-0.0210402529959061,-0.0170145590058157,0.0126025890778456,0.9772387937861916,0.9834455015293404,0.9900671899626876,443.7711195181437,438.26714168493095,5.503977833212787,6.244320856413407,-0.7403430232006203,45.60219111003094,0.0123611780428902,0.0120142012095374,0.0157146154045135,0.0225382910014881,-0.0183265144881726,0.7941056683539529,1.7929559478857158
2018-05-17,-0.0232902780201333,-0.0077538844017625,-0.0026788555640758,0.0045561653331063,-0.0364877753138069,-0.0168989222556692,0.0078358107782572,0.9733233302333786,0.9739651078228622,0.9785117685312484,441.9882119705808,437.8164067793053,4.171805191275496,5.829817723385825,-1.6580125321103294,41.12950819736845,0.0115669428412391,0.0120037534791267,0.0158640061342822,0.0195694782571671,-0.0145932153231613,-0.450449644741033,0.9566893275234876
2018-05-18,-0.0112952563735139,-0.0232902780201333,-0.0077538844017625,0.0082556552075017,-0.0560020427294298,-0.0210703149256583,-0.0089674474961386,0.972578075174349,0.9641135335808628,0.967031260313222,439.6707646962607,437.0096214391716,2.6611432570891225,5.1960828301264845,-2.534939573037362,30.441590783843296,0.0076046110381765,0.0123195569580532,0.01607823879712,0.0230229561201452,-0.0124259715087905,0.1049038492370253,1.007428458428661
2018-05-21,-0.0121648127169621,-0.0112952563735139,-0.0232902780201333,-0.0026788555640758,-0.0560003664488474,-0.0408341952544325,0.0037181110272281,0.9812670687604984,0.9654847272372388,0.964270187242784,437.5340148767037,436.17793769324334,1.3560771834603995,4.428081700793268,-3.072004517332868,37.63065823893132,0.0076051209409665,0.0101478856989374,0.0157038953365061,0.0146024722869898,0.000644623017101,0.2667010311170767,1.1040497267038072
2018-05-22,-0.0026770845961877,-0.0121648127169621,-0.0112952563735139,-0.0077538844017625,-0.0533224176136947,-0.0417226600649618,-0.0098824819850402,0.9872801528934352,0.9647515753979572,0.95996726830277,435.402462520372,435.2520848685992,0.1503776517727715,3.5725408909891683,-3.4221632392163968,31.523923176565347,0.0080377303261278,0.0101510957043973,0.0156150335348578,0.0097113680067817,-0.0068585089075847,-0.2195217265530934,0.8511992326341689
2018-05-23,-0.0049390694007699,-0.0026770845961877,-0.0121648127169621,-0.0232902780201333,-0.0459132469742978,-0.0659874736380012,-0.0595845115282983,0.981008925397754,0.9560715603443516,0.947784834669348,432.5790095650143,433.9037836420768,-1.324774077062557,2.593077897378824,-3.9178519744413807,30.68493794905291,0.0053696259361985,0.0093876256611765,0.0133362049197137,0.0184708721968081,-0.0148488207362868,-0.1166256840252047,0.8674819498098629
2018-05-24,-0.0156460608864972,-0.0049390694007699,-0.0026770845961877,-0.0112952563735139,-0.0312054014239909,-0.0665545610620622,-0.0563112231966078,0.9911689040954196,0.9664585891731255,0.9542340422270394,430.44313129058895,432.7772663931267,-2.3341351025377435,1.6076352973955104,-3.9417703999332536,34.59982008322365,0.0077734811764769,0.0093075506220798,0.0134061119919586,0.011846872088155,0.0020240854039297,0.1642935041319071,0.988066405939769
2018-05-25,0.0039462472088362,-0.0156460608864972,-0.0049390694007699,-0.0121648127169621,-0.0139744373483144,-0.0691938830402443,-0.0559286873869014,0.9993487921175432,0.9787518813722929,0.9621256754939636,428.9839989000296,431.9018222715583,-2.917823371528698,0.7025435636106688,-3.620366935139367,27.50894835316805,0.0084029925662626,0.0088255156185169,0.0134188991183429,0.0097197494239696,0.0052401711082824,0.5286848756100264,1.363531007185586
2018-05-28,0.0054048069421299,0.0039462472088362,-0.0156460608864972,-0.0026770845961877,-0.0117571497347946,-0.0670991114900997,-0.0761819095477387,1.0012945820579666,0.9852596337745656,0.9655363984544204,427.7212159036909,431.0776805791338,-3.356464675442908,-0.1092580842000464,-3.247206591242861,28.399626030638814,0.0084696000163486,0.0089779352022335,0.0121696509968932,0.0096697233134499,-0.0048653964949542,-0.3606221541399619,0.9156442502626088
2018-05-29,-0.0004343924888376,0.0054048069421299,0.0039462472088362,-0.0049390694007699,-0.0100350706696791,-0.0628223940543422,-0.0475968296914776,1.000109021093042,0.9886101675310902,0.9647619293873974,426.4452252433274,430.2146876926297,-3.769462449302296,-0.8412989572204964,-2.9281634920817994,20.798426597813872,0.0083711790851006,0.0090440108365042,0.0100385545299121,0.0148236371138593,-0.0043950275794844,0.5724616323820575,1.3020644539377828
2018-05-30,-0.0032051093760255,-0.0004343924888376,0.0054048069421299,-0.0156460608864972,0.0042202870723067,-0.0418867269846444,-0.0581886018026195,0.9977998418709506,0.9914340986914204,0.9662176903596637,425.2705889153275,429.3699026125333,-4.099313697205787,-1.4929019052175545,-2.6064117919882324,16.929326523340066,0.0036679672346132,0.006903006033167,0.0096291750489212,0.0181202863482525,0.0013663052275531,-0.2669849802979956,0.913018914841898
2018-05-31,-0.0014715006257733,-0.0032051093760255,-0.0004343924888376,0.0039462472088362,0.0060053977368805,-0.0253874045342005,-0.041857307014373,1.0023172175623491,0.999712491206116,0.9738219921884786,424.6459191738468,428.7654828335088,-4.119563659661992,-2.0182342561064424,-2.1013294035555496,14.450267049994023,0.0041055514948019,0.00706946619502,0.0095991417063403,0.0084115472173781,0.000380083370461,1.8294396909178423,1.9071064150044403
2018-06-01,0.0057308707377796,-0.0014715006257733,-0.0032051093760255,0.0054048069421299,0.0105886793924623,-0.0035337287926234,-0.0245295869397593,1.010182730845961,1.010056637724998,0.9847637391343196,424.7644190260074,428.5173854542038,-3.752966428196373,-2.365180690524429,-1.3877857376719445,22.537991773682062,0.0055381119813576,0.0071897239084098,0.0098571541497292,0.0185911988612368,0.0114674270985335,-0.4828965399769871,0.9722513035325878
2018-06-04,0.0099853523531763,0.0057308707377796,-0.0014715006257733,-0.0004343924888376,0.0222186200521685,0.01020024267452,-0.0310504712809264,1.01684931354058,1.0201846635116971,0.9972547349051564,425.5891190962251,428.6364657525904,-3.047346656365278,-2.5016138836925985,-0.5457327726726793,31.80515795849405,0.0065143824709104,0.0079636135679139,0.0092639755320353,0.0142955307930455,0.0079815595394061,-0.3611153963659023,0.6156591399202086
2018-06-05,0.0110686937201098,0.0099853523531763,0.0057308707377796,-0.0032051093760255,0.0329173322095293,0.02255193378487,-0.0201116529472054,1.0175561052784292,1.0252346404147552,1.0054988765413373,426.76520902192607,428.9770018904193,-2.211792868493262,-2.443649680652732,0.2318568121594695,45.2085887400538,0.0049418105636043,0.0078768917414562,0.0094448656616074,0.0147733879808133,0.0051442459886317,0.4233956789593858,0.8802334232368763
2018-06-06,0.0072275137493185,0.0110686937201098,0.0099853523531763,-0.0014715006257733,0.04180771051612,0.0462044381286406,-0.0228319496523329,1.0164437249359666,1.027850191495269,1.0138603960018728,428.23511226134127,429.52089657099015,-1.285784309648875,-2.2120766064519604,0.9262922968030852,55.345546422857,0.0022144817020605,0.0048253698275342,0.009294184507484,0.0139877963142742,0.0078141383353781,-0.474443952254575,0.4817823160679768
2018-06-07,0.0071228910380394,0.0072275137493185,0.0110686937201098,0.0057308707377796,0.0542681657591677,0.060599465415883,-0.0099882664675289,1.0235942386015633,1.039889088505992,1.0324037802430792,430.6710246027455,430.59849997169226,0.072524631053227,-1.755156358950923,1.82768099000415,70.8102177018321,0.0043393320634493,0.0063679377758164,0.0101478036458779,0.0221856037266382,0.017226932758981,0.6367891740111493,1.0270185478679958
2018-06-08,0.0177598319125544,0.0071228910380394,0.0072275137493185,0.0099853523531763,0.057815269787304,0.0690161365355328,-0.0049532409840405,1.0256637542263811,1.0466853696991,1.0464934270830466,433.6465160100154,432.0365161774928,1.6099998325225895,-1.0821251206562206,2.6921249531788103,76.34195978715766,0.004476504402489,0.0067827010801062,0.0104399788341617,0.0263625675980658,0.0186268127515139,-0.0473511510861777,1.048528745617728
2018-06-11,0.0133834660665985,0.0177598319125544,0.0071228910380394,0.0110686937201098,0.0444279208632405,0.0676336680087772,-0.0040036025115277,1.0150504071360724,1.0380069100062412,1.0449054789128374,436.0446716373808,433.31044294863335,2.7342286887474643,-0.3188543587754836,3.053083047522948,78.60798257433103,0.0073719057006544,0.0069445190272961,0.0104302315380558,0.0212690220051374,-0.0045081617996129,0.0510446084752078,1.0590217535289763
2018-06-12,-0.001727046496185,0.0133834660665985,0.0177598319125544,0.0072275137493185,0.0522344638375811,0.0868712152460386,0.0185913634755301,1.0196016146387976,1.0445298633754574,1.0592990732860847,439.0937119759208,434.98103486635614,4.112677109564686,0.5674519348925504,3.545225174672136,93.44931770416264,0.0077419038010374,0.0064343378011221,0.010775174492705,0.0197562776091927,0.0139821115641914,0.0843524061108278,1.1673044740028344
2018-06-13,0.0147560034746061,-0.001727046496185,0.0133834660665985,0.0071228910380394,0.0503981165700986,0.094312856954339,0.0484756730793063,1.0150870550002131,1.0407150248461472,1.0623670140356074,442.04995092373593,436.70905192342,5.340899000315915,1.5221413479772234,3.8187576523386912,93.5645897044175,0.0079568201916665,0.0055769303833478,0.0091631314478444,0.0163591021314729,0.0024999954941205,-0.2040504782665748,0.8811351125745523
2018-06-14,0.0053652719592727,0.0147560034746061,-0.001727046496185,0.0177598319125544,0.0376795431426519,0.0939925085948147,0.0662188782217334,1.013096545896994,1.0370496265108935,1.064611295467436,444.9347034408776,438.4936289872524,6.44107445362522,2.505927969106823,3.935146484518397,93.59678620445536,0.0067305663013627,0.0055972411787861,0.0085920408257469,0.024207521271203,0.0105268779546716,-0.0744434214937825,0.8502414694110044
2018-06-15,0.0054364538052578,0.0053652719592727,0.0147560034746061,0.0133834660665985,0.0303245276815709,0.0898930182179573,0.0860416318786012,1.0132981455391863,1.0345759476641128,1.0666862753972517,447.8152277687834,440.3576647342904,7.457563034493035,3.4962549821840656,3.961308052308969,94.32889780621228,0.0058552407360678,0.005653724681607,0.0078035356700371,0.0239104480578713,0.0081510599317464,1.0592482001918897,1.5256157998430584
2018-06-18,0.0062006598619479,0.0054364538052578,0.0053652719592727,-0.001727046496185,0.0334808892921356,0.0793962964552779,0.0904064006211,1.0080200997446982,1.028118753840061,1.0633975794699386,450.3475464308576,442.1293413519182,8.218205078939434,4.44064500153514,3.777560077404294,97.07289479180146,0.0049324863385361,0.0060193926816299,0.0076688931865714,0.0132440715152384,0.0066911258445546,-0.499555288232887,0.7893675009355755
2018-06-19,0.0013311262859332,0.0062006598619479,0.0054364538052578,0.0147560034746061,-0.0011031125004041,0.0510737308471658,0.0747774760282475,0.9888806411044672,1.0034605785368864,1.039208348913328,451.1187800854252,443.109432006261,8.009348079164113,5.154385617060935,2.854962462103177,82.67267041164172,0.0108062969860893,0.0104293958873451,0.0091077163847299,0.0212339377619377,-0.0176052454940875,0.1227319917320801,0.9143167016055002
2018-06-20,-0.0192013960349226,0.0013311262859332,0.0062006598619479,0.0053652719592727,0.0167082193636143,0.0679483987208791,0.1172923544341588,1.0085592389642166,1.020168117275557,1.0575107050726562,453.4030903607444,444.8025701446862,8.600520216058214,5.843612536860392,2.7569076791978224,84.88951841629344,0.0151886703684801,0.0119327450730653,0.0089253860406828,0.0275202373467463,0.023343378793144,0.1335817283898677,0.999923631635612
2018-06-21,0.0232919415960655,-0.0192013960349226,0.0013311262859332,0.0054364538052578,0.023810687517128,0.0623874064873379,0.1267675153850369,1.0162990039829924,1.0266524767421228,1.0642774316499222,456.22920371269714,446.8003669597789,9.4288367529183,6.560657380071974,2.8681793728463267,85.25730148524848,0.0157376209139666,0.0114946215816453,0.0090446690665661,0.014244922651143,0.0083052662460918,0.4609414743473765,1.2817789491777458
2018-06-22,0.0124601802368227,0.0232919415960655,-0.0192013960349226,0.0062006598619479,-0.0016761502174433,0.0285975490004599,0.0995873778823903,0.9974780009349712,1.0044892229126714,1.039303664051609,457.2525494380875,447.9915213277756,9.26102811031194,7.100731526119968,2.160296584191973,73.42269916587234,0.0188632500194985,0.0135667376543128,0.0106205896819242,0.0204938354790247,-0.0154608590452302,0.538568359203127,1.762509418983744
2018-06-25,-0.018847792219083,0.0124601802368227,0.0232919415960655,0.0013311262859332,-0.0109300547616888,0.0221848865770137,0.0913189998393531,0.991716347753371,0.9943523411300016,1.0266119708018622,457.55227177513655,448.8218341648964,8.730437610240187,7.426672742944012,1.3037648672961757,68.41763269151018,0.0191305597194107,0.0139405186722312,0.0109440498767103,0.014137085642473,-0.0068716651165147,-0.6785589926923398,0.5722145468085367
2018-06-26,-0.0079506540319966,-0.018847792219083,0.0124601802368227,-0.0192013960349226,-0.01716785886978,-0.0182520332904597,0.0670336056429254,0.969814336669404,0.9708578831503464,0.997414617023524,456.0123836970506,448.7271056539839,7.285278043066739,7.398393802968558,-0.1131157599018184,57.09741727183778,0.0206561933221735,0.0156277741021035,0.0127363758087547,0.0314111970271712,-0.0268886970473734,0.5523393510511707,0.8558138364797929
2018-06-27,-0.0253870349682232,-0.0079506540319966,-0.018847792219083,0.0232919415960655,-0.0523914125537042,-0.0365585604038067,0.0543063542727113,0.9670685233724416,0.9613604658469256,0.9815798332280216,453.78803823344185,448.1957747302513,5.592263503190566,7.03716774301296,-1.444904239822394,48.37375009375527,0.0144326771777209,0.0158054648977724,0.0132409741874877,0.0235026345570337,-0.0129279233921858,0.1103006143875031,0.9159220949470904
2018-06-28,-0.0133816439845676,-0.0253870349682232,-0.0079506540319966,0.0124601802368227,-0.0843063986071073,-0.0625031044029076,0.0256145806141143,0.962918061179496,0.9464927983596052,0.9591891754156644,450.4359337561215,446.99604024140746,3.439893514714015,6.317712897353171,-2.877819382639156,38.87005074419158,0.0068790727861641,0.0163927251545983,0.0142876435929549,0.0298428448358989,-0.0177234729918894,-0.0421184995931022,0.9133627371781776
2018-06-29,-0.0216389752161298,-0.0133816439845676,-0.0253870349682232,-0.018847792219083,-0.0395556130755105,-0.0411654621434963,0.0450270684360449,0.9990958582307462,0.9781279990710556,0.9850088274380964,449.5336995063816,446.8164380852153,2.717261421166313,5.5976226021158,-2.880361180949487,47.485195170948,0.0217585849927724,0.0196175884786941,0.0154841922150956,0.0272508058229581,0.0246022573057963,-0.0716485520565159,1.0273270214197987
2018-07-02,0.0291020153993906,-0.0216389752161298,-0.0133816439845676,-0.0079506540319966,-0.0436557500486805,-0.0541086450716746,0.0209916253586992,0.9958944797671077,0.9715788142396846,0.9720335147680864,447.9368213822027,446.2488494640304,1.687971918172309,4.815692465327103,-3.127720547154793,40.86933697447016,0.0218456777847469,0.019673337037369,0.015664602043734,0.0159795577517419,-0.0120841250625248,-0.1638738991344117,0.8277372271233179
2018-07-03,-0.0121857125715518,0.0291020153993906,-0.0216389752161298,-0.0253870349682232,-0.0078144769527139,-0.0248481779850286,0.0249564637076873,1.0085874837543158,0.9848665416665972,0.981686239893513,447.3381849871643,446.0856520825802,1.2525329045840865,4.1030605531785,-2.8505276485944133,42.408762514710965,0.0209589137624329,0.0196434375590856,0.0157684672334975,0.0186348376332919,0.0065285188714641,-0.239254635757135,0.6804548187198614
2018-07-04,0.011138901632903,-0.0121857125715518,0.0291020153993906,-0.0133816439845676,0.0251073928079681,-0.0285994315204862,0.0374056816242485,1.0229573989583658,1.006905248538365,0.9988851934149758,448.1539121240549,446.5711898080893,1.5827223159655546,3.5989929057359107,-2.016270589770356,45.92185672258206,0.0213865510520409,0.0191047739270302,0.0162344690454071,0.0212099806898824,0.0188310479085043,-0.0131307445654179,0.7513889041919404
2018-07-05,0.0193555006982926,0.011138901632903,-0.0121857125715518,-0.0216389752161298,0.0206889000268795,-0.0653617052326365,-0.0070520460183526,0.9924983870534764,0.9876454685043692,0.9733943854215512,447.04361036398393,446.1538387618304,0.8897716021535302,3.057148645019435,-2.1673770428659047,39.56759128972402,0.0227471965147324,0.0195559542506228,0.0169159613500868,0.051632951571437,-0.0325978009687799,2.743328645618544,2.15587953427692
2018-07-06,-0.0258559783863683,0.0193555006982926,0.011138901632903,0.0291020153993906,0.0052445421094151,-0.0345185220445337,-0.0069081181696657,1.0048725085395982,1.0046040118133188,0.9869033998344942,447.0219756340081,446.209331047557,0.8126445864510288,2.6082478333057537,-1.795603246854725,42.39696036550835,0.0193109092327792,0.0199723389728972,0.0169222082013724,0.0189248692836857,0.0132677228581311,-0.5105992141595375,1.0268285965120156
2018-07-09,0.0135303560436421,-0.0258559783863683,0.0193555006982926,-0.0121857125715518,0.0379971144246937,-0.0073174281538823,0.014705122109502,1.0173347848787206,1.0254696183206506,1.0059067131741717,448.3786834090645,446.9227566123213,1.4559267967431424,2.377783625993232,-0.9218568292500896,50.2100360622665,0.0190978770404115,0.0211730194618062,0.0175069577936306,0.0165479858584571,0.0101306672401363,-0.4356468825986855,0.5995285032389903
2018-07-10,0.0199989524803714,0.0135303560436421,-0.0258559783863683,0.011138901632903,0.0560073960400917,0.047755250581841,0.0286315868679671,1.0350255649985662,1.049835709515489,1.0332712812714344,451.5381978605545,448.5518507405753,2.9863471199792,2.4994963247904254,0.4868507951887748,51.26297561572414,0.0213784609699445,0.021024072016523,0.0183450353458181,0.0277858912321586,0.0228870741863246,1.0201413768445482,1.0768417178779532
2018-07-11,0.0286831665616029,0.0199989524803714,0.0135303560436421,0.0193555006982926,0.0491869638873632,0.0755293131186827,0.0362095097589685,1.0380422380540049,1.0553639518747568,1.044558137899873,455.1330011043635,450.50389282981513,4.629108274548344,2.925418714742009,1.7036895598063344,51.33919948716397,0.020944481482873,0.0201074236314531,0.0184997379258609,0.022189073819079,0.0134634213436744,-0.1703708936765274,0.8306179643713022
2018-07-12,0.0127717920442675,0.0286831665616029,0.0199989524803714,-0.0258559783863683,0.122187638378248,0.1454044662400557,0.0738131313030969,1.05667282368045,1.0844701184131746,1.0842935697222045,461.2377694515888,453.78612264696426,7.451646804624545,3.830664332718517,3.6209824719060286,62.47989157192092,0.0121753832792884,0.0199218380667023,0.0205480869988541,0.052108832670894,0.0363862543799671,1.7823539994734583,2.09462694128443
2018-07-13,0.0419233336683444,0.0127717920442675,0.0286831665616029,0.0135303560436421,0.1250575230995492,0.1309579346549589,0.0844015286100334,1.048677008690179,1.0880706102441646,1.0970710440870337,467.63066106540685,457.4161554095155,10.214505655891344,5.107432597353082,5.107073058538262,66.48228699717154,0.01169685962288,0.0192281951439957,0.0207289083445033,0.0263684674565356,0.0178620852925972,-0.2547571338614546,1.353847902311599
2018-07-16,0.016122360432131,0.0419233336683444,0.0127717920442675,0.0199989524803714,0.079330070916592,0.1203414991232225,0.0597213385880961,1.0109246131799683,1.0526830727080283,1.0702920016725357,471.38016573322886,459.9781025203847,11.402063212844157,6.366358720451297,5.035704492392858,66.92188053547056,0.023694337487275,0.0207192866369355,0.0215102113427332,0.0333116940794207,-0.0214584418026456,-0.6329004548641107,0.4865440941101692
2018-07-17,-0.0214584418026456,0.016122360432131,0.0419233336683444,0.0286831665616029,0.0649800487119651,0.1246268080749726,0.0966818809811909,1.0134057102162053,1.0559768931525582,1.0811760660748124,475.6887065669388,462.8971824190484,12.79152414789047,7.651391805939133,5.140132341951338,71.78030285616033,0.0225703911976366,0.0207453689998934,0.0209954726654031,0.0241222889206526,0.0130297686647296,-0.0191827027344737,0.5069418487229841
2018-07-18,0.0150065103843608,-0.0214584418026456,0.016122360432131,0.0127717920442675,0.051742396766208,0.1034744120547561,0.0719156711725874,1.0035824267752564,1.045812642948973,1.0774654956163792,479.34846122070303,465.6068068188527,13.741654401850385,8.869444325121382,4.872210076729001,77.36373827075302,0.0232756395899493,0.02087637766246,0.0205575177481247,0.0249874349799161,-0.0053258983666534,-0.2762538716974412,0.3913246629650564
2018-07-19,0.0001830862748237,0.0150065103843608,-0.0214584418026456,0.0419233336683444,0.0207881243846006,0.1455158145877164,0.0706429475753105,1.0107030019844705,1.043566547205229,1.0856929440442569,483.31027491661655,468.53224707257766,14.778027844038888,10.051161028904884,4.726866815134004,76.01179167893983,0.0156782345996895,0.0166462409157496,0.0205322321607331,0.0259311074020648,0.0105643505312368,0.1605087698999128,0.6602523070005301
2018-07-20,0.0112580502583694,0.0001830862748237,0.0150065103843608,0.016122360432131,0.026232082913062,0.1545701253274609,0.1147160710043848,1.0270538644456264,1.0510460592713378,1.1027869394540806,488.3365149234352,472.04695728653024,16.28955763690493,11.298840350504896,4.990717286400036,81.53500306648866,0.0168500428503291,0.0168235440325777,0.0201896539017909,0.0235679567722558,0.0136968134218363,0.4756560681964619,1.285005100295057
2018-07-23,0.0215414360051053,0.0112580502583694,0.0001830862748237,-0.0214584418026456,0.0409774607714608,0.1235582765570344,0.1153367195916286,1.0113383544512973,1.031436538945881,1.0884677179517217,492.0021975734355,475.0185494985234,16.98364807491214,12.435801895386344,4.547846179525795,78.20898796941509,0.0116320532887378,0.0180344304737756,0.0201704564688915,0.0149066543554824,-0.0084085647607907,-0.2713411253140965,0.9594970386146452
2018-07-24,-0.0073983034908438,0.0215414360051053,0.0112580502583694,0.0150065103843608,0.017027512440517,0.0831140097403104,0.1348383906841617,0.9995411571711282,1.0148628060260747,1.0725060415563028,494.4463174930272,477.4533959838758,16.992921509151415,13.34722581813936,3.645695691012056,73.7286445017481,0.0128039819619905,0.0179986277293069,0.0191223760041551,0.0174175091179176,-0.0098485010744856,-0.2350626218573166,0.7855623465799774
2018-07-25,-0.0083459198029954,-0.0073983034908438,0.0215414360051053,0.0001830862748237,0.0206855118139293,0.0734982265397257,0.1545788102243952,0.9992562324315104,1.011643647849931,1.068857741615293,496.8098150346649,479.8501112083051,16.95970382635977,14.06972141978344,2.8899824065763298,82.29366790825328,0.0126751016657205,0.0179672216370138,0.0185591904562495,0.0168587170764846,0.0046396276606939,0.3312795776569139,1.0011884321567115
2018-07-26,0.0037805003645483,-0.0083459198029954,-0.0073983034908438,0.0112580502583694,0.0052495525228648,0.0261468052582742,0.1753531337607921,0.994190496668514,1.0049812134536704,1.0561575207562224,498.4931974196563,481.9169030104388,16.576294409217553,14.571036017670265,2.0052583915472884,79.61725461676444,0.0123779569311481,0.0134177469367935,0.0174978131476304,0.012335188382794,0.000495436738399,0.0798677296549053,1.0462475054078717
2018-07-27,-0.0040353363096522,0.0037805003645483,-0.0083459198029954,0.0215414360051053,0.0010631867449428,0.0273231592608502,0.1618592784208588,1.011160063425223,1.019582200251612,1.0664344915467796,501.2680007312957,484.4807930796887,16.787207651607048,15.01427034445762,1.7729373071494263,79.5854632445267,0.0106475535540558,0.0135519397186917,0.0169477813862629,0.0223481114683076,0.0092452333812028,0.039627431232573,1.1372925543900647
2018-07-30,0.017287222613328,-0.0040353363096522,0.0037805003645483,-0.0073983034908438,0.0277604648441252,0.0698754789747335,0.1986258979897286,1.024741908392629,1.0320256009656743,1.0770763495298858,505.131592565904,487.58453786313765,17.54705470276639,15.520827216119375,2.026227486647013,78.92314195416141,0.0123364179686871,0.01138435054472,0.0164549728582906,0.0254472514190249,0.018938104601627,1.0768820002758273,1.8548248380989412
2018-07-31,0.0190733157678684,0.017287222613328,-0.0040353363096522,-0.0083459198029954,0.0675547300388534,0.0857325314855226,0.2210439113077231,1.0416208981908983,1.0541893870396064,1.09841253767048,510.8343136765582,491.6300743018057,19.204239374752547,16.25750964784601,2.946729726906536,80.82075829823728,0.0134249180736749,0.0133997324616459,0.0171012330150146,0.0364670346116624,0.0304082848445396,0.0002097582158404,1.482353185264656
2018-08-01,0.0300503279596373,0.0190733157678684,0.017287222613328,0.0037805003645483,0.0692283577614287,0.0913458935876909,0.2042722682750497,1.0331874612603404,1.0505147338769645,1.0940471064447572,516.1063107912223,495.590979532922,20.515331258300364,17.109073969936883,3.4062572883634807,77.28173824648889,0.0131638770394164,0.0131474009532491,0.0169918077328655,0.0146769282034308,0.0016381142507864,-0.3006103359427516,0.9597480164866268
2018-08-02,0.0053541479027214,0.0300503279596373,0.0190733157678684,-0.0040353363096522,0.0519515824337415,0.0574738575172382,0.211353027299074,1.002367900736245,1.023642742045928,1.0620929064577234,518.8792337554332,498.44574475704576,20.433488998387475,17.773956975627,2.659532022760473,66.46648553513333,0.0191455427002541,0.0159566469865245,0.0164030857187257,0.0218684519627099,-0.0194293519366155,-0.3560609022806462,0.6201769414845427
2018-08-03,-0.0201283042935157,0.0053541479027214,0.0300503279596373,0.017287222613328,0.0416869416310263,0.0427944493797485,0.2039793181111568,1.001651070883857,1.0268322793292812,1.06030099926819,521.8304209751502,501.3802785293826,20.4501424457676,18.30919406965512,2.140948376112476,76.0807611622032,0.0187540717494978,0.0149953231285347,0.0163864504624859,0.0118527289158874,0.0016595839495984,0.0634378843113543,0.6599659744766896
2018-08-06,0.0073608266577658,-0.0201283042935157,0.0053541479027214,0.0190733157678684,0.035782548521422,0.0645363535458092,0.1960686307222394,1.0079019991345397,1.0339640963013217,1.065021149473948,525.4282967896704,504.62741447309736,20.80088231657305,18.807531719038707,1.993350597534345,76.01868342815962,0.0180940631667847,0.0146249834294884,0.0162271583558678,0.017315007373364,0.0135124341170269,-0.3956090433871411,0.4959708509802544
2018-08-07,0.0132970991107022,0.0073608266577658,-0.0201283042935157,0.0300503279596373,-0.0015176633522798,0.0659345413485203,0.1545286352006947,1.001107459433748,1.0202024658690545,1.050088013826495,527.8818517156586,507.34956183128224,20.532289884376382,19.152483352106245,1.3798065322701376,72.81552236424912,0.0133618062348274,0.014484496533242,0.0159234215356708,0.0206047163269169,-0.0089546925739905,0.0107165678936407,0.6616984849244489
2018-08-08,-0.0070434573414536,0.0132970991107022,0.0073608266577658,0.0053541479027214,0.0212605459034844,0.0919607363429229,0.1722179139151407,1.0250344956664894,1.0398759956238215,1.071296592829203,532.3141002648122,511.00451779082846,21.30958247398371,19.58390317648174,1.7256792975019692,75.41093162137506,0.0186493657758648,0.0159705514306237,0.0165675390855249,0.0307957617467615,0.0275949387910165,0.94913539014993,1.3697543377222077
2018-08-09,0.02828912263043,-0.0070434573414536,0.0132970991107022,-0.0201283042935157,0.0424530786723773,0.096610165722333,0.1252830181697186,1.016754623289801,1.030645653938007,1.065163052742084,536.0820519368121,514.3972043346791,21.684847602133004,20.004092061611992,1.6807555405210124,72.49369118272168,0.013474873682451,0.0156403109320818,0.0145944514080908,0.0161746964113498,-0.0029062345343291,-0.1346625516262656,1.1612584009669262
2018-08-10,0.0002053540504469,0.02828912263043,-0.0070434573414536,0.0073608266577658,0.0231530284868641,0.065805149065004,0.0949263128939414,1.000722961974388,1.0126390439720738,1.0483519649350288,538.3032307704516,517.0729458177005,21.23028495275105,20.249330639839805,0.980954312911244,70.57380725550091,0.0161565153870333,0.0166142686663056,0.0148801394620003,0.0105464529644229,-0.0056152542116887,-0.4769610636657756,0.6778370302873928
2018-08-13,-0.0112895230866806,0.0002053540504469,0.02828912263043,0.0132970991107022,-0.0041086647914115,0.0315268652327533,0.1036052990161975,0.9878155534846071,0.9957243784724776,1.02899326120534,539.0221954926658,518.9917277174889,20.03046777517693,20.20555806690723,-0.1750902917302994,68.18289357987359,0.0170485896352981,0.0170880803704429,0.0142516822237929,0.0145238484117863,-0.0082250592397578,0.30351437047121,0.8622959332498646
2018-08-14,-0.0137019850405473,-0.0112895230866806,0.0002053540504469,-0.0070434573414536,0.022293572055007,0.0207420745654278,0.1082528766117061,1.0024593918761069,1.012834063730655,1.0434880475092927,541.2411835208374,521.5438677143994,19.697315806437928,20.103909614813368,-0.4065938083754403,70.77258549780562,0.0185973702958311,0.0154737409787757,0.0144398622645107,0.027176602368882,0.0173109920238778,0.1352519108669492,0.9360402606178736
2018-08-16,0.0192809747432787,-0.0137019850405473,-0.0112895230866806,0.02828912263043,-0.0138786665647754,0.0070868113111295,0.099080056010723,0.9971350839544856,1.0039251789413246,1.030234336197207,542.4295140609008,523.5750872934254,18.85442676747539,19.854013045345773,-0.9995862778703852,69.176744094903,0.0133747403446059,0.0157475722484203,0.0147089196410574,0.0170720220300796,-0.0020362603466258,0.1288705216526475,1.133978469942624
2018-08-17,-0.008095259048841,0.0192809747432787,-0.0137019850405473,0.0002053540504469,-0.0116589310233169,0.0302991901330915,0.0895144589869267,1.0019477447792695,1.003421875990126,1.0284023105089262,543.6425158790555,525.5557494108684,18.08676646818708,19.500563729914035,-1.4137972617269554,66.88755178138965,0.0135347958989594,0.0139237082910132,0.0146381920671901,0.0127518412394379,-0.0043423632580169,-0.359632536208095,0.8199059488038112
2018-08-20,0.0024567923855334,-0.008095259048841,0.0192809747432787,-0.0112895230866806,0.0254941536401094,0.0492374489924516,0.0941389878906957,1.0226491716639723,1.024439220488924,1.0502480420893348,546.8597824415325,528.4445641608156,18.41521828071689,19.283494640074608,-0.8682763593577221,68.27931565198534,0.0170836048843719,0.015677609109822,0.014934585449358,0.0236051792145985,0.0223528695279067,0.9856569271291276,1.3887426476791307
2018-08-21,0.0258774481233803,0.0024567923855334,-0.008095259048841,-0.0137019850405473,0.0500967443472872,0.0457822488262116,0.1132732217683916,1.022756113708201,1.029977652343829,1.0550156549672185,550.447178442114,531.5359191448524,18.91125929726161,19.20904757151201,-0.2977882742504008,64.8471402151276,0.0134398267802794,0.0155143404887451,0.0147023532305136,0.0196439784478227,0.008041961022597,-0.0430384022149656,1.2132858529739845
2018-08-23,0.0099602526145541,0.0258774481233803,0.0024567923855334,0.0192809747432787,0.0486122483954778,0.0719895611128453,0.1426707011552226,1.031050538940108,1.0410234617885146,1.0666863091554222,555.0475899918849,535.15176613528,19.89582385660492,19.346402828530596,0.5494210280743275,67.36485389366322,0.0132016163362284,0.0154357543387628,0.0145715403790803,0.0280435763886697,0.0185750418342563,0.0945763705179472,1.219550377093224
2018-08-24,0.0178400422873807,0.0099602526145541,0.0258774481233803,-0.008095259048841,0.0638741560161562,0.049109001337926,0.1455858376049501,1.0248203041816168,1.0425124774401886,1.0661781676376558,559.5064268080373,538.7723782213241,20.734048586713243,19.62393198016712,1.1101166065461214,76.4862530542109,0.0093903927735349,0.013527801216075,0.0145549364646672,0.0155772730141916,0.0096818684998501,-0.1651729525783859,0.997667118103723
2018-08-27,0.0063413056089467,0.0178400422873807,0.0099602526145541,0.0024567923855334,0.0728971662020474,0.0603883321461855,0.1628326246448568,1.0216674232139693,1.047649182784532,1.0697889289247071,564.2639548201422,542.5988953076496,21.665059512492576,20.03215748663221,1.632902025860364,77.08674283751566,0.007743575365209,0.0135416533028967,0.0143456554364445,0.0132403504751224,0.0094576018584617,-0.1623311949435181,0.7942329838011662
2018-08-28,0.0109589049685496,0.0063413056089467,0.0178400422873807,0.0258774481233803,0.0681026826376955,0.095333056532274,0.1674116115932069,1.029720610878005,1.0600848843303594,1.0840754545920197,570.2237219872356,547.0732320556941,23.15048993154153,20.65582397561408,2.494665955927452,78.30269280692492,0.0061146782029859,0.0128304908190815,0.0145139932623154,0.0212282045655326,0.0177469222443235,0.5603867905100788,1.2020383215236403
2018-08-29,0.0212930828002078,0.0109589049685496,0.0063413056089467,0.0099602526145541,0.0376844105104436,0.0896690211369508,0.1240228695146419,1.002999178238448,1.0313254018008948,1.0574868025972468,573.5223298125168,550.3763017442769,23.146028068239843,21.15386479413923,1.992163274100612,72.94529875398726,0.0158293567824486,0.0138997600221403,0.0154179559398463,0.0299798820569859,-0.0167895142974681,0.2740103339907533,1.3858886888776731
2018-08-30,-0.0188021934509036,0.0212930828002078,0.0109589049685496,0.0178400422873807,0.0039387063214917,0.0527424240870266,0.0745784859456291,0.9869282271536924,1.0104458039885431,1.0375997311300256,574.9243838647978,552.7658854041338,22.15849846066408,21.354791527444203,0.8037069332198747,62.558082646347,0.0172916117830013,0.0152112128452733,0.0150179559853706,0.0209502443089983,-0.0148035882732982,-0.1107825441335758,1.1769345087649912
2018-08-31,-0.0152603190853072,-0.0188021934509036,0.0212930828002078,0.0063413056089467,-0.0280626054735687,0.0340190753023488,0.0413469733811251,0.9668966674764836,0.9812622670655544,1.008870754337492,573.8038055779059,553.8677179667906,19.93608761111534,21.071050744178432,-1.134963133063092,54.584133430980536,0.0204358519765883,0.0177439421973952,0.0163856325778358,0.0268996746745024,-0.0223227768812448,0.5538875010738722,1.5154305099162722
2018-09-03,-0.0257365908704498,-0.0152603190853072,-0.0188021934509036,0.0109589049685496,-0.0482772151991639,0.0211006788227381,0.052039202435417,0.9665484395977512,0.9694376401064442,0.9962533462777284,571.9764547798627,554.4646296278154,17.511825152047322,20.35920562575221,-2.847380473704888,54.849368843283294,0.0182458510712788,0.0182596899892604,0.015809830267482,0.0259122915787767,-0.0127309358739156,-0.2029180783743865,1.0677818878577772
2018-09-04,-0.0100672844008918,-0.0257365908704498,-0.0152603190853072,0.0212930828002078,-0.0584154689788809,0.0057089635138136,0.0552275073060766,0.9885933243934392,0.978988746987844,1.00398336837141,571.3305034285137,555.4507882476878,15.879715180825883,19.463307536766944,-3.583592355941061,60.69807165957751,0.0137080650200981,0.016616354472083,0.0158722387177778,0.0207737277547008,0.0055054635786464,-0.2755119729405967,0.7716498712209648
2018-09-05,0.0104137294609212,-0.0100672844008918,-0.0257365908704498,-0.0188021934509036,-0.0519239343277386,-0.0161962466738188,0.0288445015571214,0.9872549735328856,0.9687466490301672,0.99052061088678,569.7324437063385,555.8576272837387,13.874816422599793,18.345609313933515,-4.470792891333723,53.338743932781,0.0131789857818458,0.0167091854370573,0.0160017334446289,0.0359820779997414,-0.0124748162323686,0.1681402765051802,0.9133929215847
2018-09-06,-0.012037554322932,0.0104137294609212,-0.0100672844008918,-0.0152603190853072,-0.0102397855917873,-0.0063414107785367,0.0651916349555254,1.0170693691504669,0.9965396340662708,1.0151274719393524,570.7997010898584,557.3992561293298,13.400444960528604,17.356576443252532,-3.956131482723929,61.213909876043616,0.0211272138173629,0.0182599137444177,0.0169077815274962,0.031988255908164,0.0254033878129637,0.084273723059528,0.9673479047795412
2018-09-07,0.0280358222388965,-0.012037554322932,0.0104137294609212,-0.0257365908704498,0.029758745595805,0.0008610321851929,0.0500123179538536,1.0248312771439672,1.0100403547369474,1.0264540955268544,572.9125006066831,559.4091555233956,13.503345083287511,16.58593017125953,-3.082585087972017,63.156953560325015,0.0169327564668392,0.0187032693306765,0.0160642898570661,0.0209995064209651,0.0108309037085417,-0.0448641220599711,1.0039884354430928
2018-09-10,0.0136356780768309,0.0280358222388965,-0.012037554322932,-0.0100672844008918,0.0217223607943695,-0.027603549491498,0.0311178503395812,1.0023065682479737,0.994870600778064,1.0066591131975724,573.1001751677944,560.4997651330631,12.60041003473134,15.788826143953893,-3.188416109222553,53.79460205041994,0.0189922225983128,0.019079146995147,0.0166951934099938,0.0214197819931462,-0.0150195465518299,-0.3398346053482902,0.7336239964555982
2018-09-11,-0.0177928611576897,0.0136356780768309,0.0280358222388965,0.0104137294609212,-0.0034221015039982,-0.0616376668186298,0.0278192825383063,0.988491402613652,0.9868481028121598,0.9907801841269978,571.9824217315232,560.8949512589127,11.087470472610562,14.848555009685228,-3.761084537074666,48.315007437865056,0.0202542374723566,0.0173707104401116,0.0168387321851476,0.0275915236461097,-0.0169182366527719,0.5405518864130363,1.0842991804568465
2018-09-12,-0.0144524288038645,-0.0177928611576897,0.0136356780768309,-0.012037554322932,0.0207824564778469,-0.0322205847552166,0.0545592480862739,0.9962536629061634,1.0019800053921015,1.000033977622791,572.0775708671783,561.7620579147917,10.315512952386598,13.941946598225504,-3.6264336458389046,46.91201158150714,0.0196782287800319,0.0176141966007009,0.0165946720499767,0.0238323473673113,0.0005592854882586,-0.2583241365614269,0.8421415236948138
2018-09-14,0.0119577543592743,-0.0144524288038645,-0.0177928611576897,0.0280358222388965,-0.006540324539553,-0.0167131386103546,0.0351477940322595,0.9980805180751002,1.0042110730265212,0.9988561748877752,572.2037923112903,562.5869432732446,9.616849038045643,13.076927086189531,-3.460078048143888,45.44092451842583,0.0145527043444002,0.0171062805942958,0.0161374005752455,0.0223037447632794,-0.0049626981371595,-0.0231813083073874,0.883829858784992
2018-09-17,0.0005188939542992,0.0119577543592743,-0.0144524288038645,0.0136356780768309,-0.041216929708686,-0.0126847482383219,0.0209028036585159,0.9846428260988314,0.9836157821099336,0.9761593936131402,570.3940160452504,562.427928703525,7.96608734172537,12.0547591372967,-4.088671795571329,38.29825844912237,0.0141146095307532,0.0165156621062197,0.016853029960759,0.0237784778964378,-0.0198680989306054,-0.1427283489600553,0.8311289333093679
2018-09-18,-0.0217451683352046,0.0005188939542992,0.0119577543592743,-0.0177928611576897,-0.0308158593155751,-0.009762891735447,0.0111317834444002,0.9837303976348982,0.9775362559474424,0.9686750875519334,568.2472447215821,561.9843786100348,6.262866111547282,10.896380532146816,-4.633514420599534,30.52953268060766,0.013090814233138,0.016365273359039,0.0169507371371912,0.0205808826053863,-0.0072186633521369,0.1276747090779537,0.9245596502168107
2018-09-19,-0.007137681786812,-0.0217451683352046,0.0005188939542992,-0.0144524288038645,-0.0217742319109247,-0.0251218197831522,-0.0195562758218811,0.9828393676761,0.974838966470172,0.9645085431335252,565.9806163269157,561.3569550208655,4.623661306050167,9.641836686927489,-5.01817538087732,32.83982504285528,0.012255970912277,0.0159097228362858,0.0159137916366455,0.0189963893694143,-0.0108251279092838,0.479146153515561,1.3546984655978251
2018-09-21,-0.0052581451231381,-0.007137681786812,-0.0217451683352046,0.0119577543592743,-0.0279441662430489,-0.0077424581839579,-0.0238133060951676,0.993966813649328,0.9810241358679812,0.971034453590214,564.5374502183276,561.0045906949565,3.532859523371144,8.420041254216219,-4.887181730845075,37.62763403821857,0.0103134651118032,0.0157011797335893,0.0157864667291073,0.0442709912510067,-0.0012304817771508,0.6927511013430379,1.8132697462927192
2018-09-24,0.0055750632720446,-0.0052581451231381,-0.007137681786812,0.0005188939542992,-0.0168375156250649,-0.0232677173479901,-0.0294615779729444,1.0093227894016883,0.9951014615906336,0.9841067963498704,564.3396626546906,561.1710529438255,3.1686097108650984,7.369754945545996,-4.201145234680897,47.73478463033132,0.0129434944881549,0.0130309404402194,0.0154665445951158,0.0287326466209768,0.0144921832487036,-0.4702413270065467,0.9216169558044792
2018-09-25,0.0119507617605889,0.0055750632720446,-0.0052581451231381,-0.0217451683352046,0.0038339174492361,-0.037541034565464,-0.0367123264192974,1.0073591604778769,0.9977986299930864,0.9847931785518278,564.0703188959161,561.2760807422575,2.7942381536586254,6.454651587168522,-3.660413433509897,50.36097183548911,0.0079176449675952,0.0118056907167427,0.0153599883274222,0.0406306207883584,-0.0039660005841697,-0.0383633529437611,0.8408363670636558
2018-09-26,-0.0011769208646689,0.0119507617605889,0.0055750632720446,-0.007137681786812,0.0281395279197667,-0.0035434751293907,-0.0310492121297827,1.0186737540884687,1.0150299428458165,1.0030478272516394,565.3053408235877,562.0777015336296,3.22763928995812,5.809249127726442,-2.5816098377683225,52.26237141476363,0.0091090641163713,0.0123095704305513,0.0156732361253653,0.0214159374552249,0.0100080007542798,-0.3415527898079449,0.5655864764487358
2018-09-27,0.0169022757578365,-0.0011769208646689,0.0119507617605889,-0.0052581451231381,0.0355151566209155,0.0129676094533741,-0.0494693505561768,1.0134916371780762,1.0156138961140395,1.007566262452651,566.5156425808964,562.8995238086269,3.616118772269488,5.370623056635052,-1.7545042843655638,56.815276658128994,0.0073771640507068,0.0112599328230114,0.0147647847090703,0.020339042611136,-0.0009960407301192,0.6897046033969583,0.9634607060544064
2018-09-28,0.0018778966064396,0.0169022757578365,-0.0011769208646689,0.0055750632720446,0.0332238041479997,0.0043512263986127,-0.0280095574155695,1.0102798716517687,1.0185664905710878,1.01241625588904,567.8351448340758,563.8027003581036,4.03244447597217,5.102987340502476,-1.0705428645303057,48.96116666438861,0.0075516091620475,0.010672290426697,0.0142953805695104,0.0193967214423123,-0.0015477507491851,0.0244499802329856,1.15113261772634
2018-10-01,0.0033499612122644,0.0018778966064396,0.0169022757578365,0.0119507617605889,-0.0002841254495131,-0.0171168571078823,-0.0335439193128193,0.9892537086173314,0.9990469432173728,0.992998136840115,567.105398994218,563.7500408408366,3.3553581533814167,4.753461503078264,-1.3981033496968474,36.60765956278779,0.0135762883012185,0.0126284129431314,0.0146340721443228,0.0435983366458205,-0.0206727030430207,-0.3377876100202667,0.8088781709356313
2018-10-03,-0.020867273156042,0.0033499612122644,0.0018778966064396,-0.0011769208646689,-0.0207216589130819,-0.0169671865935299,-0.0294367103416003,0.9718704971431724,0.9791232209014392,0.9729866847958294,564.6170533556844,562.8004935447561,1.816559810928311,4.166081164648274,-2.349521353719963,35.8200503590413,0.0167301057727816,0.0126021390642197,0.0143001723029976,0.0328188604697125,-0.0198455504039539,0.0059844354924838,0.8579833539160571
2018-10-04,-0.0215962026062856,-0.020867273156042,0.0033499612122644,0.0169022757578365,-0.1032044051302146,-0.0779690004500525,-0.0869706892753847,0.92430918876081,0.9188941226225852,0.9100215757239024,556.6844192456754,559.115637107413,-2.4312178617376503,2.846621359371089,-5.27783922110874,26.30823932830353,0.0291397878707222,0.0247732442734952,0.0207422256270633,0.0752060578460917,-0.0565363755020001,2.146777885284481,1.9407266803386611
2018-10-05,-0.068749462690562,-0.0215962026062856,-0.020867273156042,0.0018778966064396,-0.1634296877121412,-0.1337187620468296,-0.1554813231882152,0.8940307184679626,0.8703318840875375,0.8572135000378094,544.8097288824584,553.218103387217,-8.408374504758513,0.5956221865451687,-9.003996691303682,16.310981434165086,0.0312768390069399,0.0306839750900633,0.0244947513751558,0.0735567555980787,-0.0460664149917005,-0.0546798509995389,1.546647327374835
2018-10-08,-0.0654043021252236,-0.068749462690562,-0.0215962026062856,0.0033499612122644,-0.1180889322941264,-0.088788491704713,-0.0958435087044304,0.9702132324906496,0.9289084590077415,0.911078685415626,539.02059503696,549.8079000908838,-10.787305053923774,-1.68096326154862,-9.106341792375154,30.15325625299303,0.0510194873688693,0.0379240759054738,0.0285412431225136,0.0824319408186368,0.0565714031050929,0.1246964577465932,1.459555501745757
2018-10-09,0.0577299033663032,-0.0654043021252236,-0.068749462690562,-0.020867273156042,-0.1150036268266372,-0.1152550768189826,-0.1358410716166278,0.9775093792182418,0.9236890250635168,0.9015309028978228,532.7611493386657,545.9950332691922,-13.233883930526416,-3.9915473953441793,-9.242336535182238,30.825690804864777,0.0510912823825011,0.0372881713080538,0.0275975913765588,0.0386220816851061,-0.0281727517253676,-0.5546413807055355,0.6230636684689536
2018-10-10,-0.017441844372857,0.0577299033663032,-0.0654043021252236,-0.0215962026062856,-0.0854700338648967,-0.1044206118889407,-0.1380415886541351,1.0069162207338176,0.9441810298941066,0.9181986103780098,528.3122106859023,542.8726639970819,-14.560453311179572,-6.1053285785112585,-8.455124732668313,33.91134956147501,0.0533662708852321,0.0378619850468207,0.0275023442567133,0.0286271976093901,0.0074961452885256,-0.1354738924644596,0.5259792292047455
2018-10-11,0.0110545295100896,-0.017441844372857,0.0577299033663032,-0.068749462690562,-0.0306972180941653,-0.1307335350918193,-0.1338137591910347,1.000147115577238,0.945177474682207,0.9126738809627868,523.5419586588043,539.4973238869103,-15.95536522810596,-8.0753359084302,-7.880029319675762,33.17827778008136,0.0448860842881545,0.0366345801332101,0.0274241504838028,0.0659587747915723,0.0223684099082919,0.391699355798027,0.8230112899264932
2018-10-12,-0.0129752223646751,0.0110545295100896,-0.017441844372857,-0.0654043021252236,0.0740811244953847,-0.1014556182584014,-0.0898036456394528,1.0211841895403828,0.9897862727443748,0.9496132920697224,522.2310037810075,537.6842444844077,-15.453240703400184,-9.550916867424196,-5.902323835975986,38.55830647450357,0.0320217650502914,0.0396206136013915,0.0289325472567818,0.0240557115938422,0.0195483821506718,-0.3150016754597333,0.6714452250029102
2018-10-15,0.0356223224162877,-0.0129752223646751,0.0110545295100896,0.0577299033663032,0.0273571319489898,-0.0939623748476223,-0.090020000014923,1.0274960538998554,1.0118923535846234,0.965327417794662,522.0501353357324,536.4524751808752,-14.40233984514282,-10.52120146296792,-3.881138382174898,38.34889461058833,0.0214736896033708,0.0400185276469345,0.028925486495908,0.0252248133442177,0.0087176327796887,-0.0206169937532703,0.858871663913449
2018-10-16,0.0117172112205354,0.0356223224162877,-0.0129752223646751,-0.017441844372857,0.0676574757883243,-0.0551270061359056,-0.0713002621569743,1.0354092876728995,1.0395109292742084,0.9894408022393292,523.5886117354034,536.126383088484,-12.53777135308053,-10.924515440990444,-1.6132559120900858,42.02293128649377,0.0177276533995313,0.0408385668599904,0.0294671246680281,0.0235435799773571,0.0155323088823869,-0.1570345313606937,0.7768318590814887
2018-10-17,0.0211011610558358,0.0117172112205354,0.0356223224162877,0.0110545295100896,0.0446420454018912,-0.0446435455953033,-0.0608532568205211,1.0153989944239077,1.0333113465909711,0.9819273654706472,524.0112302875289,535.401142291131,-11.389912003602149,-11.017594753512784,-0.3723172500893632,37.80458844288064,0.0208276285227108,0.0404880467456693,0.0292056414876912,0.0341787651230946,-0.0234944958431482,0.7096307397492132,1.2432868036079407
2018-10-19,-0.0107407144408279,0.0211011610558358,0.0117172112205354,-0.0129752223646751,0.0124103222510907,-0.0186678582118352,-0.0951813444165676,0.9689935802812084,0.9902975124816146,0.9439464576280664,520.8521633081975,533.0364128563713,-12.18424954817374,-11.250925712444976,-0.9333238357287624,33.358807750635194,0.0308716275935211,0.0365785373064553,0.0305889970091555,0.0370017621589696,0.0011817844739225,0.988263199533796,1.9980283269177883
2018-10-22,-0.0434292037219763,-0.0107407144408279,0.0211011610558358,0.0356223224162877,-0.0567218331140896,0.0131572742007639,-0.1223208622641026,0.9456200560696978,0.9543588910299964,0.9166366602408909,515.4607275393282,529.5379993714954,-14.077271832167185,-11.81619493638942,-2.261076895777766,30.172593384451133,0.0281887409674614,0.0315899977754766,0.0313442220482985,0.0540629216083396,-0.0426576444434342,-0.4821044296254012,0.972017043825399
2018-10-23,-0.0350948578804728,-0.0434292037219763,-0.0107407144408279,0.0117172112205354,-0.0746216075936067,-0.049305908809801,-0.1337166032391616,0.9529704236317572,0.9518953235821218,0.9162122570338224,510.3395956657897,526.0295083337052,-15.68991266791545,-12.590938482694623,-3.098974185220825,31.336994044950277,0.0254455613896652,0.0247389329403252,0.0312255435229016,0.0199582819009058,0.0018523021728026,-0.1968632906942399,0.7615245557080759
2018-10-24,-0.0074812718501363,-0.0350948578804728,-0.0434292037219763,0.0211011610558358,-0.101434982300902,-0.0406403413716901,-0.151211412523929,0.9654800041908308,0.947606411250864,0.9158483757013616,505.37684649785575,522.4778207589284,-17.100974261072622,-13.492945638370228,-3.608028622702395,32.54846904236304,0.01692879712506,0.024388718940473,0.0309165473387336,0.0426010013416502,-0.0271187739563535,0.2914399313930289,0.9031130374503455
2018-10-25,-0.00848583629586,-0.0074812718501363,-0.0350948578804728,-0.0107407144408279,-0.1046643218291263,-0.0646947058342891,-0.1623598569540384,0.973334319327236,0.9401334954855818,0.9107233798661548,500.1261117001087,518.6829503554892,-18.55683865538049,-14.50572424177228,-4.051114413608207,38.23491827065769,0.0164557710688716,0.0239789750496426,0.030909937903588,0.0235254591685541,-0.0050193550490559,0.032287736586541,0.9163864743202328
2018-10-26,-0.0142959987570363,-0.00848583629586,-0.0074812718501363,-0.0434292037219763,-0.0512121995322568,-0.0394374371805485,-0.1650151766947931,0.9972703431631578,0.9567366867255792,0.9316799070496644,496.6748814746112,515.6466662724437,-18.97178479783247,-15.39893635298432,-3.57284844484815,49.40033098186897,0.0174424825195458,0.0246399206536784,0.0307794024208254,0.0334960322104678,0.0116177672185017,-0.3485770044320976,0.7567240369079724
2018-10-29,0.0136786949520988,-0.0142959987570363,-0.00848583629586,-0.0350948578804728,0.0236672629999301,-0.0343970206563088,-0.1323628679177774,1.033254510550975,0.9995635418880944,0.9771609699456442,496.77191086463495,514.2880667344675,-17.516155869832573,-15.822380256353972,-1.6937756134786015,46.53513373556906,0.0228326972191872,0.0256439957029617,0.0326650908823558,0.0439878375344085,0.0399617678312817,-0.1645289765728084,0.6951654042471117
2018-10-30,0.0410566044389566,0.0136786949520988,-0.0142959987570363,-0.0074812718501363,0.0021807159393911,-0.0726036201833179,-0.1597439864559809,1.0035604334732844,0.9787037239919508,0.9581413948061852,494.6877481955565,511.9870879775162,-17.29933978195976,-16.11777216147513,-1.1815676204846284,44.88627901226356,0.027148531131706,0.026176066029218,0.032925666402308,0.0315989100126359,-0.0262551707266857,0.1479304686817968,0.8244014857182776
2018-10-31,-0.0283140181258759,0.0410566044389566,0.0136786949520988,-0.00848583629586,0.0148218582385482,-0.0881165789904475,-0.1383859819356717,1.0046385955838233,0.9920588320031783,0.9694835127980524,493.2231385723218,510.0004729898877,-16.777334417565896,-16.249684612693287,-0.5276498048726097,43.52306555415353,0.0266591365339981,0.024636096121271,0.0328898550553408,0.0177620701198605,0.0021246483923121,0.8687691253815213,1.463815409468668
2018-11-01,0.0040207620009005,-0.0283140181258759,0.0410566044389566,-0.0142959987570363,0.0246895703512746,-0.0825588686149204,-0.123516693594917,0.9951104045258132,0.99623668880898,0.9715211900798052,491.6321877162435,507.99169410232656,-16.35950638608307,-16.27164896737124,-0.0878574187118275,44.84560918224528,0.0253987501314435,0.0246600427059163,0.0327090139841964,0.0169467049263998,-0.0109092627530708,-0.4290798822245336,0.911972849548906
2018-11-02,-0.0047114167600433,0.0040207620009005,-0.0283140181258759,0.0136786949520988,0.028710893878304,-0.0239716536799979,-0.0421920124598317,1.006988671520419,1.0163577792045568,0.9908327763365928,491.5977144633238,506.7632805815813,-15.16556611825746,-16.050432397548484,0.8848662792910247,40.968705462974974,0.0257921178412652,0.0224605702623036,0.0295460706220552,0.0166062193847264,0.007403912734367,0.787585331638313,1.420315153815371
2018-11-05,0.0176568070582483,-0.0047114167600433,0.0040207620009005,0.0410566044389566,0.0022982123698944,0.0260198677664125,0.0395194925020465,1.0209375213735017,1.0282308583493067,1.0031120212272466,492.6516793656009,506.1473698961401,-13.49569053053915,-15.539484024146615,2.043793493607467,41.41940484806141,0.0184071771238735,0.0196831014364117,0.0256218249690945,0.0254058614499582,0.0156970388178653,-0.5485575342575373,0.6421602941165198
2018-11-06,0.014326940459598,0.0176568070582483,-0.0047114167600433,-0.0283140181258759,0.0445600667714518,0.0468379555587117,-0.0047773412167044,1.0248199536126477,1.0364168212947351,1.0160562059739005,494.5140956561094,506.0444080707894,-11.530312414679996,-14.737649702253291,3.207337287573296,39.25872350688032,0.0090728457085135,0.0195503125841549,0.0222447691255751,0.0184766041370286,0.0092322175182034,0.1387069321812708,0.7333743421157269
2018-11-07,0.0126570730954695,0.014326940459598,0.0176568070582483,0.0040207620009005,0.0465959884961471,0.0621084858706701,0.0189440344311171,1.0215681510351755,1.0362940588433929,1.0211595861196885,496.5541822018041,506.1725747472587,-9.618392545454585,-13.713798270893552,4.095405725438969,42.53675629669697,0.0088552761105987,0.0189885163780763,0.0218921273497159,0.0074727323430351,-0.0038565120789004,-0.8512905392400968,0.14693392278798
2018-11-09,0.0059776697426643,0.0126570730954695,0.014326940459598,-0.0047114167600433,0.0352189422587618,0.0607780531626316,-0.0078486709421948,0.9988672549353512,1.014270934692482,1.005700138780294,497.06716183301694,505.7070914181793,-8.63992958516235,-12.699024533747313,4.0590949485849634,48.3594610143898,0.0133034886478903,0.0191400478322449,0.022066591591558,0.0263386345638078,-0.0115706532751616,7.442747077813529,1.2008281054501309
2018-11-12,-0.0155307246453462,0.0059776697426643,0.0126570730954695,0.0176568070582483,0.0047446163664051,0.0335917324216983,-0.0071704765960167,0.985662246986357,0.9985437701094132,0.993685931209042,496.5552376342475,504.8206146124634,-8.265376978215954,-11.812295022641042,3.5469180444250874,54.05278553964372,0.0140395646864958,0.0197477993731856,0.0220464791737641,0.0224536819989985,-0.0161246508228069,-0.4648087778612366,0.8496216520055396
2018-11-13,-0.0123005323208029,-0.0155307246453462,0.0059776697426643,0.014326940459598,0.0083921911008035,0.0107096905080963,-0.0240557115938422,1.0017402788460357,1.0154330902881772,1.0128442406815994,497.49005665656273,504.65846251371033,-7.168405857147604,-10.883517189542356,3.71511133239475,59.92019145054687,0.0149770028987383,0.0158322538700772,0.0208632722699478,0.0299695250175908,0.0236964694900776,0.1740652340588828,1.020554528177636
2018-11-14,0.018009302385378,-0.0123005323208029,-0.0155307246453462,0.0126570730954695,-0.0055701700555446,0.0387416895663037,-0.036674717531546,1.0014959333118678,1.010226946606227,1.0134135696504332,498.17555575266846,504.4575246076022,-6.281968854933723,-9.963207522620628,3.681238667686905,61.96698000019583,0.0136840187868654,0.012110299890217,0.020647233610442,0.0247278656789738,-0.0064250466696479,0.143275083015629,1.1971493609218862
2018-11-15,-0.0013643403058524,0.018009302385378,-0.0123005323208029,0.0059776697426643,-0.012469559029639,0.0335453980374107,-0.0575270866689662,1.0030268904263175,1.0059199001646992,1.015536056751861,498.6782290413205,504.2342214610321,-5.555992419711629,-9.081764502038828,3.525772082327199,66.16892480174866,0.0131338918586076,0.0122073085093824,0.0199442000748026,0.0150430745452483,-9.115925607220063e-05,-0.1227333881793877,0.8971884467475789
2018-11-16,-0.0010018385482277,-0.0013643403058524,0.018009302385378,-0.0155307246453462,0.0310485467097525,0.0673609859423034,-0.020759129460799,1.024601724487457,1.027234396056042,1.0449774299090204,501.2522496184971,505.0620097078422,-3.809760089345105,-8.027363619500083,4.217603530154978,68.69054316461899,0.0162760364049888,0.0140201600477381,0.0209727340454451,0.0291378366449889,0.0268227406041916,0.6147992630722467,1.4415313859663643
2018-11-19,0.0278524828433957,-0.0010018385482277,-0.0013643403058524,-0.0123005323208029,0.0648148840638411,0.0698670221899622,0.0442205404503737,1.0320102872438652,1.0407051805871854,1.0635248388463567,505.01980090916106,506.593811433766,-1.574010524604887,-6.736693000521044,5.1626824759161565,65.51897236479944,0.0132031999572838,0.0142475094836703,0.0188875114829677,0.017999950311978,0.0150940474539231,-0.3374678463600538,0.9188661946544954
2018-11-20,0.0200461438241157,0.0278524828433957,-0.0010018385482277,0.018009302385378,0.034517245082962,0.043199111500775,0.0703430144360643,1.013797762306459,1.0249339915276434,1.0482490417415908,507.32152662566034,507.5854563695171,-0.2639297438567496,-5.442140349188184,5.178210605331435,72.0636586193328,0.0162897321026627,0.015000139614069,0.0170518683807019,0.0227712874040319,-0.0066375981703054,-0.2174147247105783,0.7393866216740429
2018-11-21,-0.0109565571123179,0.0200461438241157,0.0278524828433957,-0.0013643403058524,0.013616261424048,0.0079702464768507,0.0551815120858372,0.9893235507638588,1.0020619011767833,1.0229259594794369,507.5459726871573,507.6739726403225,-0.1279999531652151,-4.379312269983591,4.251312316818376,62.75622867268376,0.02074352698726,0.0166954229815158,0.0178034423987854,0.0345494108375279,-0.0216264023573382,0.3125772480666005,0.977571451972095
2018-11-22,-0.0215403863830759,-0.0109565571123179,0.0200461438241157,-0.0010018385482277,0.0054701757294408,-0.007067593979359,0.0546019343305044,0.9793448087623132,0.9937152121552496,1.0110353433695694,507.0290404408158,507.4155978585162,-0.3865574177004305,-3.5807612995269587,3.194203881826528,61.22891225180478,0.0214188786168812,0.0168638829682219,0.0178220821827542,0.0228952391005863,-0.0104531194465445,-0.2284612191059408,0.7752127406970704
2018-11-26,-0.0090304435949818,-0.0215403863830759,-0.0109565571123179,0.0278524828433957,-0.0156555173938154,0.0149069482528698,0.076591016708907,0.9885709633883596,0.998465964481064,1.0136924924721673,507.07693614974073,507.4100248726134,-0.3330887228726737,-2.931226784196102,2.598138061323428,58.90165801624598,0.0162804852025718,0.0161084311683025,0.0173705349592182,0.018112152229997,0.0006762656460542,0.1025431252575352,0.9760654693376272
2018-11-27,0.0062565204243478,-0.0090304435949818,-0.0215403863830759,0.0200461438241157,-0.0189565608273102,0.0446296559442596,0.07972057582651,1.0089249067057815,1.0106828457237864,1.0266396701421898,508.415112965045,508.02965898939897,0.3854539756461008,-2.2678906322276613,2.653344607873762,59.53218652098144,0.0150963530367979,0.0159317006050779,0.0174705906764695,0.0217602972808932,0.0183229734138748,0.0663380404388787,1.056928641989306
2018-11-28,0.016625373266214,0.0062565204243478,-0.0090304435949818,-0.0109565571123179,0.013407800507291,0.0483878459263868,0.0596157552887082,1.0279861582802885,1.027688273074416,1.045802961412848,511.2670678664565,509.431374606793,1.835693259663401,-1.447173853849449,3.28286711351285,61.589876761348926,0.0179697254031219,0.0163145238926694,0.0157597179738109,0.0272849259201989,0.0178375137286007,0.175285821798212,1.1599568719372844
2018-11-29,0.0216717222105924,0.016625373266214,0.0062565204243478,-0.0215403863830759,0.0499596412295146,0.0642561661891953,0.1054872481987219,1.0318883404009207,1.035307702022907,1.0548480801505278,514.7950441291891,511.26600712289866,3.52903700629048,-0.4519316818214632,3.9809686881119433,63.21445860506402,0.0119400609196742,0.0163742931428513,0.0140751232763333,0.0170303513984585,0.0064599940801307,0.5787388354576948,1.5942888184627937
2018-11-30,0.0137509345759212,0.0216717222105924,0.016625373266214,-0.0090304435949818,0.0586662053593802,0.0644572955415163,0.1001649392142822,1.0194005163795985,1.02802627384927,1.04895749566515,517.7134354019821,512.9325686250797,4.780866776902371,0.5946280099233037,4.186238766979068,68.30532030888756,0.0088586844129257,0.0163649584709752,0.0141363746540036,0.0202989091500376,-0.0040518054381747,-0.1518435577053392,1.2027382844741163
2018-12-03,-0.0008130420351644,0.0137509345759212,0.0216717222105924,0.0062565204243478,0.0420816132595396,0.0257672864373796,0.0948639821991628,1.0015415913549897,1.0156548867669637,1.0343293703043586,519.402147413456,514.0997904659303,5.302356947525709,1.5361737974437848,3.766183150081925,69.10772924920511,0.0130187890764624,0.0151383724547202,0.0143467175442876,0.0228285241220966,-0.0157034139476914,-0.4803261174279361,0.6367067492292539
2018-12-04,-0.0095070449511783,-0.0008130420351644,0.0137509345759212,0.016625373266214,0.0213614432068127,0.0019999428819934,0.0720066951256706,0.99379895606453,1.011805691012754,1.0270625338934076,520.5391686797752,515.0400123310118,5.499156348763449,2.328770307707718,3.1703860410557314,64.30308598996186,0.0129431948726799,0.0139163477349598,0.0141168301043786,0.0137116637950321,-0.0049222549124839,-0.067644819653898,0.6164324281471928
2018-12-05,-0.0035886390970829,-0.0095070449511783,-0.0008130420351644,0.0216717222105924,0.0021688531834074,0.0156057332415111,0.0594789985526376,0.9958275081535252,1.0127297718338195,1.02663570230213,521.7017124405791,516.0071005379739,5.694611902605175,3.0019386266872097,2.692673275917965,65.36806008910062,0.0086321546709642,0.0133471305016718,0.0138887405586825,0.0168810215063705,0.0099671621065744,0.1207036532285328,0.7286246166406085
2018-12-06,0.0024733016775744,-0.0035886390970829,-0.0095070449511783,0.0137509345759212,-0.0383825307932815,0.00965953296832,0.0177067683037794,0.9762211314102194,0.9841859743805452,0.9977734507309836,520.4699116534467,515.835834373992,4.634077279454687,3.3283663572407054,1.305710922213981,56.1893820546215,0.0117689884772507,0.0145232402895603,0.0152299046326251,0.0273661036414828,-0.0220625579883468,0.0079885251558964,0.8843669421347709
2018-12-07,-0.0272691023910349,0.0024733016775744,-0.0035886390970829,-0.0008130420351644,-0.028906717845986,0.0280636400679759,0.0207977036750335,0.9908500309445056,0.990391299833332,1.005754806345452,520.1414952572434,516.0209729446685,4.120522312574849,3.486797548307534,0.6337247642673143,51.63180787987182,0.0138565465404776,0.0142499634687121,0.015297760151723,0.0252248950944867,0.0038513812701969,0.2297895226346575,1.2160386755559132
2018-12-10,0.009032981998553,-0.0272691023910349,0.0024733016775744,-0.0095070449511783,-0.0572441906992541,-0.0175715053340759,-0.0029264946019461,0.9639443823989884,0.9539747113696035,0.9672604236929336,516.8005927041459,514.7176141089234,2.082978595222471,3.206033757690522,-1.123055162468051,36.23587998281409,0.0203241140297251,0.0192066549202049,0.0173305460270466,0.0286172690608876,-0.0177927667056726,0.3004494808106268,1.401310820916834
2018-12-11,-0.0384106196549293,0.009032981998553,-0.0272691023910349,-0.0035886390970829,-0.0475136464915368,-0.0271671633458017,0.0162500314453533,0.9798853669320794,0.9629447573076442,0.9729794376931528,514.4871075886042,513.7580085788643,0.7290990097399117,2.7106468081004,-1.9815477983604883,40.59031481943845,0.0217984922232968,0.0183992367085188,0.0171406202132596,0.0429137547738175,0.0295966562997933,0.438426900894846,1.6151212545439757
2018-12-12,0.0066957046329534,-0.0384106196549293,0.009032981998553,0.0024733016775744,-0.0386529855576307,-0.0365679650249982,0.0100504358439175,0.9994149890993372,0.9779229469612298,0.9839776549676408,513.4403568117516,513.3080247981383,0.1323320136133361,2.194983849202988,-2.0626518355896515,49.40059931732375,0.0234174439116616,0.0171766169418326,0.0168693531768956,0.0231877538055961,0.0104640638445471,-0.0658952474589964,1.2978744794314925
2018-12-13,0.0117989744168631,0.0066957046329534,-0.0384106196549293,-0.0272691023910349,-0.0147733366094847,-0.0525888293554333,0.0082881802750041,0.9992959288786336,0.9801890319245528,0.9805254414393552,512.3119970047754,512.77454281801,-0.4625458132345557,1.663477916715479,-2.126023729950034,51.084715303178285,0.0206853099264409,0.016078443521107,0.0168847195523095,0.0297637819205187,-0.0185726978737384,-0.2624196486398523,0.894108429613445
2018-12-14,-0.003106680282312,0.0117989744168631,0.0066957046329534,0.009032981998553,-0.0190509660162186,-0.0474069829628805,0.0139945866670658,1.0078748652112337,0.9895986140085784,0.9844176486378696,511.7194464965288,512.4549780686145,-0.7355315720857902,1.1836760189552251,-1.9192075910410156,50.63851952267091,0.02014460494796,0.0163375352073776,0.0169047059772313,0.0207696538148951,0.00824948567039,-0.2233062689077076,0.6943516432187186
2018-12-17,0.0046519909875022,-0.003106680282312,0.0117989744168631,-0.0384106196549293,0.0363677475419887,-0.0229582854328613,0.0022174282876585,1.016609054721696,1.00772804976861,0.999973403177778,512.4629541268705,512.7584794038098,-0.2955252769393155,0.887835759776317,-1.1833610367156324,50.44478118288809,0.0072468048342101,0.0174503111465809,0.0160915971074751,0.0190282224484568,0.0125005024702394,-0.2986941366945234,0.5310409948265152
2018-12-18,0.0159143703127337,0.0046519909875022,-0.003106680282312,0.0066957046329534,0.0353970448920091,-0.0137984442773717,-0.0118260974957933,1.0153590871677531,1.0149645970021726,1.0063316623462184,513.5492480682894,513.2596190587938,0.2896290094956839,0.7681944097201904,-0.4785654002245064,45.307530327411904,0.0072751251331714,0.0176158179214458,0.0154708446716994,0.0162794842360893,0.0116620910254479,0.1592642198374736,0.7327749086068008
2018-12-19,0.005752793981278,0.0159143703127337,0.0046519909875022,0.0117989744168631,0.0236830722051599,-0.0158853348003772,-0.0005275038562128,1.0109651855403616,1.0169885929707894,1.006712613515681,514.496552376894,513.7371825414178,0.75936983547615,0.7664294948713823,-0.0070596593952323,39.949246743791285,0.0071889063328612,0.0175787783450943,0.0152731808600037,0.0124032355143205,-0.0041173888568748,0.2551336653793796,1.0580384723455902
2018-12-20,0.0003519786876668,0.005752793981278,0.0159143703127337,-0.003106680282312,0.0193307051906761,0.0042717895665107,0.0139725860269821,0.9997342623352716,1.0090853511561464,0.9986305729179492,514.7108372876603,513.8966063751554,0.8142309125048541,0.7759897783980767,0.0382411341067774,38.15868423265772,0.0084761302731178,0.015311217470898,0.0145269084911227,0.0144889008145917,0.0066459604915316,-0.2176838187417761,0.9211737338761176
2018-12-21,-0.0073451459945096,0.0003519786876668,0.005752793981278,0.0046519909875022,-0.0107894188610672,-0.0296348360252289,-0.0024028573289387,0.976783402209008,0.986788401894518,0.9737446407119312,512.9052355925636,513.0875559969611,-0.182320404397501,0.5843277418389612,-0.7666481462364623,34.567867320103446,0.0153760377353825,0.0169158931340046,0.0155045183562594,0.0320396256012662,-0.0220444099500502,0.4366570180099447,1.2800227992800484
2018-12-24,-0.0250343928752442,-0.0073451459945096,0.0003519786876668,0.0159143703127337,-0.0360651158569957,-0.0010089753435668,-0.0185627514620113,0.9740207128910948,0.9769738413325476,0.9648442602943283,510.6002346540442,511.964235515126,-1.364000861081763,0.1946620212548163,-1.5586628823365791,33.306876476948986,0.0117362678535458,0.0119413381255208,0.0155862589953578,0.015287143878756,-0.0106730846657812,-0.4995696025582952,0.6593082860826968
2018-12-26,-0.0100436453893119,-0.0250343928752442,-0.0073451459945096,0.005752793981278,-0.033482971268741,0.0007288753861507,-0.0264580894363253,0.9889788088712124,0.985155605589649,0.974282417216544,509.2969158010182,511.2356745221074,-1.9387587210891863,-0.2320221272139842,-1.7067365938752024,35.47313285552826,0.0125190235918786,0.0120632567614582,0.0152071495495389,0.031274204205825,0.0115582757091773,0.739654526554143,1.1000983805572564
2018-12-27,0.008446958469795,-0.0100436453893119,-0.0250343928752442,0.0003519786876668,-0.01460244571999,0.0087347957088115,-0.0281525830201671,1.0116773371096346,1.003880347442168,0.995096433557139,509.730888264924,511.3010124698332,-1.5701242049091777,-0.4996425427530229,-1.0704816621561546,49.07180391579355,0.017385213909069,0.0131547857254359,0.0150707945792046,0.0205320589135117,0.0117412960999386,0.7306376886009829,1.647075215415466
2018-12-28,0.0198934565198261,0.008446958469795,-0.0100436453893119,-0.0073451459945096,-0.002569941644507,0.0167110847618818,-0.0367565609784382,1.0170418302320747,1.00700534153791,1.0017600172808327,510.4743821676761,511.5426855189428,-1.0683033512667066,-0.6133747044557597,-0.4549286468109469,47.72163323877316,0.0174408764807543,0.0131209424222903,0.0147282203127813,0.0124828452508181,4.448274573603227e-05,-0.3856374578340228,0.9635381654337616
2018-12-31,0.0047759756020382,0.0198934565198261,0.008446958469795,-0.0250343928752442,0.0191328853877439,0.0081370338122075,-0.0396557013739767,1.009316781009966,1.002346629628163,0.9999933082955632,510.8010584988509,511.6208405412665,-0.819782042415568,-0.6546561720477213,-0.1651258703678466,60.93088067412823,0.0115244286407156,0.0131851415687714,0.0147333244310391,0.0157413874687113,-0.0085768517435309,-0.0578134766238243,0.9326640823235626
2019-01-01,-0.0038203641254903,0.0047759756020382,0.0198934565198261,-0.0100436453893119,0.029242951000286,-0.0078768152725354,-0.030654262532068,1.0033384593257924,1.0029210325054585,1.0013532503335425,511.0598894178979,511.684738239888,-0.6248488219900423,-0.6486947020361855,0.0238458800461431,58.70126730519061,0.0091584336123129,0.0120833739358963,0.0146274698535946,0.0153434830035125,-0.0037770086551801,-0.3830869722381004,0.5707836040240465
2019-01-02,-0.0002230186171131,-0.0038203641254903,0.0047759756020382,0.008446958469795,0.0073292097753752,-0.0263991652136972,-0.0398333420808986,0.9888460204298472,0.9925229081992608,0.9903418612665992,510.252040031791,511.2494886227261,-0.9974485909351074,-0.7184454798159698,-0.2790031111191375,48.49708637513941,0.0121580342565902,0.0124192307977843,0.0148504424325753,0.0234996918430259,-0.0072678055876231,0.6035033503750511,0.916782201887893
2019-01-03,-0.0130240126604695,-0.0002230186171131,-0.0038203641254903,0.0198934565198261,-0.0245045102595935,-0.0387491301986229,-0.0540189220925716,0.9814620343842204,0.9841668819136542,0.9808629714159232,508.6084250238953,510.3842333529293,-1.775808329034021,-0.92991804965958,-0.8458902793744408,45.122788611977775,0.0077132073382343,0.012728265440522,0.0149882372039611,0.0224204700076274,-0.0133182663693053,0.0421957053949952,1.0971288694581234
2019-01-04,-0.0123373201173258,-0.0130240126604695,-0.0002230186171131,0.0047759756020382,-0.0238994568601796,-0.0264079782952206,-0.0222489980548641,0.9915524106057292,0.9921433942982412,0.9872665661676958,507.6326378056758,509.7828685197841,-2.150230714108261,-1.1739805825493164,-0.9762501315589448,45.40210123645053,0.0079116607032526,0.0129773625285095,0.0139068392719397,0.0212533583469344,0.0011390234545156,0.1368011872580585,1.2185236796628267
2019-01-07,0.0053991902925021,-0.0123373201173258,-0.0130240126604695,-0.0038203641254903,-0.0147157161564783,0.004135615120645,-0.0256217791805476,1.0000362196507546,0.997242306780099,0.9940456285876283,507.236006591281,509.4326215858823,-2.196614994601248,-1.3785074649597029,-0.8181075296415452,40.7366756900956,0.0092065079450869,0.010462153958258,0.0137955940233242,0.0157954617345755,-0.00203252265392,-0.3486748931118031,0.8347306429822594
2019-01-08,0.0055522927534317,0.0053991902925021,-0.0123373201173258,-0.0002230186171131,-0.0145851339285554,0.0142313047149251,0.0132079703357943,1.0029143683745092,0.995758809383578,0.9933121345961304,506.8933624357113,509.1049325484153,-2.2115701127040097,-1.545119994508564,-0.6664501181954456,37.7270904604847,0.0092164209161764,0.0098044273915415,0.0106614317586071,0.0126284367253844,-0.0004071913581925,0.0202398947288995,0.8225042811117382
2019-01-09,-9.051563518625017e-05,0.0055522927534317,0.0053991902925021,-0.0130240126604695,0.00393161841388,0.0112896438453673,0.0120267479750353,1.0076566238003914,1.000139542817195,0.9982048669400292,507.0324629639312,509.008086868469,-1.9756239045378263,-1.6312207765144169,-0.3444031280234099,40.355403841714725,0.0077365464604878,0.0096145291102933,0.0106299377478781,0.0164753659498005,-0.0011241286967076,0.0251819086668991,0.8786276509082201
2019-01-10,0.0055220744290789,-9.051563518625017e-05,0.0055522927534317,-0.0123373201173258,0.013498036819125,-0.0113372362221869,-0.0027014689556789,1.0020266750790052,0.9983548541946784,0.9954183747084644,506.9215820557183,508.80835725306736,-1.8867751973490956,-1.6823316606813523,-0.2044435366677428,41.93918242447372,0.0039630473825472,0.0070383905678149,0.0103227238461428,0.0072235114557005,-0.0002256762574355,-0.292453439712604,0.692725403760473
2019-01-11,-0.0029259276821208,0.0055220744290789,-9.051563518625017e-05,0.0053991902925021,-0.0005461092269491,-0.0244325143732184,-0.0081297234299734,0.993584524925455,0.9922960510850054,0.9873240717717704,506.1631103722664,508.3034060575277,-2.140295685261208,-1.7739244655973236,-0.3663712196638842,49.03283577786933,0.0059718691885131,0.0070584847648661,0.0104764921284857,0.0229497889813631,-0.008622241577896,0.5841800034957356,1.1774085217667511
2019-01-14,-0.0085327292081892,-0.0029259276821208,0.0055220744290789,0.0055522927534317,-0.007196174270272,-0.0218059935687765,-0.0138463958635469,0.993883405615691,0.993361321070868,0.9868834233631528,505.4334125400548,507.7935296431101,-2.3601171030553587,-1.8911629930889309,-0.4689541099664278,53.774077647841466,0.0050719111664166,0.0070514972671757,0.0104106192631451,0.0128555780874546,0.0016438496795331,-0.3638855765517651,0.7892724115275758
2019-01-15,-0.0011383492191563,-0.0085327292081892,-0.0029259276821208,-9.051563518625017e-05,0.0226316219797415,0.0077164028135912,-0.0002211931384754,1.019033896294647,1.0223123402871062,1.0164527638682188,507.1264241925463,508.4338599126019,-1.3074357200555935,-1.7744175384822636,0.4669818184266698,62.520026146136416,0.0150461385289499,0.0124052533875848,0.011945676853062,0.023901235268256,0.0223077207471686,1.4473271247912511,1.650428295131522
2019-01-16,0.0299507630093314,-0.0011383492191563,-0.0085327292081892,0.0055220744290789,0.0226424349420406,0.0266630747700737,-0.0004399733595836,1.020043490957783,1.0252314363566852,1.0220994899914393,508.9985570992219,509.23841014766384,-0.2398530484419438,-1.4675046404741996,1.2276515920322555,57.17554541027962,0.0150463065577148,0.0114527013954446,0.0119402533822645,0.0128973050965111,0.0007930465975454,-0.3657104245993906,1.0261164667265694
2019-01-17,0.0055327064807855,0.0299507630093314,-0.0011383492191563,-0.0029259276821208,0.0243341153118201,0.0381606149153852,-0.0020672059190534,1.0138341499604269,1.0200833700786245,1.0209026741203984,510.48068450763486,509.9342601555337,0.5464243521012122,-1.0647188419591171,1.6111431940603294,54.2180185948923,0.0148575767550223,0.0103176610213233,0.0119436057025641,0.0157785915551965,-0.0087378057494159,0.1731513552237471,1.0849196153789598
2019-01-18,-0.0012765431291984,0.0055327064807855,0.0299507630093314,-0.0085327292081892,0.0785938186391141,0.0780047886026249,0.0495368615430629,1.0423505119582854,1.056808945632451,1.0631340534877458,515.244417089393,512.2683850543135,2.97603203507947,-0.2565686665513997,3.232600701630869,70.88021417779234,0.0204809102212734,0.0164032654054944,0.0153264566925782,0.0461434371686547,0.0309453247779106,2.4300572614683964,2.3901323983201115
2019-01-21,0.0439859940948113,-0.0012765431291984,0.0055327064807855,-0.0011383492191563,0.1284645482894559,0.1203439207421412,0.1249772320010851,1.062941706778589,1.0914654163924062,1.1042093307448095,523.0275495113374,516.2362660008112,6.791283510526228,1.153001768864126,5.638281741662102,78.57495913697291,0.0215384815550288,0.0201633526170837,0.0166468810818256,0.0414478530439709,0.0365996277666614,-0.1419400435434133,1.5377947756003385
2019-01-22,0.0450458199123122,0.0439859940948113,-0.0012765431291984,0.0299507630093314,0.0933916930218925,0.1181369204941538,0.1340494677227142,1.041872252096152,1.076824463351983,1.0948042683527717,529.4339274861557,519.8238763968737,9.61005108928191,2.8444116329476827,6.765639456334228,83.50247890645333,0.0241654696775319,0.0202994875570255,0.016333826549731,0.0221431314602103,0.0018655427422297,-0.248914686625007,1.0590925559849125
2019-01-23,-0.002060268350492,0.0450458199123122,0.0439859940948113,0.0055327064807855,0.0795844306166311,0.104028850851308,0.1164929433724295,1.018868579610358,1.0584463044810384,1.0808309744557318,534.2322629360019,522.8460416941539,11.386221241848034,4.552773554727753,6.833447687120281,85.64188442873532,0.0263994149916417,0.0210894951985896,0.0166033828610898,0.0181032653551362,-0.005675775735899,-0.4665862227725083,0.5477836882123055
2019-01-24,-0.0071650797051343,-0.002060268350492,0.0450458199123122,-0.0012765431291984,0.0996077212065564,0.1263657022921647,0.1135958282527089,1.0173382877499306,1.063850660785646,1.0933408802753866,539.7799417601507,526.3605701088809,13.419371651269785,6.32609317403616,7.093278477233625,86.7226441105069,0.0246630320234209,0.0206611053037472,0.0164941062797269,0.0265341219887224,0.0183264977474826,0.4899124665998604,0.762529391333769
2019-01-25,0.0172470011428105,-0.0071650797051343,-0.002060268350492,0.0439859940948113,0.0520539093864367,0.1347388435393255,0.1070143204347016,1.0060394668011503,1.0493736046536395,1.086335784932099,544.3721464833486,529.5656591719962,14.806487311352384,8.022172001499406,6.784315309852978,85.67822665141956,0.0214749369730135,0.0199605502313251,0.016561533390743,0.0235152214671557,-0.0035587773744098,-0.35000259074677,0.6184885362485725
2019-01-28,-0.0011623915963614,0.0172470011428105,-0.0071650797051343,0.0450458199123122,-0.0065847686626064,0.1210338702950171,0.0965886129289834,0.9940657581719228,1.0240702872924627,1.0669564900659982,547.1008757503334,531.976268619904,15.124607130429467,9.44265902728542,5.681948103144048,79.14140814745524,0.0114088330111292,0.0212273748149503,0.0169592821533649,0.0272864422224133,-0.0167533015491786,0.0021552083640754,0.7698197410625184
2019-01-29,-0.0132022459268948,-0.0011623915963614,0.0172470011428105,-0.002060268350492,-0.0198356229889152,0.0717035876198985,0.0799732841987446,0.982678426204657,1.0015718711387742,1.0464852366565425,548.0805017617004,533.5682816720755,14.51222008962486,10.456571239753307,4.055648849871552,71.99473376811002,0.013071654761375,0.0217276881135301,0.0175222330632781,0.0250279360659159,-0.0165312919007341,0.0886425064724998,0.9630561928914926
2019-01-30,-0.015371473567993,-0.0132022459268948,-0.0011623915963614,-0.0071650797051343,-0.0249531613133188,0.0526453861681068,0.0807121488058804,0.975388879232344,0.9843339410833792,1.0295886896563895,547.857930577208,534.5360970343291,13.321833542878837,11.029623700378416,2.29220984250042,68.46733243415122,0.0135876763758377,0.0225947549367156,0.0174883274945239,0.0283516792228,-0.0158848692560169,-0.1588538480028638,0.8268450200722248
2019-01-31,-0.0123487722301665,-0.015371473567993,-0.0132022459268948,0.0172470011428105,-0.0162731612759744,0.0817136274190555,0.1229924846037184,1.004370615215159,1.0025735869527266,1.0505904524718477,549.881590296099,536.4972541984529,13.384336097646155,11.500566179831964,1.88376991781419,74.7507740159963,0.0173669210627128,0.023363526650083,0.0177177090964797,0.0233875087906196,0.0209234745236629,0.2980024583586231,1.1449033260680397
2019-02-01,0.0263026727860324,-0.0123487722301665,-0.015371473567993,-0.0011623915963614,0.0031701076825125,0.0553890335670002,0.1377144320239227,1.0223703212709534,1.0157570168788812,1.0632239036000193,553.1975084957376,539.0852397092156,14.112268786522009,12.022906701169974,2.0893620853520343,77.12058212795495,0.0199810391869712,0.0201977312664112,0.0179393637499512,0.0223608453907932,0.0129253470005812,-0.0938978292002967,1.0218214380548825
2019-02-04,0.0185795403115187,0.0263026727860324,-0.0123487722301665,-0.0132022459268948,0.0498963471997455,0.0429830226337197,0.168499688844951,1.045373233406563,1.0445189232962613,1.0894314791918036,558.8834405570905,542.8682639451648,16.015176611925654,12.82136068332111,3.1938159286045438,77.75864581231357,0.0223642838111671,0.0177572545261311,0.018861948675099,0.0425284956216787,0.0352045588276859,0.2645589016433729,1.2091176562920685
2019-02-05,0.0327613926013778,0.0185795403115187,0.0263026727860324,-0.015371473567993,0.0668235769478851,0.0456624666798608,0.1691938103697403,1.0323727805071323,1.040297346993546,1.0814510563644886,563.7403244767929,546.3930729888679,17.347251487925064,13.7265388442419,3.620712643683163,77.3213841291684,0.0186895783637709,0.0176725985435207,0.0188490313438593,0.0199760491669151,-0.0003483389471256,-0.1977764545279372,0.969309006815537
2019-02-06,0.0005034585888246,0.0327613926013778,0.0185795403115187,-0.0123487722301665,0.0958016303619633,0.0684579155121434,0.1796083646458559,1.0284859547122327,1.0482712577528563,1.0880215586327349,569.1652279827671,550.2900451575165,18.87518282525059,14.75626764044364,4.11891518480695,79.09632034392894,0.0122914432901615,0.0173928133236615,0.0188930989722579,0.0178591880295722,0.0108003871384108,0.0052527905129153,0.9438224553091896
2019-02-07,0.014478728259347,0.0005034585888246,0.0327613926013778,0.0263026727860324,0.0515421880113355,0.0344302723973359,0.1651467802411008,1.0029457765187024,1.028854867292038,1.0634624812594988,572.3594221753222,553.2261522002468,19.133269975075336,15.63166810736998,3.5016018677053555,69.49092904198434,0.0182631126170414,0.0182236430206788,0.0194697439466361,0.0272008154471447,-0.0151497057484513,-0.0211821827626006,0.9422200081481624
2019-02-08,-0.0151497057484513,0.014478728259347,0.0005034585888246,0.0185795403115187,0.0222009503554219,0.0254414374412155,0.1636082308393482,0.9888094445178712,1.0161606049714331,1.0452581285837106,574.1689664500323,555.5146935158535,18.65427293417872,16.23618907273173,2.4180838614469917,58.643057635000446,0.0194038857183486,0.0186735866954818,0.0195298291269866,0.0221100899600699,-0.0055260985017186,-0.2938187289678626,0.704633816812303
2019-02-11,-0.009841938830704,-0.0151497057484513,0.014478728259347,0.0327613926013778,-0.0291657449175555,0.0192753381474446,0.1426421772196922,0.9755727226536516,0.9948402342081032,1.0187367775088565,573.9804678555562,556.8057329284524,17.174734927103827,16.42389824360615,0.7508366834976776,53.57284225606148,0.0135329108931791,0.0193172084676371,0.0203595777574845,0.0199482055712567,-0.0177522433325757,0.1565592793955665,0.895379045967398
2019-02-12,-0.0191359762330037,-0.009841938830704,-0.0151497057484513,0.0005034585888246,-0.0272153616115798,0.0377895875254892,0.1122028241456416,0.9834063584200164,0.9937318059575564,1.0160629697704795,574.042517272009,558.107811160604,15.934706111405037,16.326059817165927,-0.391353705760892,56.07834023607539,0.0137953563880615,0.0183245941432927,0.019634963782504,0.0165950390108965,0.0039152967963949,-0.1494569690266092,0.8193375622270946
2019-02-14,0.0025134466305392,-0.0191359762330037,-0.009841938830704,0.014478728259347,-0.0656745042720376,0.0238354015074506,0.077735611592389,0.9712866257027024,0.966085939190097,0.9865002515895872,571.8302876766759,558.2230121785105,13.607275498165336,15.782302953365807,-2.175027455200473,45.505496184466985,0.0106229949575387,0.0200319536004494,0.0208330325121112,0.0187877902864915,-0.0135375141670221,0.035608340614651,0.9136504914662574
2019-02-15,-0.0256287946151531,0.0025134466305392,-0.0191359762330037,-0.0151497057484513,-0.0356091829678154,0.014097629840063,0.096963225731361,0.9946051726704336,0.9807274639465028,0.9983934247819344,571.3826517720911,559.0154301132042,12.367221658886931,15.099286694470036,-2.7320650355831013,49.72066635870193,0.0169339484252231,0.0189541151578186,0.0209780708745913,0.0288481220650225,0.0119536341518756,0.4482329792550035,1.3092542101634614
2019-02-18,0.0165414347252019,-0.0256287946151531,0.0025134466305392,-0.009841938830704,-0.0450809728401966,-0.0238808629247738,0.0301854327240771,0.984205663822344,0.9638050307703184,0.9774563127358789,569.2912740054713,558.9245609410455,10.36671306442588,14.152771968461204,-3.786058904035324,48.34415055779822,0.0178593194605105,0.018987287255166,0.0194982252696103,0.0307351832459587,-0.0239199587045154,0.0053194509408671,1.2122544134104023
2019-02-19,-0.0195668023717128,0.0165414347252019,-0.0256287946151531,-0.0191359762330037,-0.0296428826337392,-0.057944070797778,-0.017451659470649,0.9868939310120128,0.9663552060021996,0.97509545233698,567.240312154269,558.7049654619055,8.535346692363419,13.029286913241648,-4.493940220878228,51.00758838304056,0.017009425279749,0.0144907955248009,0.0166218132499139,0.0234355624953273,-0.0015598898617572,-0.3528678551771121,0.8105544345842516
2019-02-20,-0.0032784355950064,-0.0195668023717128,0.0165414347252019,0.0025134466305392,-0.0175501216487098,-0.0442878503532928,-0.0006476761645118,1.0053019839392114,0.9853359008177676,0.9897604001440886,566.7884616215208,559.1196557011278,7.66880592039297,11.957190714671912,-4.288384794278942,57.05937003918662,0.0193130457258546,0.0158592642420099,0.0169851048154173,0.0170130587217952,0.0085794562129959,0.0086464353487556,0.8197187740674048
2019-02-21,0.0150069454439303,-0.0032784355950064,-0.0195668023717128,-0.0256287946151531,0.0185427392647312,-0.0483495502163632,0.0167984558720182,1.0117820475895594,1.000413167112729,0.9989984928724313,567.2888075950128,559.9286227195049,7.360184875507912,11.037789546839113,-3.677604671331201,53.87481343762491,0.0152035384302126,0.0153388900736069,0.017036780923319,0.0228166312563125,0.0088187347805723,0.6798788928264956,1.2485599286402431
2019-02-22,0.0101672751579273,0.0150069454439303,-0.0032784355950064,0.0165414347252019,-0.0097231084938027,-0.0449860595122464,-0.0121046693979997,1.0019431731749404,0.9933660446793002,0.9879389033900808,566.688833665131,560.1849452625625,6.5038884025685775,10.131009317985008,-3.6271209154164303,46.43148528627541,0.014499187071567,0.0151167556128729,0.0168082444947005,0.0156611215023132,-0.009842507015421,-0.1724274205504233,1.0542267571355095
2019-02-25,-0.0116688743040749,0.0101672751579273,0.0150069454439303,-0.0195668023717128,0.0099991136701604,-0.0355326289418266,-0.0109951926569565,0.9999188381611268,0.9969741969918894,0.9884415650462388,566.177642157755,560.4205855295718,5.75705662818325,9.256218780024655,-3.499162151841407,35.75592168672745,0.0106623430118726,0.0150487267031309,0.0168077016972934,0.0181368964235839,-0.0029935501599498,-0.1031693562240274,0.9882132570279756
2019-02-26,-4.0625898848012376e-05,-0.0116688743040749,0.0101672751579273,-0.0032784355950064,0.0034125057951888,-0.0263315333473241,-0.00756374440909,0.9894747907256304,0.9898680951022852,0.9791413352831458,564.8975800980282,560.2307079917911,4.666872106237179,8.338349445267163,-3.671477339029984,33.57898905618514,0.0118072716039582,0.0142381557152567,0.0166876559675976,0.0236017047389734,0.0088879930741649,0.2901640972485582,1.161343521034188
2019-02-27,-0.0097784552647345,-4.0625898848012376e-05,-0.0116688743040749,0.0150069454439303,-0.0087900713262442,-0.0261859261538774,0.0106141060232838,0.993858930636961,0.9951604126598748,0.9812432710196236,564.0430320180432,560.1649531463344,3.8780788717087935,7.44629533055549,-3.568216458846696,28.489936440677965,0.0090451597889047,0.0142441845722342,0.0163104166199396,0.0293420887803902,-0.0037051182075233,0.0969427539013956,1.1472784062662318
2019-02-28,0.0026633674448159,-0.0097784552647345,-4.0625898848012376e-05,0.0101672751579273,-0.0127115372940465,0.0055954952489873,0.0295642676323306,1.0025734905810364,1.000743783317465,0.985900792815006,563.8509681228394,560.3597430391407,3.491225083698737,6.65528128118414,-3.1640561974854027,34.32792463499571,0.007825139879603,0.0118738698798359,0.016057099907359,0.0108038031729691,-0.0021884956592058,0.0156331638270612,1.148455577294781
2019-03-01,0.0061708093470778,0.0026633674448159,-0.0097784552647345,-0.0116688743040749,-0.0051122547753035,-0.014785656261278,-0.0008964691301289,0.9995271514792722,0.9981722337571266,0.9819397473058056,563.336786728941,560.3707834853154,2.9660032436255506,5.9174256736724224,-2.951422430046872,35.78306859640922,0.0061683709235122,0.0105142456206911,0.0149970074710995,0.0163940799113528,-0.0088520790373296,-0.2980799153172692,0.8200308497603648
2019-03-05,-0.0040615662781656,0.0061708093470778,0.0026633674448159,-4.0625898848012376e-05,0.0043415140966762,0.01438403905979,-0.0098403271300753,1.0081046267644729,1.0061786407446225,0.991718677911546,563.717581183503,560.7738329074101,2.9437482760928333,5.322690194156505,-2.3789419180636715,45.3791561968352,0.007791558083677,0.0088245865104021,0.014535946723889,0.0171292874862342,0.011647916790118,-0.1011047798778576,0.7484480998917104
2019-03-06,0.0094613353520536,-0.0040615662781656,0.0061708093470778,-0.0097784552647345,0.0365089109515355,0.0400460036169223,-0.0202184956496027,1.0227962018954593,1.024195901703714,1.0145346019391397,565.9493377742621,562.0664378048937,3.882899969368395,5.034732149198884,-1.151832179830488,52.178432143767246,0.009627322479632,0.0107181648395442,0.0133930450938289,0.0300442639573333,0.0201645056672862,0.6904044936607285,1.2164166371234937
2019-03-07,0.0219367023351979,0.0094613353520536,-0.0040615662781656,0.0026633674448159,0.0382101106514034,0.0290841697271497,-0.0164917559826689,1.0194950415463953,1.0256276035445044,1.0197774101505646,568.2210667585102,563.447855461707,4.773211296803197,4.9824279787197465,-0.2092166819165495,63.8663428071098,0.0094586486313343,0.0100061283903902,0.0134415084517321,0.0170438756063938,0.0049446376759548,-0.3263745222782869,0.872368043411185
2019-03-08,0.0043090171847683,0.0219367023351979,0.0094613353520536,0.0061708093470778,0.0292840327662584,0.0162002503975835,-0.0329325746388953,1.011115844854387,1.0214183106530976,1.019013562532228,569.9217507487875,564.6202745160482,5.301476232739333,5.046237629523664,0.2552386032156688,57.60326119107332,0.0105097787609048,0.0097845670280906,0.0129567566524332,0.0098255688373538,0.0008293802004326,-0.2551660009430552,0.7324548576702044
2019-03-11,-0.0024798085941752,0.0043090171847683,0.0219367023351979,-0.0040615662781656,0.0636598131231913,0.0582221131642537,0.0106168702042714,1.0278377917606072,1.045199039558489,1.0481918828770755,573.963123530224,566.958822613239,7.004300916985017,5.437850287015935,1.566450629969082,75.99011250658863,0.0129294130343504,0.0119077551665826,0.0142455665314744,0.0337397015639249,0.0268099913528364,0.60906563717318,1.1293651288382516
2019-03-12,0.0292005457888386,-0.0024798085941752,0.0043090171847683,0.0094613353520536,0.0757079923190959,0.0803781937316565,0.0419895162569488,1.0340421825421515,1.0586350459286813,1.0677922136189204,579.2993256794203,570.0469422344806,9.25238344493971,6.20075691860069,3.05162652633902,81.17394271847114,0.0132675668073884,0.0125992681002828,0.0147075344618619,0.0148345944523598,0.0109727812493727,0.155357653316364,1.1911220948015673
2019-03-13,0.0208956030658513,0.0292005457888386,-0.0024798085941752,0.0219367023351979,0.0652277449955254,0.1041180498806719,0.0750449286308565,1.0331896695499554,1.06060310034628,1.0765245160837984,584.9363904336682,573.4464462602251,11.489944173443064,7.258594369569165,4.231349803873899,80.93675448206662,0.0126565804138806,0.0109970738699126,0.0139630045391925,0.0236769024427826,0.0077037942102664,0.0006511791558179,1.2125335907932269
2019-03-14,0.011980329912588,0.0208956030658513,0.0292005457888386,0.0043090171847683,0.0561306577662341,0.0964855270618214,0.067773038021385,1.0176517609175184,1.0463529054806038,1.0682959246484982,589.3017955111808,576.3994149400232,12.90238057115755,8.387351609886842,4.515028961270708,76.92746533171783,0.0145338730594722,0.0117069160129404,0.0140756533275715,0.0193060732670839,-0.0060752235725796,-0.0742253787199892,1.069603415185469
2019-03-15,-0.0042678216906891,0.011980329912588,0.0208956030658513,-0.0024798085941752,0.0430510439001774,0.0735957848466304,0.0796030849600726,0.9943273734739376,1.023598577969647,1.0483815202071674,591.5959697744847,578.4597492572552,13.136220517229503,9.337125391355375,3.799095125874128,74.65487829511426,0.018039564607239,0.0139944249001848,0.0130762822823894,0.0360155689599039,-0.0173605469024909,0.5278811302619266,1.358877274818138
2019-03-18,-0.0148335631521373,-0.0042678216906891,0.011980329912588,0.0292005457888386,0.0352349941461844,0.1011378604121187,0.0848568145117858,1.008719497325829,1.0356479815513429,1.0664428649209363,595.534658844636,581.3292084774934,14.205450367142705,10.310790386512842,3.8946599806298607,78.10934935381576,0.0160581467977687,0.01403934433646,0.013371091163419,0.0214436812381287,0.0143125906141086,-0.3641744749283843,0.8583374532429926
2019-03-19,0.0214882840354317,-0.0148335631521373,-0.0042678216906891,0.0208956030658513,0.0339505355744669,0.112228854780064,0.1282271980706459,1.021619121388377,1.0448435534186566,1.0806981370249849,600.731231011567,584.883517325804,15.847713685763097,11.418175046362894,4.429538639400203,84.90398966285622,0.0157929638811837,0.0143786612908948,0.0125573177884215,0.0268061560401503,0.0121692129631902,-0.029679294707041,0.8535011089410428
2019-03-20,0.0196289359655297,0.0214882840354317,-0.0148335631521373,0.011980329912588,0.0208935878627347,0.0874841744794123,0.1310335696639608,1.016555152028387,1.0353132859031782,1.0731219863437642,605.0509567393548,588.1372899862769,16.913666753077905,12.517273387705895,4.396393365372008,84.26153371913524,0.0157789393352762,0.0142161532052668,0.0124715478492199,0.01744882315931,-0.0017056175106705,0.0089242228773458,0.8817365867608631
2019-03-22,-0.0007991733599052,0.0196289359655297,0.0214882840354317,-0.0042678216906891,0.0001490770360061,0.0562881025943291,0.0870093650509515,0.991619165284681,1.0045407166633644,1.0424618079107486,606.3358794104637,590.0088206614832,16.32705874898045,13.279230459960807,3.0478282890196398,72.32754836885545,0.020419494140462,0.0176638339960572,0.0140414195516053,0.0329420097166227,-0.0224043653124348,0.158932323424126,1.0028687196366866
2019-03-25,-0.0245010538306846,-0.0007991733599052,0.0196289359655297,-0.0148335631521373,0.0021185034589326,0.0452607511445233,0.0621942370438308,0.9784286569191614,0.9873491797341004,1.0259299727493525,606.2063529657048,591.1558678361534,15.050485129551362,13.63348139387892,1.4170037356724414,68.90851764150531,0.0200780884079986,0.0184831343370193,0.014472213877022,0.015213882728471,-0.0046219938477765,-0.3064182938446869,0.8077930335675643
2019-03-26,-0.0128936395384913,-0.0245010538306846,-0.0007991733599052,0.0214882840354317,0.0127403009623163,0.0484241995383287,0.1094656719279913,1.0074866496394357,1.0144798872206091,1.0535786300693402,609.1070263525916,593.6673391061028,15.439687246488802,13.994722564400895,1.444964682087905,72.23746363365633,0.0232322550553561,0.0189639577432816,0.0154175875905752,0.0304260474690203,0.0277757510840525,0.1920645681452226,0.9753451039509132
2019-03-27,0.0323153884823141,-0.0128936395384913,-0.0245010538306846,0.0196289359655297,-0.0198322046302785,0.0134450169753681,0.0949038968861963,0.9982391935422662,0.999796245249886,1.0350442424510478,610.2954416943803,595.3832196222595,14.912222072120812,14.17822246594488,0.7339996061759315,64.96013698403351,0.0218646940257084,0.0188303889607569,0.0159285940292742,0.0249768186190397,-0.0208280286867535,0.0648662668636166,1.0324748547405005
2019-03-28,-0.0131651270213489,0.0323153884823141,-0.0128936395384913,-0.0007991733599052,-0.0112327072082329,0.0094261890995104,0.1145256754070298,1.0084980351064623,1.006814454500233,1.0377282385244948,612.057099252216,597.3360341554486,14.721065096767347,14.286790992109374,0.4342741046579732,65.605958180194,0.0225083688254032,0.0186237369875118,0.0155720419720737,0.0198529649964807,0.0072208273542093,0.0385137231333336,1.059449734320325
2019-04-01,0.0079673102701309,-0.0131651270213489,0.0323153884823141,-0.0245010538306846,0.0373393257747218,0.037493969246741,0.1375971216929739,1.0245039050385751,1.0265705533820964,1.0552532526870242,615.7878542650961,600.2227728725219,15.565081392574257,14.542449072202352,1.0226323203719048,69.72330083561931,0.0206904949019203,0.0197613611937117,0.0160536655625107,0.03179212707911,0.0159488882476629,-0.0366936284334997,1.049571760107506
2019-04-02,0.0234191871942701,0.0079673102701309,-0.0131651270213489,-0.0128936395384913,0.049265791656053,0.0514886648650161,0.1288737984130925,1.013188883563508,1.0198660059015183,1.0473244212296635,618.7934300211871,602.8228709323118,15.970559088875234,14.82807107553693,1.1424880133383049,65.20964555535102,0.0183839823913375,0.0187872126649137,0.0161566067246587,0.016550342727312,-0.0059370744029477,-0.2065346622328165,0.8317502935727731
2019-04-03,-0.0015447105653253,0.0234191871942701,0.0079673102701309,0.0323153884823141,0.0058145717286259,0.018628952084732,0.1216509048524203,1.0014564688710137,1.007365537688711,1.0306045170469902,620.316777776341,604.7393390432286,15.577438733112444,14.977944607052034,0.5994941260604101,58.16117098886419,0.0149056604455884,0.0184188976067702,0.016430195458723,0.0225422118564246,-0.0126009454567414,-0.0203647112925735,0.8433481236036653
2019-04-04,-0.0104338971001474,-0.0015447105653253,0.0234191871942701,-0.0131651270213489,0.0028163980205757,-0.0170716619915671,0.0932412597139908,0.9847812521195182,0.9928492969721648,1.0096390085921338,620.0478842302213,605.7637561308829,14.284128099338318,14.839181305509292,-0.5550532061709745,51.04603079535646,0.0156559554345241,0.0180819861722642,0.0171175400142325,0.0269392066847209,-0.0188179790793014,0.0670381209160519,0.9343889775746788
2019-04-05,-0.0161067252577582,-0.0104338971001474,-0.0015447105653253,0.0079673102701309,-0.0044852645952708,-0.0156675901395536,0.070445918150418,0.986275587631962,0.9950464232182548,1.006925884664717,619.8801358149949,606.7410719383175,13.139063876677367,14.499157819742909,-1.3600939430655394,52.28745628056404,0.0151349821389519,0.0180944130931088,0.0166384964697541,0.0154368405482694,-0.0051802045281222,-0.1966928381305557,0.8192323306686785
2019-04-08,0.0006281430587429,-0.0161067252577582,-0.0104338971001474,0.0234191871942701,-0.0449761703647699,-0.0093162244673976,0.0464474855283187,0.977231576838869,0.9778282453219596,0.9864288978247228,618.0044771499477,606.811241016382,11.19323613356562,13.83797348250745,-2.644737348941831,51.38331122789435,0.0084486537402277,0.0172945426798196,0.0173310598985413,0.0254278518889321,-0.0197272153537605,0.2965616711690881,1.0989755093463969
2019-04-09,-0.0182066857311902,0.0006281430587429,-0.0161067252577582,-0.0015447105653253,-0.0397567524725842,0.0075503912992331,0.0531528788253949,0.9890896225998737,0.9809319723053628,0.9878193128748436,616.7831227927442,607.0523101135482,9.730812679195992,13.01654132184516,-3.2857286426491665,46.89862091919963,0.0099014262608944,0.0167984289005431,0.0172949517849735,0.0147626148087764,0.0041764180215587,0.0887301085120551,1.153335704812529
2019-04-10,0.0039120699259147,-0.0182066857311902,0.0006281430587429,-0.0104338971001474,-0.0318499744964876,-0.0262205967291264,0.0209338914011769,0.9932781386757308,0.9812758233878468,0.9845666479925068,615.535144616697,607.1722326716881,8.362911945008932,12.085815446477913,-3.7229035014689806,40.1008461805958,0.0100781811037265,0.0126565542415696,0.0161544395889939,0.0161484567012986,-0.004895559371118,-0.1984612546141446,0.9297894577678196
2019-04-11,-0.0022856706081127,0.0039120699259147,-0.0182066857311902,-0.0161067252577582,-0.0046192097316982,-0.0018158212442674,0.0116047819836471,1.0057051055718094,0.9928053591817958,0.9953863493114176,615.5623023559552,607.8047835791093,7.757518776845927,11.220156112551518,-3.4626373357055904,44.08915326543474,0.0109812595855858,0.0127745240575618,0.0156823851892825,0.0178200047185615,0.0103905417424539,-0.2458228162961584,0.7494531659206163
2019-04-12,0.0115668435202112,-0.0022856706081127,0.0039120699259147,0.0006281430587429,-0.0079769253525293,-0.0124264113269374,-0.003117355930423,1.0045624629359302,0.9913128211521616,0.9928058405224524,615.3250468552794,608.2651804696615,7.0598663856179655,10.388098167164808,-3.328231781546842,50.31787746377039,0.0109693393526428,0.012467567794635,0.0154688240908923,0.0150770777166761,-0.0051110644329173,0.0310744418928345,0.7894044968608465
2019-04-15,-0.0027472734446094,0.0115668435202112,-0.0022856706081127,-0.0182066857311902,0.0082001806683282,-0.0371448024192024,-0.0010435392520432,1.000724333081401,0.9929243674693294,0.990676502830356,614.9168102297075,608.5915751599875,6.325235069719952,9.575525547675836,-3.2502904779558843,53.964661022949095,0.0061862962000449,0.0090016419235189,0.0154459654969962,0.010409334121006,-0.0036058948593837,-0.2828865045009298,0.6428789235417935
2019-04-16,-0.0021963983282085,-0.0027472734446094,0.0115668435202112,0.0039120699259147,0.0069691643565845,-0.033064659458265,0.0167215502370285,1.0020208516029616,0.9989926774002252,0.9925270025579994,614.8245812370361,609.015704539051,5.80887669798517,8.822195777737702,-3.0133190797525327,42.6007694325435,0.0060978943130763,0.009213310927458,0.0150484998576824,0.0148836932034108,-0.0009292919226347,0.8695680267489807,1.2615539078011615
2019-04-18,0.0026862894139376,-0.0021963983282085,-0.0027472734446094,-0.0022856706081127,0.0409719959047256,0.0078170643836024,0.0265916401861796,1.025148871840329,1.0295428844001422,1.0223415098959328,617.7146058484055,610.8374850332648,6.877120815140756,8.433180785218314,-1.5560599700775573,60.02731429163405,0.0142135840811288,0.0139203027621195,0.0159005181171239,0.017857710511699,0.0079636517719508,1.2630078701903886,2.1482166910613847
2019-04-22,0.0314046482976857,0.0026862894139376,-0.0021963983282085,0.0115668435202112,-0.0010766449044491,-0.0056908813875271,-0.0226653905756123,0.9953316513473668,0.9999554052012024,0.9935363135524627,617.3044768086268,611.1494318522706,6.155044956356164,7.977553619445884,-1.82250866308972,46.55863563518671,0.021586887510272,0.0161524804699414,0.0166970392681565,0.0191028860988716,-0.0107719975772306,-0.3990836147571582,1.1517264161844674
2019-04-23,-0.0292940163540107,0.0314046482976857,0.0026862894139376,-0.0027472734446094,0.0154493401958191,0.0073491766098017,-0.0084335574167374,1.0059300227148231,1.0129567276543183,1.0076300978398696,618.2586107851841,612.0647589488617,6.1938518363224375,7.620813262821196,-1.4269614264987585,42.982466706819245,0.0223161864900318,0.0167713204359768,0.0170207288797813,0.0197968230325441,0.0117581714934066,-0.1609829107364891,0.9057073401277902
2019-04-24,0.0137510731164034,-0.0292940163540107,0.0314046482976857,-0.0021963983282085,0.0368242310975981,0.0453263771138987,0.0355878819430139,1.0174418513712542,1.027409919010975,1.024773037749158,620.8700038975596,613.7809002130664,7.089103684493239,7.514471347155605,-0.4253676626623663,49.9551582930217,0.0229963305323875,0.0161696519704064,0.01652560010106,0.0205469975360436,0.0140115200548722,-0.1871183822248699,0.6930376095004503
2019-04-25,0.018807055298561,0.0137510731164034,-0.0292940163540107,0.0026862894139376,0.0213208676623637,0.0284386206499123,0.0362037346630628,1.0007218544426029,1.0119264569135396,1.0103750157711853,621.8769417744976,614.7908409452583,7.086100829239285,7.428797243572342,-0.3426964143330568,49.379421764178495,0.0246912355015998,0.0170322967898964,0.016498480224785,0.0362868326483337,-0.0120222139011611,0.8924105366138686,1.17851098171116
2019-04-26,-0.0123066182458829,0.018807055298561,0.0137510731164034,0.0314046482976857,0.0049423652416293,0.0461168597147947,0.018687051404673,1.0145834995151042,1.022339764052877,1.0244301903137296,624.1637618049836,616.4167987991397,7.746963005843895,7.492430396026653,0.2545326098172422,58.87866966225658,0.0210152449656891,0.0173089969880088,0.0152174576448113,0.0181289599706452,0.0129453762892944,-0.5054175735448416,0.7172290753636228
2019-04-30,0.0148644364369752,-0.0123066182458829,0.018807055298561,-0.0292940163540107,0.0352695689245139,0.0341549512184,0.0322771106881132,1.0076178702667178,1.0188994772748086,1.022792099059519,626.0987633692408,617.9223153305113,8.176448038729518,7.629233924567226,0.5472141141622915,58.72194626062895,0.0129284156307597,0.0171816968264764,0.0148511645337518,0.0212521240381738,-0.002578080019244,0.4829961531223465,1.0765529311365056
2019-05-02,0.0,0.0148644364369752,-0.0123066182458829,0.0137510731164034,0.0302086196621456,0.0461246630999712,0.0331250877370372,1.010456642630809,1.0232238327662209,1.030084007618929,628.597663430824,619.7311522519202,8.866511178903806,7.876689375434543,0.9898218034692636,67.996181161538,0.0124653503692797,0.0171031390456388,0.0148707134735099,0.0226326654234912,0.009375068636018,-0.1501919585047462,0.922107577135243
2019-05-03,0.0087953177269708,0.0,0.0148644364369752,0.018807055298561,0.0139258115086862,0.0512628499075016,0.0122138990570397,1.010377353992269,1.0208835598179868,1.0322265818294436,630.9793761932694,621.5346814470905,9.444694746178923,8.19029044958342,1.254404296595505,67.78197204131581,0.0102170548835949,0.016954694147299,0.0139754148595311,0.0105405432809982,0.0006392090307406,-0.2501969381533901,0.7041224015950927
2019-05-06,0.0027044528642523,0.0087953177269708,0.0,-0.0123066182458829,0.0091081639706878,0.0306232255917178,-0.003453980392251,0.991423778507002,1.0005454812880088,1.0148575731728449,631.3101951953867,622.3935716885676,8.916623506819064,8.33555706103055,0.5810664457885153,61.625391137447714,0.012011153594959,0.0183563290222521,0.014522622688704,0.01783529224404,-0.0093705482566236,0.1117853028265911,0.9153326515873212
2019-05-07,-0.0169996229360629,0.0027044528642523,0.0087953177269708,0.0148644364369752,-0.035396274805847,-0.0306288508825012,-0.0230512141982431,0.9686233886439948,0.9736212840453302,0.9856643947347346,628.6783194622021,621.7868628916135,6.891456570588616,8.046736962942163,-1.1552803923535464,49.35571282902488,0.0159433308551434,0.0181144334064446,0.0158450275132857,0.0407890131691003,-0.0367794703920132,0.2264721565294438,1.068893397012016
2019-05-08,-0.0298938697491236,-0.0169996229360629,0.0027044528642523,0.0,-0.0670232235842117,-0.0341175348634443,-0.0396142574068288,0.9496473775434804,0.9448415266418658,0.955225078800128,623.353165596623,619.7333781837856,3.619787412837354,7.161347052921201,-3.5415596400838467,42.637878218794725,0.018792197976142,0.0187029205585252,0.0170710959536565,0.036784772218842,-0.0302611786165549,0.6458698111053311,1.5909308200953307
2019-05-09,-0.0327875042904265,-0.0298938697491236,-0.0169996229360629,0.0087953177269708,-0.1057613815875428,-0.0787476672767183,-0.071977221181343,0.9386088913710802,0.9207662671719976,0.9269358891321492,615.8229366196184,616.3758447809936,-0.5529081613751714,5.618496010061927,-6.171404171437098,37.56314827033351,0.0153052641194444,0.019790355030751,0.0184219749861407,0.02948779837041,-0.0251008273054835,0.3351569557155547,1.7189202887887172
2019-05-10,-0.0330909043087557,-0.0327875042904265,-0.0298938697491236,0.0027044528642523,-0.1119352060305212,-0.099568183102202,-0.0587548710041394,0.9572026566395756,0.9262735046060144,0.9256926783570384,609.0784392340281,613.0875380278296,-4.009098793801513,3.6929770492892393,-7.702075843090752,36.30987016370664,0.012580885354553,0.0175373182225347,0.018099579627335,0.0261359558425807,-0.010948568461402,-0.4244825302208173,0.913348296010237
2019-05-13,-0.0042182198236779,-0.0330909043087557,-0.0327875042904265,-0.0169996229360629,-0.1103689633967233,-0.1022660580419276,-0.0767357430220315,0.9651631209613948,0.921710216922538,0.9150273668829294,602.0281918218218,609.3960041779673,-7.367812356145464,1.4808191682022986,-8.848631524347763,25.579175363088865,0.012822877300976,0.0175999244008929,0.0182291154065035,0.0270281106481159,-0.0127013498821765,-0.2831636290931095,0.6462058480221856
2019-05-14,-0.0152659463957339,-0.0042182198236779,-0.0330909043087557,-0.0298938697491236,-0.0618161278699153,-0.0950243420262454,-0.0532897065621656,1.0004286110053335,0.9523863709316248,0.9385925563513282,598.0600625511569,606.9396595397845,-8.879596988627668,-0.5912640631636947,-8.288332925463973,35.98547240042579,0.0233220568063194,0.019046404107661,0.0191964635856533,0.030029001042258,0.01936922895696,0.6154728968562728,0.9790864274047196
2019-05-15,0.0230510045275855,-0.0152659463957339,-0.0042182198236779,-0.0327875042904265,-0.0327446651949963,-0.0975732357626537,-0.0667508936519486,1.0043950161424209,0.9595571554252308,0.9390923094237392,594.4527245775414,604.5450451829603,-10.092320605418877,-2.4914753716147318,-7.6008452338041455,31.42905229814258,0.0204691795481014,0.0189061751295312,0.0189066659369081,0.021799682594276,-0.0126473485905987,-0.1413123965433296,0.8867647105283714
2019-05-16,-0.0028165329243388,0.0230510045275855,-0.0152659463957339,-0.0330909043087557,0.0070834598243199,-0.099427078260663,-0.0578884556484792,1.009711305047437,0.9764219010739006,0.9481597644274056,591.9946844682562,602.6139650854956,-10.619280617239385,-4.117036420739662,-6.502244196499721,27.072953526077228,0.0143540278082127,0.0186867122316734,0.0190387757742794,0.0109060786841422,0.0042858679314358,-0.4082076584593521,0.6600567697927627
2019-05-17,0.0067229638187003,-0.0028165329243388,0.0230510045275855,-0.0042182198236779,0.0129880537350899,-0.1004009727662041,-0.0542849628561836,1.0087311038319149,0.9887966721608396,0.9522915247451974,590.0589881948947,600.8953497970444,-10.836361602149736,-5.460901457021677,-5.375460145128059,29.468141984745586,0.0140063739829948,0.0186061000247703,0.0190642968675265,0.0196859886715578,0.0003156973777202,0.1955283909248906,0.8453370289957475
2019-05-20,0.0016201116257437,0.0067229638187003,-0.0028165329243388,-0.0152659463957339,0.0761737946178273,-0.0426023915288603,-0.0132837885836775,1.0397584451581132,1.039220573634767,0.996915394377748,592.5355839113051,601.2850913196013,-8.749507408296154,-6.118622647276573,-2.6308847610195807,38.614711729622265,0.0200034366939456,0.0255341358341866,0.0219587079194331,0.0257938709575428,0.0093635168502954,0.5615662232955598,1.2091186181347848
2019-05-21,0.0461574341861248,0.0016201116257437,0.0067229638187003,0.0230510045275855,0.0629536576478861,-0.0027540215730695,-0.033298519939482,1.0377438758933195,1.050419813591239,1.009117286132711,595.6087978648544,602.1166752669919,-6.507877402137524,-6.196473598248764,-0.3114038038887603,41.38772329534928,0.019514158535896,0.0241485792114211,0.020831249930822,0.0275787044805841,0.0057047863984663,0.1247061614360744,1.3370685075825364
2019-05-22,0.0104834485484943,0.0461574341861248,0.0016201116257437,-0.0028165329243388,0.0664333090550493,0.0315133073972497,-0.0036793838299827,1.0249508431269183,1.0475270923008462,1.0097574187191292,598.2514084397326,602.906978328812,-4.655569889079402,-5.888292856414892,1.2327229673354898,39.081217076885125,0.0189220213735717,0.0212500052207228,0.0197765031446754,0.0183527057389718,-0.0039014977965526,-0.1863209854084359,1.0853585697695995
2019-05-23,0.0004478152713178,0.0104834485484943,0.0461574341861248,0.0067229638187003,0.0541747179866258,0.0616419222492978,-0.0219599026110055,1.009398568062205,1.0361756557384862,1.0059957114673217,600.030300831216,603.4186250440389,-3.3883242128229085,-5.388299127696495,1.9999749148735864,37.45607657144542,0.0205340073731073,0.0174033936409643,0.019531707438226,0.0502286212781733,-0.0277696660160931,0.5701148136660479,1.4040004466898113
2019-05-24,-0.0048492601805479,0.0004478152713178,0.0104834485484943,0.0016201116257437,0.0547971857866826,0.0684969483153017,-0.0378913514787004,1.0011083154612763,1.0315996556475917,1.0102261913513984,601.7429994413174,603.9922707294342,-2.2492712881168018,-4.760493559780556,2.5112222716637547,41.35013004666875,0.0204697110175909,0.0170944930007569,0.0189942569650023,0.0279014134412538,-0.0082715250205807,-0.4255465729433153,0.7783851751591175
2019-05-27,0.0022115470460193,-0.0048492601805479,0.0004478152713178,0.0461574341861248,-0.0115016462137687,0.0637960243676041,-0.0449942016051451,0.9837351112213476,1.0052846769599997,0.9927436477370396,601.3494700801532,603.6361809416057,-2.286710861452548,-4.265737020114955,1.979026158662407,43.74403780009317,0.0111472543418012,0.0177572502163749,0.0192752816508286,0.0232709466226507,-0.0197817010503571,-0.2780773860295793,0.6082951711498774
2019-05-28,-0.0195983498733482,0.0022115470460193,-0.0048492601805479,0.0104834485484943,-0.0119794072735404,0.0502201028700228,-0.0495763713879369,0.995967220573656,1.0104267527148931,1.005295102181806,601.9378516363315,603.7500897752137,-1.812238138882208,-3.775037243868405,1.9627991049861973,55.24610689592756,0.0110089455754337,0.0168490496506044,0.0190791719385112,0.0162039581772173,0.0029928429114557,1.6494422420143056,1.474909756235427
2019-05-29,0.0099950616519344,-0.0195983498733482,0.0022115470460193,0.0004478152713178,-0.0204043234771086,0.0446734588503268,-0.057258710845063,0.9919993514045334,0.997982082314814,1.0001980560002706,601.6831494765353,603.4932155398392,-1.810066063303907,-3.382043007755506,1.571976944451599,64.19969185423366,0.011125705308788,0.0172004628974519,0.0191119863452706,0.0222002486012999,-0.0060181481321273,-0.634727348533491,0.5751135497464479
2019-05-30,-0.0080830686715406,0.0099950616519344,-0.0195983498733482,-0.0048492601805479,-0.0031111390468168,0.0508950338593305,-0.053592388915943,1.0052464595385684,1.005752069715526,1.0158324426073746,602.6422022012991,603.8209026989252,-1.178700497626096,-2.941374505729624,1.762674008103528,68.65210694029676,0.0133647385030369,0.0173895947770622,0.0192565316041446,0.0193645412822667,0.0102564216998204,0.510065774272159,0.9789888498420134
2019-05-31,0.0127185238471687,-0.0080830686715406,0.0099950616519344,0.0022115470460193,-0.0050117383973222,0.049510818229288,-0.0558610888495872,1.0065684776479056,1.0013023422411895,1.0192017763278074,603.4818408650416,604.1378620186808,-0.6560211536392444,-2.484303835311548,1.828282681672304,75.54685902864986,0.01329311536017,0.0174239871273973,0.0192293321547888,0.0163139855555113,-0.005792644502027,0.0949029046562239,1.0418997086374069
2019-06-03,0.0003007998303634,0.0127185238471687,-0.0080830686715406,-0.0195983498733482,0.0378057640137849,0.0258692892774885,-0.0178351958417448,1.0216467364347124,1.0212862253919244,1.0432142033415923,606.3058203503477,605.4489616854105,0.8568586649372492,-1.8160713352617888,2.672930000199038,75.75521499419847,0.0117884522441248,0.0119783536534508,0.019711024146199,0.0338553790079866,0.0188764665203584,-0.2786155190240921,0.7368067133199879
2019-06-04,0.02259144435652,0.0003007998303634,0.0127185238471687,0.0099950616519344,0.0210764918806234,0.0088446007269473,0.0060662209326707,1.0109875697268222,1.013964351858589,1.036332768028022,608.0939855338279,606.3734011193037,1.7205844145241826,-1.1087401853045944,2.829324599828777,73.84846888164245,0.0131037260657407,0.0119291848636574,0.0185440230258309,0.019346716320891,-0.0042726939225519,-0.1678175746844495,0.7817008703422008
2019-06-06,-0.0062859061605551,0.02259144435652,0.0003007998303634,-0.0080830686715406,0.0108906688086709,-0.0097358713976917,0.0214706264914223,0.9906927562689164,0.9967110385862687,1.0166142285448638,607.8979513260995,606.4064649759177,1.4914863501817308,-0.5886948782073294,2.08018122838906,64.45220523934569,0.0158839216962254,0.0133525939539857,0.0174071640743371,0.0307379652358371,-0.025368981352862,0.0856112452948019,0.8383844011058481
2019-06-07,-0.017978008418882,-0.0062859061605551,0.02259144435652,0.0127185238471687,-0.0111675451039104,-0.0142439403650974,0.0465199580196915,0.9835808047227464,0.988773010054664,1.0048296728767854,606.8564283155938,606.0154714042063,0.8409569113874795,-0.3027645202883676,1.143721431675847,60.560244908281085,0.0153137504551032,0.0135765348649326,0.0156690401773826,0.0164651175635975,-0.0083336614090973,-0.1218273845224244,0.8070526190677633
2019-06-10,-0.009379574910218,-0.017978008418882,-0.0062859061605551,0.0003007998303634,-0.0082698089792864,-0.0132401012574085,0.0543499405263749,0.988386439455068,0.9932909359482178,1.0054649936797413,606.274052249613,605.7973612177258,0.4766910318871851,-0.1468734098532571,0.6235644417404422,48.02226559902363,0.0154861855046107,0.0136100840383152,0.0155920087195374,0.0128112186213244,-0.0013248670407788,-0.2006430464993558,0.7616596504387879
2019-06-11,0.0032321435062374,-0.009379574910218,-0.017978008418882,0.02259144435652,-0.0228276094995881,0.0141151392964564,0.0788116534345695,1.0005344361906223,0.9994284888232572,1.0093519303746663,606.4846040820042,605.9340484727206,0.5505556092836059,-0.0073876060258844,0.5579432153094904,46.8065873867988,0.0101779431039427,0.0121768760888747,0.0150282830562126,0.0124138965972676,0.005522506501656,-0.0234859796534264,0.8186339082620473
2019-06-12,0.0075806254911714,0.0032321435062374,-0.009379574910218,-0.0062859061605551,-0.0144267956599207,0.0063456299791129,0.0568844110394617,1.005745398432837,1.0010520283825943,1.0088835365349218,606.8737665549652,606.1622048937228,0.7115616612423992,0.1364022474277722,0.575159413814627,47.56134715107698,0.0105281144164658,0.0118153844353931,0.0143374913210562,0.0100589411518519,-0.0019105372430727,-0.1039390278900048,0.7915701795645949
2019-06-13,0.0022571177657799,0.0075806254911714,0.0032321435062374,-0.017978008418882,-7.533593136688221e-05,0.0108145124186262,0.055971092944473,1.0020611358345808,0.9963067727619522,1.0025020080900615,606.8584252159801,606.2075265943035,0.6508986216765607,0.2393015222775299,0.4115970993990307,48.01551571093224,0.0066051723428386,0.0115304276340167,0.0143567501744052,0.0196270419436485,-0.0020676604178444,0.5232841170063041,1.2261193627706053
2019-06-14,-0.00367825980288,0.0022571177657799,0.0075806254911714,-0.009379574910218,0.0020153556515347,-0.0091746960275145,0.0412533913668466,0.9943398565109032,0.9899320097086398,0.9932173653104835,606.1632118864784,605.9210089631862,0.2422029232922113,0.2398818024804662,0.0023211208117451,44.46357651402288,0.005896621530724,0.0110231923346979,0.0144982919359644,0.0118401241253814,-0.0032906746812266,-0.0473921325213313,1.1640012651767695
2019-06-17,-0.0073083370870017,-0.00367825980288,0.0022571177657799,0.0032321435062374,-0.0279346180919093,-0.0359734131156662,0.0117563319957649,0.9731497941691184,0.9669234340217704,0.966102059583486,603.0957064069481,604.4620028377303,-1.3662964307821994,-0.0813538441720669,-1.2849425866101325,42.26890676756004,0.0131298607599392,0.013699935273552,0.0158730548567497,0.0323637352167443,-0.0285606005897392,-0.0023095453265419,1.1071551123862633
2019-06-18,-0.0267541997040956,-0.0073083370870017,-0.00367825980288,0.0075806254911714,-0.0362260822207202,-0.0582267368616739,-0.0338637318837442,0.9793203909457586,0.9717465676253176,0.9667578341028868,600.408694183283,603.0670490685003,-2.65835488521725,-0.5967540523811036,-2.061600832836146,37.54009896135713,0.0114284523084557,0.0103036032011698,0.0117265192527659,0.0147151151374825,0.0016420937206461,0.1267159534478108,1.156331442912812
2019-06-19,-0.0010137744006815,-0.0267541997040956,-0.0073083370870017,0.0022571177657799,-0.0411365383829046,-0.0549698656094187,-0.0466114513958005,0.9847812787698051,0.974470050739924,0.966280202013016,597.878345198355,601.6518177138892,-3.773472515534195,-1.232097745011722,-2.5413747705224727,39.14892857229814,0.0105557709498282,0.0103477314814246,0.011373784803285,0.0308450666539571,-0.0074209816710093,-0.1372005178667542,0.943203634519217
2019-06-20,-0.0028494114204076,-0.0010137744006815,-0.0267541997040956,-0.00367825980288,-0.0229798943527592,-0.0230534990723823,-0.0325649245678385,1.0044616477121715,0.9915847743568332,0.9825779938342282,597.1017450656753,600.9983826488558,-3.89663758318045,-1.7650057126454677,-2.1316318705349824,40.13154322545203,0.0150466585661437,0.0112144630277354,0.0120218112255049,0.0169655224672586,0.0130859299421234,-0.2583299678605107,0.747589856264724
2019-06-21,0.0151876787800189,-0.0028494114204076,-0.0010137744006815,-0.0073083370870017,-0.0288793969559003,-0.0269222435602335,-0.0407827050935644,0.996976715459784,0.9810498858371112,0.9715095718608944,595.2313744305715,599.8091940035702,-4.577819572998692,-2.3275684847161124,-2.2502510882825795,36.240129293023074,0.0155519111691513,0.0115541605585195,0.0122882551668961,0.0159828200466457,-0.012693389947112,1.161797431687563,1.448968087439711
2019-06-24,-0.013302468646446,0.0151876787800189,-0.0028494114204076,-0.0267541997040956,-0.0155189630577776,-0.0430200648434855,-0.0556905760862661,0.986712566380192,0.9721687862936425,0.9612427088927176,592.4460600650509,598.1290189703196,-5.68295890526872,-2.998646568826634,-2.6843123364420856,21.420205606382765,0.0117079061428189,0.0118023066500777,0.0124985559369545,0.0153278792374418,-0.0076641295877968,-0.5151134199360738,0.7360060239048246
2019-06-25,-0.0133645278747477,-0.013302468646446,0.0151876787800189,-0.0010137744006815,0.0115924353650518,-0.025053595372341,-0.0112920910644421,1.0105117787454223,1.0004941039692263,0.987269124837551,592.4418979546825,597.7060550723446,-5.26415711766208,-3.451748678593724,-1.8124084390683564,35.76528527055747,0.0177962949960164,0.0150040979246621,0.0134491750394115,0.0337616406350048,0.0293509787972337,0.3283568061283575,1.0016319208400943
2019-06-26,0.0264970790996195,-0.0133645278747477,-0.013302468646446,-0.0028494114204076,0.0131522727063688,-0.0285253046475436,-0.0223606856967656,1.0065488298597018,1.00212172379873,0.9870869884753924,592.3188129929044,597.2568543783284,-4.938041385423958,-3.749007219959771,-1.1890341654641867,40.42674743859914,0.0176951798257739,0.0149223667751012,0.0132213079823241,0.0141019821611684,0.002439951081018,-0.2254222467860577,0.807169579186918
2019-06-27,-0.0013118428615627,0.0264970790996195,-0.0133645278747477,0.0151876787800189,-0.0174281015396583,-0.040007499960267,-0.0296256491467993,0.9944896161809044,0.9907083796364844,0.9732762802634156,590.8080010180346,596.1636455470633,-5.355644529028723,-4.070334681773562,-1.285309847255161,38.73997308448285,0.0176128340313442,0.0154553907315687,0.0135269639444343,0.0203273252933676,-0.0146927979335058,1.1483201065606077,1.4485095002101849
2019-06-28,-0.0154541309295133,-0.0013118428615627,0.0264970790996195,-0.013302468646446,-0.0206329937577527,-0.0489165222965344,-0.057642424101255,0.982107187657568,0.9792483466658296,0.9600073879554324,588.049105954563,594.4385742550934,-6.389468300530439,-4.534161405524937,-1.8553068950055012,33.29962165504986,0.0181173648429416,0.0159435166089445,0.0134989953753217,0.0272923881100623,-0.0187925633029164,-0.2394394851939125,1.159608161885619
2019-07-01,-0.0165208175986225,-0.0154541309295133,-0.0013118428615627,-0.0133645278747477,0.005109328331454,-0.0104889262039494,-0.0460850168441414,0.9934467347757692,0.9925996481394156,0.9743614824592038,586.8224068113128,593.3746473860818,-6.55224057476903,-4.937777239373756,-1.614463335395274,35.18428978840183,0.0184856691839447,0.0147565144578056,0.0139231021509961,0.0206485550546414,0.0085847881946666,-0.2884204630252138,0.803398642982771
2019-07-02,0.0125688433193014,-0.0165208175986225,-0.0154541309295133,0.0264970790996195,-0.0133888745051741,-0.0019516488024342,-0.0600647475228424,1.0037291131584,1.0003442619690264,0.9848611697537688,586.4631415506782,592.71631666246,-6.253175111781843,-5.200856813855374,-1.052318297926469,37.23528746570983,0.013180626301754,0.0150024487910304,0.0128791405131633,0.0138443718712922,0.0035715191469267,-0.2472102048415529,0.6416603791186559
2019-07-03,0.0076052524642891,0.0125688433193014,-0.0165208175986225,-0.0013118428615627,-0.0089634660895078,0.0040709166664576,-0.0511227266850234,1.008745997073446,1.0031049603400906,0.990617455061483,586.4439942478094,592.2438994342801,-5.79990518647071,-5.320666488378442,-0.479238698092268,39.321515163306216,0.0134416487181079,0.0150003425294068,0.0129261175934731,0.0089275332629023,-0.0002728636477873,-0.1320870750090719,0.57724933784233
2019-07-04,0.0031677366414661,0.0076052524642891,0.0125688433193014,-0.0154541309295133,0.00773058039812,-0.0098322504816773,-0.0326590817767008,1.0083241438123858,1.0052414752925836,0.9934005164530282,586.5297777349252,591.8555799883381,-5.325802253412917,-5.321693641385337,-0.0041086120275801,41.65627977860489,0.0110387985759347,0.0141036113695077,0.0124213865267263,0.0085670460540722,0.0020289728233916,0.061876283995943,0.7699713951259324
2019-07-05,0.0011305800726231,0.0031677366414661,0.0076052524642891,-0.0165208175986225,0.0081796405641729,-0.012622123666281,-0.0392045513389235,0.9905131295344622,0.9903267654336482,0.9793771171880348,585.1499805743838,590.7967293367136,-5.646748762329821,-5.386704665574234,-0.2600440967555872,44.91818397935481,0.0108593210591301,0.0143995815885733,0.0127293622297866,0.02414221388451,-0.0169247386650263,0.1684611029037883,1.0364921792350343
2019-07-08,-0.016082564226591,0.0011305800726231,0.0031677366414661,0.0125688433193014,-0.013240378377093,-0.0081986994860002,-0.0508660557459657,0.9842464267428764,0.9822657977508564,0.9731481786491898,583.1876976554881,589.4336487637395,-6.245951108251347,-5.558553954109657,-0.6873971541416903,42.63168982975976,0.0096612560053158,0.0140474196618026,0.0127610942606495,0.0158939071170112,-0.004729753895093,0.2821026520870382,1.3156515002691085
2019-07-09,-0.0089444296437372,-0.016082564226591,0.0011305800726231,0.0076052524642891,0.0012514308854896,-0.0121541988707621,-0.0369032878625201,1.0060436346738488,1.0055141441931996,0.9968500040489596,583.5001484669034,589.1214249982542,-5.621276531350759,-5.571098469557878,-0.0501780617928808,50.62259326204049,0.0145885853891085,0.0131997017408937,0.0137697313691472,0.029685169992935,0.024940934709952,0.2517295932057311,1.446137476394996
2019-07-10,0.0224032061003258,-0.0089444296437372,-0.016082564226591,0.0031677366414661,-0.0028847956498118,-0.0118224039713373,-0.0400104709439324,1.005646167919769,1.0057410605096535,0.9979477231733191,583.6766205176683,588.7900021685224,-5.11338165085408,-5.479555105817118,0.3661734549630377,45.5846224169478,0.0145048881346518,0.0131996535144211,0.0137386797603842,0.0161473285965135,-0.0009374366385449,-0.3146461794571251,0.9412551841223477
2019-07-11,-0.0009764062617657,0.0224032061003258,-0.0089444296437372,0.0011305800726231,-0.0019080973157704,0.0058077323826424,-0.0344321204306924,1.0081577626909362,1.0072781962474084,1.001840980384611,584.0158374782915,588.5745598420924,-4.558722363800939,-5.295388557413883,0.7366661936129439,50.54478211908359,0.0145389348563177,0.0122104474989772,0.013761323046412,0.0081932826291844,-0.0042346890347985,-0.2837214503740828,0.6821401109741502
2019-07-12,0.0021112115637977,-0.0009764062617657,0.0224032061003258,-0.016082564226591,0.0135751077301857,0.0218657877962116,-0.0281203327965875,1.0046210675969371,1.004290150820183,1.0024719813466916,584.2290240651648,588.3395220977128,-4.11049803254798,-5.058410452440703,0.9479124198927228,55.258595210001694,0.0117264843395449,0.0106700017027754,0.013697505182969,0.0171418252466135,-0.0019485025094839,0.8229264149242552,1.1561682477778603
2019-07-15,-0.0008192449216243,0.0021112115637977,-0.0009764062617657,-0.0089444296437372,0.0192085366345202,0.005713829964316,-0.0048350281804712,0.9974051064656418,1.0002704779464404,0.9992698358354856,584.0999456933606,587.972891916285,-3.872946222924384,-4.82131760653744,0.9483713836130558,43.09682669899605,0.0105525927906788,0.0101313780433306,0.0123457978993719,0.0150065984799328,-0.0069259767661542,-0.3207238187875993,0.826135028131765
2019-07-16,-0.0034361638494543,-0.0008192449216243,0.0021112115637977,0.0224032061003258,0.0100773636655471,0.0113414056751721,0.0093676224319341,1.0085803066591104,1.0123668350584751,1.0120280902502652,585.1793523354878,588.2057213200555,-3.026368984567739,-4.4623278821435,1.435958897575761,49.63663882050616,0.0065723411861332,0.0107042427299313,0.0127010278564217,0.0138051756321164,0.0101956806746232,-0.0552300868202235,0.8826380610349168
2019-07-17,0.0132434118252879,-0.0034361638494543,-0.0008192449216243,-0.0009764062617657,0.0023457906264419,-0.0005457721499644,0.0035229227235518,0.9994152149048792,1.003691830303529,1.0031243412684523,585.3084791696916,588.0437180191486,-2.735238849457005,-4.116910075606201,1.381671226149196,52.57695476634312,0.0081464729246123,0.0111029173381592,0.0128469716924555,0.0132621209769896,-0.0096190831519003,-0.0584403997587871,0.8697171348006055
2019-07-18,-0.0086233689208894,0.0132434118252879,-0.0034361638494543,0.0021112115637977,-0.0153719891785496,-0.0172507552430305,-0.0269133919781602,0.9868534133653258,0.9897483754803996,0.9888234745660008,584.0110771760371,587.2164327000219,-3.205355523984736,-3.934599165281909,0.729243641297173,52.94910135181957,0.0107147837435219,0.0121273420830896,0.0128080069774722,0.0225066301462853,-0.0157176488426812,0.2595037476931858,1.0322689964197114
2019-07-19,-0.0156024217478203,-0.0086233689208894,0.0132434118252879,-0.0008192449216243,-0.0245997927896339,-0.0113586298967077,-0.023837383531753,0.9816404361850724,0.9807732514455076,0.9799248976580976,582.0094950654209,586.0152742375781,-4.00577917215719,-3.948835166656965,-0.0569440055002248,43.176308714421175,0.0110413328123009,0.0114744160446638,0.0126722561372642,0.0242193790734363,-0.0151395570669987,0.3678859453660699,1.3964773407785975
2019-07-22,-0.0101834349289204,-0.0156024217478203,-0.0086233689208894,-0.0034361638494543,0.0034480117828952,0.0227227796780635,0.0143377829499962,1.0057020357142212,1.0032672229046733,1.0039259821468542,582.5313497158129,585.969813204644,-3.438463488831076,-3.846760831091788,0.4082973422607119,50.597753268071656,0.0175332502875442,0.0137367235479267,0.0136136835686611,0.0446700257808731,0.0235812102058673,0.7808297303663396,1.8909700520268828
2019-07-23,0.0252202045968281,-0.0101834349289204,-0.0156024217478203,0.0132434118252879,-0.0150424694414346,-0.0051166942108766,-0.0172087037626389,1.0033088118825084,0.9983342470533784,0.9993507054566488,582.4841025540052,585.6923635720084,-3.2082610180032134,-3.719060868474073,0.5107998504708595,47.35608092366753,0.016157727917907,0.0119176579641138,0.0122448173805087,0.026304407032819,-0.0089104080198451,-0.3016658641140533,1.1653209188133056
2019-07-24,-0.0054275686959082,0.0252202045968281,-0.0101834349289204,-0.0086233689208894,-0.0177477495305338,-0.0154435914085809,-0.0270834150035178,0.9954933394854328,0.9885373238108228,0.989372359193711,581.4278043245429,584.946126571304,-3.5183222467611586,-3.6789131441314895,0.1605908973703318,43.204144573255874,0.0164412707889816,0.0124096128483031,0.0124705364828671,0.0200540180139218,-0.0113074125672373,-0.2523666655050406,0.8176990760739192
2019-07-25,-0.011346279683687,-0.0054275686959082,0.0252202045968281,-0.0156024217478203,-0.0240519890650462,-0.0390542513279653,-0.0334733355854401,0.9783670547354494,0.9706824518302072,0.9693091359076692,578.5928138455266,583.3205146927584,-4.727700847231745,-3.888670684751541,-0.8390301624802037,41.62502518850127,0.0177941517772225,0.0138758098199134,0.012932140972072,0.0341454075465422,-0.0257120314165213,0.4355661356021942,1.0611801532694418
2019-07-26,-0.0219204303118421,-0.011346279683687,-0.0054275686959082,-0.0101834349289204,-0.0281825968381267,-0.0520891035852689,-0.0313622850745478,0.9697288835612968,0.961787566651023,0.956857428809226,574.9490745309504,581.2159216266859,-6.266847095735557,-4.364305966948344,-1.9025411287872125,40.269623875576606,0.0182088384752442,0.0142007206857899,0.0128102332755003,0.0267754232166079,-0.0143727400474274,-0.0650108866877801,0.9545543627955362
2019-07-29,-0.0143727400474273,-0.0219204303118421,-0.011346279683687,0.0252202045968281,-0.0543147852217742,-0.0510540514583091,-0.0456319356630153,0.9783240781494024,0.9645084275020112,0.9567943147670122,571.6654616523907,579.1707119373249,-7.505250284934164,-4.992494830545509,-2.512755454388655,29.821979265196973,0.0076913258300143,0.0142202763572155,0.0123739455692832,0.0139560282302386,-0.0048894983467073,-0.1354486061658161,0.9245320076139784
2019-07-30,-0.0023479861292061,-0.0143727400474273,-0.0219204303118421,-0.0054275686959082,-0.0727494721234423,-0.0866976098535795,-0.0763394769428245,0.9685462251129564,0.9490476297567116,0.936662803083094,566.7735039853162,576.2593804468864,-9.485876461570228,-5.8911711567504526,-3.594705304819776,25.530812152097997,0.0089168384240953,0.0138426281287076,0.0131149422657084,0.0373020690447342,-0.027225221866444,0.1830854284100602,1.0876756591810577
2019-07-31,-0.0248152371141158,-0.0023479861292061,-0.0143727400474273,-0.011346279683687,-0.0737431141452887,-0.0901820893563704,-0.0906786426335385,0.9713246330377284,0.9460632744772668,0.929329189230188,561.6037784623348,573.0675958275569,-11.463817365222098,-7.005700398444782,-4.458116966777316,22.819422247372486,0.0088215613470021,0.0138845676130113,0.0131367084314712,0.0193783683106858,-0.008079945322944,0.0180708236567224,1.041687857434588
2019-08-01,-0.012405721390138,-0.0248152371141158,-0.0023479861292061,-0.0219204303118421,-0.0416158673090061,-0.0646669119886037,-0.0808021141605962,0.9914485102183294,0.9637998632392109,0.9443889149696112,558.2140614182497,570.5863381866847,-12.372276768434972,-8.079015672442821,-4.2932610959921504,27.72716163049513,0.0139116901033922,0.0151807014403388,0.013605609978543,0.0320695223309097,0.0144835149046707,0.0658631791407893,1.1013997413167007
2019-08-02,0.0120042878098491,-0.012405721390138,-0.0248152371141158,-0.0143727400474273,-0.024262669990313,-0.0517614817818863,-0.0625321721641284,0.9998395484020122,0.972280883516396,0.9506742095962184,555.6341975522208,568.4277165646386,-12.793519012417732,-9.021916340437803,-3.771602671979928,29.58838652650789,0.014276784595365,0.0154307203881242,0.0134015438401881,0.0305230483842131,0.0073572796756483,0.0503170333046936,1.1199754682524596
2019-08-05,0.0034737410672118,0.0120042878098491,-0.012405721390138,-0.0023479861292061,-0.0558238924204494,-0.1071066149151636,-0.0868175952498805,0.9763710511344528,0.9493108870399948,0.921785144129864,550.5675782172638,565.0405651061468,-14.472986888883042,-10.112130450126854,-4.360856438756189,19.931671547014982,0.0192935587299054,0.0138471059749717,0.0151079192451888,0.0341102502400765,-0.020265575908878,0.2790583522641472,1.278593606854682
2019-08-06,-0.034618061434552,0.0034737410672118,0.0120042878098491,-0.0248152371141158,-0.0445422728480882,-0.1140513181346537,-0.1185844466262879,0.9722533254076294,0.9482508669168216,0.915252166586328,545.2219201501847,561.3946566376359,-16.172736487451175,-11.32425165759172,-4.848484829859455,19.624118532604385,0.0179023241098813,0.0137055407381548,0.0138227614168766,0.0244615917629763,-0.0056840856895448,-0.0437887159479186,1.143579838074286
2019-08-07,-0.0131631063099957,-0.034618061434552,0.0034737410672118,-0.012405721390138,-0.0487460193862669,-0.1188944502598259,-0.1325018843578462,0.965426016539678,0.9442465608006028,0.9061486001643592,539.3693722634977,557.3787827301605,-18.00941046666287,-12.661283419405953,-5.34812704725692,19.709896117111118,0.0182152387745198,0.0137853665697391,0.0139583790862251,0.0319542608509174,-0.0151798008136314,-0.1279285044575143,0.965973415826087
2019-08-08,-0.0167508597587467,-0.0131631063099957,-0.034618061434552,0.0120042878098491,-0.0236390630434967,-0.0642711702415754,-0.1008153591337839,1.0076953720662694,0.9874549428209874,0.946222550080312,537.4380340426711,555.1148487374172,-17.6768146947461,-13.66438967447398,-4.012425020272119,32.848267623593415,0.027673602310227,0.020752095283183,0.0172304958663278,0.054410504593257,0.0396987247791979,0.2307433766891791,1.1159733296172578
2019-08-09,0.0387146595828484,-0.0167508597587467,-0.0131631063099957,0.0034737410672118,-0.0187866487717215,-0.0425935045026624,-0.0924639506198325,1.020191342288625,1.000240971331651,0.9588896670778254,536.4895688443996,553.3487866275275,-16.85921778312786,-14.303355296204758,-2.555862486923102,27.23073304940705,0.0281177489504768,0.0210350839757112,0.0174767041715171,0.0199638641570786,0.0002151104768109,-0.2958007239306625,0.7961009304245539
2019-08-13,0.00846090321002,0.0387146595828484,-0.0167508597587467,-0.034618061434552,0.1149254268130914,0.0526859497298537,-0.0010579329170931,1.0938492316345394,1.0912087124904042,1.0518997914614985,543.6100701219439,555.5283451846319,-11.918275062688052,-13.826339249501418,1.9080641868133643,50.16406429684904,0.0469380818858453,0.038312667679941,0.0286787097203149,0.0602470635672879,0.0337347563599726,3.771374649869284,2.467530295826786
2019-08-14,0.0969366331444514,0.00846090321002,0.0387146595828484,-0.0131631063099957,0.1417619824290208,0.0909053086800932,-0.0036735741590522,1.0758996998982178,1.092723538736891,1.063248123766005,550.5846101152025,558.0036218434092,-7.419011728206669,-12.54487374524247,5.1258620170358,53.995894663868285,0.0434561179768868,0.0367758920991434,0.0286218841521614,0.0187075330481027,-0.0120782341867543,-0.6977025053739898,0.736836319888709
2019-08-16,0.0105903237799993,0.0969366331444514,0.00846090321002,-0.0167508597587467,0.151974037873829,0.095819889091155,-0.0030034380653514,1.0381044304431677,1.0738503073676495,1.0549559320146558,555.7652248600992,559.9484354814552,-4.183210621356011,-10.87254112046518,6.689330499109168,56.69257779969171,0.0413391739681104,0.0365097417725147,0.028611462551308,0.014710483465488,-0.0102230667773439,-0.3064540127400113,0.5191701414087715
2019-08-19,-0.007956562093622,0.0105903237799993,0.0969366331444514,0.0387146595828484,0.1217077564246047,0.0951916360541043,0.0243689749147386,1.0265736774288006,1.0759606779066255,1.06565534752256,561.175686810709,562.2436052635003,-1.067918452791332,-8.91161658693041,7.843698134139078,61.44351867613797,0.0415943250597522,0.0365062560340816,0.0284624561314219,0.0129971028264226,0.0090160450835603,-0.2575404953560568,0.4146121862417913
2019-08-20,0.0114240877480924,-0.007956562093622,0.0105903237799993,0.00846090321002,0.0979692170961805,0.0773420550524324,0.0215772338969759,0.9953506744655818,1.0540641981230032,1.0507613245178036,564.5827213218018,563.8049242167826,0.7777971050192036,-6.973733848540488,7.7515309535596915,59.075684389637935,0.0445627426723249,0.0371769253700829,0.0285274317527182,0.0156745670094959,-0.0107381544410352,-0.0826287465523426,0.3943839259393976
2019-08-21,-0.012881009311237,0.0114240877480924,-0.007956562093622,0.0969366331444514,-0.0029809963186585,0.1116018382201828,-0.0074580718050542,0.9920384008182004,1.03898173735289,1.0470555009081055,567.1139308870775,565.0812693485834,2.03266153849404,-5.172454771133583,7.205116309627623,63.51900534511553,0.011019803512494,0.034425403247818,0.0279880541753619,0.0095597680890138,-0.0036843957717571,-0.2866834980048164,0.5582809070053372
2019-08-22,-0.0039186417523739,-0.012881009311237,0.0114240877480924,0.0105903237799993,-0.0322142570814698,0.1049809684012037,-0.0210435675586597,0.9794948528193822,1.009424274014446,1.0282538002523358,567.5536596688733,565.4435581352625,2.11010153361076,-3.7159435101847142,5.8260450437954745,61.748396233106,0.0114896154809328,0.0349329996770976,0.0282904921484931,0.0257468497896433,-0.0190408571206175,0.3141180694836638,0.8997786826865085
2019-08-23,-0.0190408571206175,-0.0039186417523739,-0.012881009311237,-0.007956562093622,-0.0016823203735955,0.1500360484800609,0.0133031447170415,1.002695647378425,1.0192489639728288,1.051527607929617,569.9724344583975,566.7644572215971,3.2079772368003887,-2.3311593607876944,5.539136597588083,63.36315264581705,0.017456340075147,0.0337305177035044,0.0286640293961221,0.0450679644790516,0.0297416860848834,0.5185281051041148,1.378178679806408
2019-08-26,0.0233406621931067,-0.0190408571206175,-0.0039186417523739,0.0114240877480924,-0.0199597184422398,0.0993187854318931,0.0286642806236379,0.9996370435624212,1.0028499399665252,1.0425522672606713,571.3825778800624,567.6810431088284,3.701534771234037,-1.1246205343833482,4.826155305617386,61.367730297368695,0.0162953468397474,0.0331929598794032,0.0282274125066722,0.0276286193025464,-0.021020010036796,-0.0988088698495371,1.1973200637355113
2019-08-27,-0.007093265039755,0.0233406621931067,-0.0190408571206175,-0.012881009311237,-0.0008620781660786,0.0970226818070953,0.050296641270022,1.0061639759688117,1.0002942461228184,1.0465481517168482,573.1419570493557,568.8023393585795,4.339617690776208,-0.0317728893514368,4.371390580127645,69.9423734867017,0.0159167044216858,0.0332103931559489,0.0279826290079426,0.018668853864723,-0.0078987636681598,0.4790730417241418,1.5168372698564867
2019-08-28,0.0063545708467305,-0.007093265039755,0.0233406621931067,-0.0039186417523739,-0.0060191054600849,-0.0089821588475254,0.0432305573128219,0.9982536655679364,0.9921230205716712,1.0348429125789156,573.8183127406808,569.4494452611269,4.368867479553842,0.8483551844296189,3.520512295124223,70.6928355708063,0.0163865040958426,0.0131680355309781,0.0280878629997474,0.0197498791795347,-0.0082041493984692,-0.5913834796861872,0.6137237822460608
2019-08-29,-0.0090598926640652,0.0063545708467305,-0.007093265039755,-0.0190408571206175,-0.0040104197453446,-0.0360954841341333,0.0515285534187892,0.9820009400461188,0.9787732293705684,1.0146612263677803,572.8749323701193,569.3188448960087,3.556087474110541,1.3899016423658033,2.1661858317447376,70.12316718876107,0.0158593984386348,0.0134056261099017,0.0277425662182431,0.0200926290184908,-0.0116996148900673,0.6276973445666396,0.950135570027111
2019-08-30,-0.0170584864051744,-0.0090598926640652,0.0063545708467305,0.0233406621931067,-0.021397517409557,-0.0230438403036701,0.0705679905653531,0.9916603411277998,0.9864228790977676,1.0167986678933754,572.5549495355336,569.4281929737349,3.126756561798743,1.7372726262523912,1.3894839355463515,66.43320695644559,0.0100290445535544,0.0135910606855903,0.0275116138542222,0.0267510173861884,0.002448799509404,0.3094202916196538,1.202662197127525
2019-09-03,0.0054760937377196,-0.0170584864051744,-0.0090598926640652,-0.007093265039755,-0.0476791999833906,-0.0666872550184107,0.0221563121265337,0.9674651537475332,0.959657648740556,0.9814274224126244,569.3196515601151,568.1020685086665,1.2175830514485142,1.633334711291616,-0.4157516598431017,56.81330328898547,0.0167438026259152,0.0158623747231819,0.0286687533492765,0.0356433250547741,-0.0288589079217661,-0.2427557201789835,0.9149073436594448
2019-09-04,-0.033759107501722,0.0054760937377196,-0.0170584864051744,0.0063545708467305,-0.0578107486528027,-0.0586229894347031,0.0141850431415322,0.9747774188145052,0.9612006504421374,0.9764891244245129,566.2128384294724,566.6963868569829,-0.4835484275105273,1.2099580835311874,-1.693506511041715,33.09597956112346,0.0147587999903159,0.0157256348991547,0.0286934101487881,0.0159846702242001,0.0004997566827721,0.7591193862840304,1.5409736180098423
2019-09-05,-0.004351832198379,-0.033759107501722,0.0054760937377196,-0.0090598926640652,-0.0512150898076775,-0.0569259262410623,0.0483228739682315,0.9830310995516288,0.964745638532528,0.9722326311667658,563.4046470905632,565.3084763288036,-1.9038292382404047,0.5872006191768688,-2.4910298574172742,28.319191527831578,0.0153876302850834,0.0157611262737827,0.0274589496692586,0.0166026752745949,-0.0067948566187899,-0.3020968670289697,0.9719061287092492
2019-09-06,-0.0021229605407213,-0.004351832198379,-0.033759107501722,-0.0170584864051744,-0.0155023565814028,-0.019450605369814,0.0834884196436769,1.005808584210653,0.9859069506686264,0.987844839143908,562.7094497316784,564.832727286508,-2.123277554829542,0.0451049843755866,-2.168382539205129,37.40923565625036,0.0196646683477936,0.016884085665623,0.0274496693748857,0.027607394122785,0.0162094579050058,0.0083204590674883,0.9456476617124164
2019-09-09,0.0199399182647805,-0.0021229605407213,-0.004351832198379,0.0054760937377196,-0.0211044679020512,-0.0420504020922547,0.1016765702208866,1.0099407444380573,0.9899482267231204,0.9831219318748534,562.1001064286077,564.3820599513384,-2.28195352273076,-0.4203067170456826,-1.861646805685077,32.920891010156566,0.0192120413213956,0.0144484058928312,0.0270263507757946,0.016241123665539,0.0012698337699002,-0.4933358905333241,0.5358955578679103
2019-09-11,-0.0002453917782943,0.0199399182647805,-0.0021229605407213,-0.033759107501722,0.0232095503925657,-0.0255762623855165,0.0712023197303595,1.0153236572568871,1.0024607012705882,0.9896695893766368,562.4425780357449,564.3779200938319,-1.9353420580870304,-0.7233137852539522,-1.2120282728330785,39.69749735169491,0.0101622174476136,0.0150633426954402,0.0258901400599317,0.0141769558897329,0.0097342014982112,0.0323436581886049,0.5886899781859635
2019-09-12,0.0099820427877361,-0.0002453917782943,0.0199399182647805,-0.004351832198379,0.0076593304115764,-0.0505942098664987,0.0415196860154378,0.9940374943024568,0.988105336154432,0.9685143679217264,561.0408427730341,563.5596518519277,-2.5188090788935824,-1.0824128439818783,-1.436396234911704,36.27094487955579,0.0147341184387594,0.015585626045748,0.0263721151130145,0.0287106018456216,-0.0199595391081955,-0.0204400596970621,0.7249374433558956
2019-09-13,-0.0194831882603353,0.0099820427877361,-0.0002453917782943,-0.0021229605407213,0.0225263066440775,-0.0298424699814117,-0.0385565790231615,1.0021177419459424,1.0036441222833952,0.9826497037746602,560.9273439750192,563.3184258322246,-2.391081857205449,-1.3441466466265926,-1.046935210578857,45.00590144585424,0.0152622385329465,0.0164503159470252,0.0145415672753841,0.0176239536226882,0.0112211324369455,0.0898745412985937,0.9005180638385382
2019-09-16,0.0125996880577292,-0.0194831882603353,0.0099820427877361,0.0199399182647805,-0.0096114510047521,-0.0249648074454146,-0.0601591747684902,0.991881421207266,0.9940067987623156,0.9737687450952665,559.786854156747,562.5921839303006,-2.8053297735535807,-1.6363832720119902,-1.1689465015415903,33.51898207077996,0.013853671232394,0.0160470792996275,0.0144038511988338,0.0272558281293969,0.0182926664947948,0.5869773160746896,1.483563213323468
2019-09-17,-0.0121165498148911,0.0125996880577292,-0.0194831882603353,-0.0002453917782943,-0.0202503916363238,-0.0409274857980822,-0.0630281996549906,0.9849799376836688,0.9872293445114796,0.9662016653810324,557.8863901158052,561.4693434829172,-3.5829533671120544,-2.025697291032003,-1.5572560760800511,32.812869130881026,0.0143652715781298,0.0159926476574738,0.0144744599223746,0.0146144185695956,-0.0111891662878808,-0.2388077904469252,1.0691749092292064
2019-09-18,-0.0109849443849975,-0.0121165498148911,0.0125996880577292,0.0099820427877361,-0.0232501470919065,-0.0005802221599049,-0.0672287837551707,0.996471032371438,0.994088449408879,0.976281273966303,556.8585616935419,560.7090591783377,-3.850497484795824,-2.3906573297847675,-1.4598401550110562,32.87944997190361,0.0136621421846906,0.012356018934912,0.0142682094473172,0.0158414102789396,0.0006224701071971,-0.0451936132052817,0.9831391205895352
2019-09-19,0.0068897229572102,-0.0109849443849975,-0.0121165498148911,-0.0194831882603353,-0.0258603231051272,-0.018399065452763,-0.0759434466678203,0.979513301009478,0.973890236347143,0.9584622539561138,554.1144710724201,559.1026083248497,-4.988137252429624,-2.910153314313739,-2.077983938115885,30.59203950415592,0.0144048978088856,0.0141912737059079,0.0147329931205343,0.0314235581117058,-0.0238440049103277,-0.0781903117261528,0.8843054918249762
2019-09-20,-0.0221034307461085,0.0068897229572102,-0.0109849443849975,0.0125996880577292,0.0234578278053412,0.046512552671766,-0.0130611437119728,1.0371157063313567,1.0313384731635664,1.02036287360741,557.0886438671679,560.1651257999188,-3.0764819327508803,-2.943419038001167,-0.1330628947497132,52.32642066071373,0.0344662366091349,0.0251311880218251,0.0211238043833437,0.076214731352715,0.0558945893340738,2.4988219716346287,2.1301978600652167
2019-09-23,0.0638649690148807,-0.0221034307461085,0.0068897229572102,-0.0121165498148911,0.0234978788758262,0.0136605791595434,-0.0060557327446258,1.0197918352471995,1.017484976434739,1.0083486862279103,558.5397092487815,560.6358993590104,-2.096190110228917,-2.773973252446717,0.6777831422177996,48.325286539974506,0.0344614100954232,0.0250322390792557,0.0208569457364458,0.0371207406091421,-0.0274300540589476,-0.5513216497430944,0.946869697862744
2019-09-24,-0.0120778908798385,0.0638649690148807,-0.0221034307461085,-0.0109849443849975,0.0678525381875396,0.0462281060793994,0.0022337935385425,1.0384115529884754,1.0450694760671784,1.0403695249356937,562.545694484546,562.4094337236207,0.1362607609252109,-2.1919264497723314,2.3281872106975423,63.07411810263992,0.0347837329674977,0.0267653307018659,0.0214409299831927,0.0438335322669156,0.0282244549820018,0.6176588938405183,1.3099576815044036
2019-09-25,0.0318753553296839,-0.0120778908798385,0.0638649690148807,0.0068897229572102,0.0612506922028477,0.0365764575077438,0.0100647060478766,1.0267861016909712,1.041919456795302,1.0405214363405917,565.9951605824764,564.0803811604707,1.9147794220057224,-1.3705852754167207,3.285364697422443,64.40646115061708,0.0351969173495504,0.0267287660784382,0.0213696930042097,0.0204368630011593,-0.0034656853376898,-0.4796108718751299,0.6654383989567345
2019-09-26,0.0006647708811351,0.0318753553296839,-0.0120778908798385,-0.0221034307461085,0.0998685816053199,0.0714256247118283,0.0172176917988136,1.021327538459177,1.048584356294887,1.0536086766085055,570.127187034331,566.2117108907714,3.9154761435595447,-0.3133729916214677,4.2288491351810125,67.11993091874807,0.0296206636961027,0.0255285397401669,0.0215275310892453,0.0117982450676695,0.0037151676552975,0.008695286514547,0.6494444769060287
2019-09-27,0.0134812824945642,0.0006647708811351,0.0318753553296839,0.0638649690148807,0.0436082789473812,0.0680890622511576,0.0362146464734531,1.022168239766891,1.051395106415556,1.0615884159578552,574.4850987646262,568.5999999567329,5.885098807893314,0.9263213682814886,4.958777439611826,65.72777197134891,0.016254214651836,0.0254739750490185,0.0214668195140637,0.0236813344614578,0.0128046386459556,0.038593371271353,0.8495345347444239
2019-09-30,0.0094463174187087,0.0134812824945642,0.0006647708811351,-0.0120778908798385,0.075088724010768,0.1003510286283397,0.0728809770762692,1.0253834800593822,1.0596877184466853,1.076452568180924,579.8042951836501,571.5970277738846,8.20726740976545,2.382510576578281,5.824756833187169,68.4616521684599,0.0115128730853092,0.0247366932600402,0.0212497014368446,0.0226684732900236,0.0169847067624116,0.3255793441544141,1.0906090608024748
2019-10-01,0.017722780799799,0.0094463174187087,0.0134812824945642,0.0318753553296839,0.0204896021356195,0.0897324118345137,0.0451324040254468,1.000298985004552,1.029137496567692,1.05195909889843,582.3815415376077,573.4458699005876,8.935671637020164,3.6931427886666577,5.242528848353507,61.254782739171056,0.0151702916214896,0.0257926707830191,0.0219225239022391,0.037320927605745,-0.0240089886419737,-0.2906686531740908,0.9070347377952384
2019-10-03,-0.0205291458313228,0.017722780799799,0.0094463174187087,0.0006647708811351,0.0246180576314758,0.087376622904941,0.0867457028921689,1.0001831284138605,1.0254675901931165,1.0524774084669577,584.9948399098267,575.366026275139,9.62881363468773,4.880276957870873,4.748536676816858,67.05046112753016,0.0150448096599656,0.0258209104265839,0.0201997185706365,0.0254757488382181,0.0194790195397519,-0.2452811837067777,0.7185040607215667
2019-10-04,0.0047130237630934,-0.0205291458313228,0.017722780799799,0.0134812824945642,0.0087137143480147,0.1094525222457847,0.0890396326722515,0.9962149325500548,1.012935580635579,1.0456204555608308,586.9986010174496,577.0440455961935,9.954555421256032,5.895132650547905,4.059422770708127,64.57594639322329,0.0144523314106688,0.0238790577634032,0.0201574450408681,0.0189205943938465,-0.0089401196581179,0.108496722071097,0.8259291565491778
2019-10-07,-0.0022501933545111,0.0047130237630934,-0.0205291458313228,0.0094463174187087,0.0008021365286345,0.0444453952695105,0.0930252167297669,0.997578589948194,1.0101236055190597,1.0425731443847344,588.8347631355583,578.6654981287093,10.16926500684906,6.749959121808136,3.419305885040924,68.38792319975013,0.0138281914024742,0.0149063536903298,0.0201111302571056,0.0145790313982705,0.0015289936219298,-0.3288811228038908,0.6152907453975242
2019-10-09,0.0015289936219298,-0.0022501933545111,0.0047130237630934,0.017722780799799,-0.0056296139520066,0.069036389530432,0.0836400457540451,1.0098872807895494,1.0147258298991464,1.0499597278554618,591.4188155017224,580.662950379592,10.755865122130444,7.551140321872598,3.2047248002578463,73.443814252009,0.0119411882280258,0.0138142160504509,0.0198543066120514,0.0282695365960337,0.0122639835804196,0.748099205850689,1.1870150166183413
2019-10-10,0.0111822881832732,0.0015289936219298,-0.0022501933545111,-0.0205291458313228,0.0443329124880549,0.065730878362068,0.1149975984590814,1.0297729634331891,1.0371557460825236,1.0740950606774182,596.2779945020584,583.7992858332449,12.47870866881351,8.536653991260781,3.942054677552729,76.06637570531832,0.012173251324384,0.0131931751854366,0.0205542999985402,0.0352228686774715,0.0284906100871446,0.9902832776165216,1.9197630677039903
2019-10-11,0.0286847478397929,0.0111822881832732,0.0015289936219298,0.0047130237630934,0.0316921154638294,0.057090371420257,0.0957549924723553,1.0157247473631994,1.023739158155197,1.0611519688644664,599.6757215347947,586.3595772689189,13.316144265875778,9.492552046183782,3.823592219691996,80.4741004829713,0.0142283815183944,0.0138238246002165,0.0207299293622938,0.0214771840391469,-0.0081395840618796,-0.5258829602252617,0.8805215075440868
2019-10-14,-0.0074482068647219,0.0286847478397929,0.0111822881832732,-0.0022501933545111,0.0381469670996417,0.0471930832222058,0.1219895033852576,1.0121940217511691,1.023087257840276,1.0592534445463138,602.930519634009,588.9130833363832,14.01743629762575,10.397528896472176,3.619907401153574,74.12148218481265,0.0135436317130366,0.0135497378694209,0.0199329018436107,0.0103829149670999,-0.0050917631436631,-0.1929762417902955,0.7228581199499328
2019-10-15,0.0039922959259868,-0.0074482068647219,0.0286847478397929,0.0015289936219298,0.0412563873640581,0.042091617148037,0.1130466581394391,1.0086509767081784,1.0234720011840404,1.0583318097511494,606.1171310214451,591.4857063227507,14.631424698694332,11.244308056916609,3.387116641777723,80.34973298518285,0.0132718455462593,0.0134473636556325,0.0198729454156733,0.011509061415034,0.001211023636861,-0.2778413911913858,0.5242180703677894
2019-10-16,0.0045287370560112,0.0039922959259868,-0.0074482068647219,0.0111822881832732,0.0359313933965288,0.030099499570942,0.133471043942424,1.007621331030078,1.0265357913454138,1.058060969547547,609.3902297795642,594.1454519987855,15.24477778077869,12.044402001689026,3.200375779089665,76.82609783091725,0.0131813519901087,0.0126248253877057,0.0194331547833985,0.0116224081749592,0.0017884493712213,1.0060042649531038,1.0312950488615151
2019-10-17,0.006011093413194,0.0045287370560112,0.0039922959259868,0.0286847478397929,0.0247660274927064,0.0701968901102723,0.1662282381976632,1.0202963026199012,1.037491562885024,1.0684814840701886,613.8583175508571,597.4259963168731,16.432321233984,12.921985848148022,3.510335385835976,79.55517767251035,0.0088867049252275,0.0102492480019252,0.0191313927745579,0.0193340722057368,0.0156363056609914,-0.173406460430661,1.0677423155019057
2019-10-18,0.0175974869627437,0.006011093413194,0.0045287370560112,-0.0074482068647219,0.0471314385975372,0.080317249055376,0.1747117219437908,1.0252484623008749,1.044070868253257,1.0750060211404249,619.0351253675522,601.1357423940956,17.899382973456568,13.917465273209732,3.981917700246836,79.8203694514841,0.0062198408097852,0.010466793589358,0.0191813007288073,0.0206163507831826,0.0087962830892351,0.7533547104733853,1.6230766534116523
2019-10-22,0.0142141319528725,0.0175974869627437,0.006011093413194,0.0039922959259868,0.0413476200166933,0.0810718734167603,0.1993979166912005,1.0154017679669065,1.0343629895384705,1.0638446324988589,623.2607723963422,604.4961934059913,18.764578990350856,14.886888016637958,3.877690973712898,77.59978347116478,0.0077115117534886,0.0103944769517503,0.0179824134850629,0.0236891262188351,-0.0076139587620018,-0.0119283686967521,1.375244739251854
2019-10-23,-0.0015532440913946,0.0142141319528725,0.0175974869627437,0.0045287370560112,0.0207088138073112,0.0628195720156541,0.1100570079940617,0.9957449441997006,1.012359998842171,1.0420712241848678,625.3065628960636,606.871172460698,18.43539043536566,15.5965885003835,2.838801934982163,65.91687286879326,0.013224435490068,0.0126680416844274,0.0134926733318207,0.0307382811986875,-0.0168750394734733,-0.3361467377217902,0.8400103926135174
2019-10-24,-0.0153803437709291,-0.0015532440913946,0.0142141319528725,0.006011093413194,0.0467081323002434,0.0843178139732692,0.1591752009535143,1.017914194338929,1.0359736274054758,1.0671614153255873,630.1357984871739,610.5619444442226,19.573854042951325,16.392041608897063,3.1818124340542617,81.98388044392075,0.0181576956069239,0.0150012820101846,0.0140549212364644,0.0381843940465737,0.0253033484854707,0.2274905996695246,1.0015605553630458
2019-10-25,0.0316360341125012,-0.0153803437709291,-0.0015532440913946,0.0175974869627437,0.0248478907863349,0.0502293018253916,0.1192617963159561,1.009230624276898,1.027116858369704,1.0572720027648468,633.8528308413106,613.8015418030996,20.051289038211053,17.123891094759863,2.92739794345119,79.34062021761541,0.0182179415210472,0.0135133734399132,0.0130199182418229,0.0211011312133197,-0.0068697415367791,-0.4020110775812269,0.6124623381961187
2019-10-27,-0.0036547858939373,0.0316360341125012,-0.0153803437709291,0.0142141319528725,0.012638135790371,0.0603652279088993,0.120901872611344,1.0088345670385828,1.02330941949529,1.0535052989374667,637.2125271632003,616.904454034988,20.3080731282123,17.76072750145035,2.547345626761949,80.79082568687755,0.017485489226973,0.0128569344461126,0.0129940010216538,0.0104585017051824,-0.0046842523550044,-0.7773374760348205,0.1764510614006226
2019-10-29,0.0021310646255958,-0.0036547858939373,0.0316360341125012,-0.0015532440913946,0.0374076002101906,0.0803019354661114,0.1312847146116735,1.0242831469871547,1.0386305075446314,1.0709019602775405,642.3622788436214,620.8882658165398,21.474013027081583,18.5033846065766,2.970628420504987,83.3015026608025,0.019335976903844,0.0138820901281545,0.0134476205927741,0.0258341479715463,0.0149083263631715,7.547218576369367,1.5446530557713487
2019-10-30,0.0228690944730718,0.0021310646255958,-0.0036547858939373,-0.0153803437709291,0.0622666386560342,0.0842649206896803,0.1299033846183972,1.0203434026759126,1.038708411160697,1.0730382029310548,647.5672764343865,624.9850433992846,22.58223303510192,19.31915429228166,3.2630787428202623,83.11521286438149,0.0146648322683865,0.0138332516889148,0.0134351266283765,0.0163951339385446,-0.0006080907735823,-0.3658395781982695,1.0049155943307673
2019-10-31,0.0082137554854986,0.0228690944730718,0.0021310646255958,0.0316360341125012,0.0194228871591013,0.0670382262424247,0.0991555428753871,1.0062946779007538,1.021748814277286,1.0572713951550652,650.9340859192405,628.278857820518,22.655228098722432,19.986369053569813,2.668859045152619,74.21351149609245,0.0125606377662105,0.0149903442774577,0.0136122018072467,0.0190870157200381,-0.0132412671089148,0.1910718479715834,1.2456250549576011
2019-11-01,-0.0099723119207674,0.0082137554854986,0.0228690944730718,-0.0036547858939373,0.0179569130355856,0.0432509952358886,0.1164839707058946,0.9976512005155956,1.0122844154968562,1.0461519485698,653.2589425927227,631.0763983002482,22.18254429247452,20.42560410135076,1.7569401911237603,75.18106680986551,0.0127908106546286,0.0148587607951801,0.0124900604678927,0.0142768489543909,0.0013058046600278,-0.2856305989686155,0.885706023259166
2019-11-04,-0.0050875733272649,-0.0099723119207674,0.0082137554854986,0.0021310646255958,0.0163151472343576,0.0291594760709164,0.1118187340282046,0.994976159178834,1.0099075203016838,1.0412101941023029,655.2788821637942,633.6921132265029,21.586768937291254,20.657837068538857,0.9289318687523966,74.611017980815,0.0128584313565591,0.0144739409206039,0.0125408872760587,0.0177682767438686,-0.0056279180582999,0.0114448759416241,0.7853039110523992
2019-11-05,0.0005148228287361,-0.0050875733272649,-0.0099723119207674,0.0228690944730718,-0.0134624159509043,0.0234415875855316,0.1064139144237139,0.9905821744285458,1.0004389326971526,1.0287028058515906,656.260109577297,635.7635759765074,20.49653360078969,20.625576374989024,-0.129042774199334,70.11854484889716,0.0072006181937123,0.0147699054773538,0.0127416566425779,0.0193117789019892,-0.0107990450164304,-0.0979901494898045,0.829561533741614
2019-11-06,-0.0071004963313247,0.0005148228287361,-0.0050875733272649,0.0082137554854986,-0.0298830872546829,0.0305228320053372,0.0952598352642721,0.9880734045659172,0.988962098126118,1.015385714197313,656.2182428845157,637.2616796874489,18.95656319706677,20.291773739404576,-1.335210542337805,64.83278794816984,0.0040880873396786,0.0139945592406436,0.0130878004120951,0.0125095520374718,-0.0054065604053846,0.152943993057822,0.9783949490367152
2019-11-07,-0.008567710269537,-0.0071004963313247,0.0005148228287361,-0.0099723119207674,-0.0039265905892019,0.0154200308439653,0.1010380281093981,1.0051893193745831,1.003764327773274,1.0272916550344553,657.8497248986768,639.451397931087,18.39832696758981,19.91308438504162,-1.5147574174518112,64.75760861909346,0.0102470246229207,0.0110826397623666,0.0132810724276105,0.0211160849212638,0.0164459884800209,-0.0370220378715128,1.015246825614396
2019-11-08,0.0165169184459532,-0.008567710269537,-0.0071004963313247,-0.0050875733272649,-0.0078247938234456,0.0099916100699311,0.0607227834932468,0.9977291581799376,0.9937713338797204,1.0151072468505924,658.3088417411881,641.0352932232287,17.273548517959398,19.385177211625177,-2.1116286936657787,57.15688639713017,0.010792972541942,0.0114832756094866,0.0123713101578395,0.0126945303194649,-0.0024154820829018,-0.1465975775841007,0.8906168493890432
2019-11-11,-0.0089812329740364,0.0165169184459532,-0.008567710269537,0.0005148228287361,-0.0204781779996721,-0.0044971352544704,0.0555966220598556,0.9895898318039276,0.9820381547374728,1.0000367724968842,657.4524240063658,641.9024660559409,15.549957950424982,18.61813335938514,-3.0681754089601583,53.11428750708963,0.0116638743439075,0.0122102610864591,0.0126288289169264,0.0151982411190321,-0.0078520917109913,-0.0550372386932973,0.8767541929399411
2019-11-13,-0.0122449179392754,-0.0089812329740364,0.0165169184459532,-0.0071004963313247,0.0172735127049405,0.003578553541069,0.0841678537826973,1.0169081397256357,1.0122796022664156,1.0270934448615685,659.8575893184875,644.2123573506976,15.645231967789869,18.023553081066087,-2.3783211132762183,66.51507491649576,0.0192624887350931,0.0141015130494351,0.0141373919268762,0.0311757305895143,0.0295804175238458,1.2209986035198064,1.6314149226631398
2019-11-14,0.0311667827852508,-0.0122449179392754,-0.0089812329740364,-0.008567710269537,0.0194090702323761,-0.0110540199615932,0.0722794346127213,1.0064401158986438,1.006845390022406,1.0169338408533637,661.2210513884799,646.0277451597894,15.193306228690403,17.457503710590952,-2.264197481900549,56.34041446541326,0.0189544291936835,0.0139673387268839,0.0143347514852721,0.0176379638765241,-0.0089769351244691,-0.434778606573783,0.9265132035997348
2019-11-15,-0.0064864011006324,0.0311667827852508,-0.0122449179392754,0.0165169184459532,0.0083984532676943,0.0044388853909276,0.0717746866364534,1.0103102258409025,1.0119680655138434,1.019075876222111,662.9444522115263,647.9829608322702,14.961491379256016,16.958301244323966,-1.9968098650679489,59.4292423446758,0.0177379273528259,0.0137222912785001,0.0143309361796921,0.0160791781341912,0.0035479036679798,0.1005371460625315,0.9987949997530956
2019-11-18,0.0055375395548318,-0.0064864011006324,0.0311667827852508,-0.0089812329740364,0.0094776959748423,0.0015787411344723,0.0448980184956466,1.0004250954487657,1.003793831739198,1.0088129685020215,663.5833315587914,649.398828027565,14.184503531226484,16.40354170170447,-2.2190381704779867,55.700250421690605,0.0175824462906826,0.013879425126042,0.0141509967786634,0.0209703450774585,-0.0091331615001111,-0.1029565809233663,0.8731025579542052
2019-11-19,-0.0079205909495532,0.0055375395548318,-0.0064864011006324,-0.0122449179392754,0.0573959932963841,0.0357424499295206,0.065944157113873,1.0235801378883065,1.0348585732176203,1.0404014824434231,667.6792665773909,652.4216488536481,15.257617723742785,16.17435690611213,-0.9167391823693478,59.02365778761371,0.0203623659218641,0.0176398527951717,0.0157083241048668,0.0330518599088284,0.0291411387711281,1.143801198219586,1.5174959681544975
2019-11-20,0.0346422415212832,-0.0079205909495532,0.0055375395548318,0.0311667827852508,0.0511784672992654,0.0693360119093193,0.0944029456908546,1.0386633727328296,1.0535900175226771,1.0616357834855823,673.8106883809894,656.5040088126949,17.3066795682945,16.400821438548604,0.9058581297458944,63.059617215923424,0.0190267201838586,0.018381901421126,0.0163897330499688,0.0188672946333272,-0.004758725295568,0.4427940113841164,1.8489068861837157
2019-11-21,0.0251034854775453,0.0346422415212832,-0.0079205909495532,-0.0064864011006324,0.0511706952431978,0.0715729410933885,0.1042803819558471,1.021654300195202,1.0394807574765847,1.0495150831902504,678.2919616829527,659.9436351853657,18.34832649758698,16.790322450356282,1.5580040472306995,64.2094909157963,0.019028328553072,0.0181990780372515,0.0159322924478695,0.0178524665206558,-0.0047896802559196,-0.6578315508340737,0.6292214164082364
2019-11-22,-0.0064937468022758,0.0251034854775453,0.0346422415212832,0.0055375395548318,0.051432783627384,0.0602631927248002,0.0766124838593378,1.017340488022789,1.039321474224944,1.0516401624231595,682.7097754955513,663.4298660208826,19.27990947466867,17.288239855218762,1.991669619449908,67.28393249427623,0.0190133816165373,0.0178948991023638,0.0146635386196699,0.0206272394239622,0.0028532573642124,0.5004570269479092,0.8938238426792718
2019-11-25,0.0057882502245385,-0.0064937468022758,0.0251034854775453,-0.0079205909495532,0.070141138107838,0.0802836104649959,0.0910773830656994,1.013592029975516,1.04131448993984,1.0571889408462871,687.5064442744808,667.1675146533057,20.33892962117511,17.898377808410032,2.44055181276508,68.99449617416985,0.0162383262366532,0.0171143232300256,0.0146108351567544,0.0088373776316238,0.0067046838023504,-0.322406501358998,0.6005100262374902
2019-11-26,0.0097316770282851,0.0057882502245385,-0.0064937468022758,0.0346422415212832,0.033449265365858,0.09276511247295,0.0878507999607924,1.0061520519452656,1.0313384341079028,1.0518226373381112,691.4737333464357,670.5842782524821,20.88945509395353,18.496593265518733,2.392861828434796,71.35564229993315,0.0120365656465877,0.0159649466244694,0.0146507561955165,0.0130427944605987,-0.0050060432148608,1.3326699526929473,1.3457833301889426
2019-11-27,-0.0008324824263447,0.0097316770282851,0.0057882502245385,0.0251034854775453,0.0143443508578031,0.0662569400483739,0.0700725975968734,1.0094524867849726,1.0310358439199303,1.0546399536330218,695.505869321984,674.0730440995204,21.432825222463634,19.083839656907717,2.348985565555921,75.78827593420809,0.0064761884100181,0.0139414268333298,0.0139991775429083,0.0123579412088876,0.0063463472835779,-0.7270741377334449,0.4951590690342624
2019-11-28,0.0061528556708423,-0.0008324824263447,0.0097316770282851,-0.0064937468022758,0.0277706288955619,0.0803623665266863,0.0684200193613464,1.0106223400243377,1.0299475681297197,1.0580636493561466,699.652662037472,677.6572646827157,21.995397354756392,19.66615119647745,2.329246158278941,74.49678028603078,0.0038682912325106,0.0131773733540627,0.013975800288128,0.0127823560198145,0.0048644745389526,0.4256819561330032,0.7143757681207595
2019-11-29,0.0066567096244831,0.0061528556708423,-0.0008324824263447,0.0057882502245385,0.003006833359016,0.054594266795958,0.0592754898801946,0.9913908790515152,1.005686028658946,1.035537685178217,701.1112687943273,679.9888455178502,21.122423276477093,19.95740561247738,1.1650176639997127,69.97541886129099,0.0113543985384565,0.0156018204013683,0.0145205404123335,0.0219836647675312,-0.0194695937081694,0.3500361775420788,1.0040141862950775
2019-12-02,-0.018445887122221,0.0066567096244831,0.0061528556708423,0.0097316770282851,0.0159777291072944,0.0872395633190969,0.0889560331407344,1.0107606254346029,1.0201850754089543,1.054575011907452,704.8317556865462,683.344815004954,21.486940681592277,20.26331262630036,1.2236280552919112,78.12832911103655,0.0149097534154413,0.0157022592154224,0.0150340160392002,0.0236053784730473,-0.0084375095437029,0.6824378809148519,1.4388751886425175
2019-12-03,0.0227895385311889,-0.018445887122221,0.0066567096244831,-0.0008324824263447,0.0119531710061928,0.0458022611610005,0.0831817961167271,1.0035338503990543,1.0108032624447272,1.0453106762311273,707.4453234715487,686.1948247297028,21.250498741845945,20.46074984940948,0.7897488924364637,71.73735612688876,0.0152820487576806,0.0131550779854546,0.0151520762244927,0.0135536919499238,-0.0086956973649203,-0.5839783965368666,0.7538057936390905
2019-12-04,-0.0047904508069527,0.0227895385311889,-0.018445887122221,0.0061528556708423,-0.0109245965816082,0.0032630480298483,0.0728253066762258,0.9890376032699624,0.9937089464184502,1.0243909141800092,707.8140774176325,687.9464839438799,19.86759347375255,20.342118574278096,-0.4745251005255468,67.17586637115035,0.0171803858797041,0.0125148182879602,0.0156619032045784,0.0281767369113903,-0.0129052480091419,0.6156211505303983,1.076171974148007
2019-12-05,-0.0165937810800979,-0.0047904508069527,0.0227895385311889,0.0066567096244831,-0.018635719074056,0.0086173841828984,0.0808070968067886,0.9915794013134106,0.9916840226198108,1.0192717656385626,707.9959824242948,689.5057414266248,18.49024099766996,19.97174305895647,-1.4815020612865126,65.64944666985984,0.0165291697997563,0.0123009635235183,0.0154447336255547,0.023051862580166,-0.0147077134789012,-0.0497982928687391,0.9614952641206874
2019-12-06,-0.001191481897549,-0.0165937810800979,-0.0047904508069527,-0.018445887122221,0.0024175352209352,0.0054316377055003,0.0660221582601585,0.9936923474072046,0.9937399721306494,1.0187097434104275,708.4347484245235,691.0866466117475,17.348101812776008,19.44701480972038,-2.098912996944371,69.2943426718627,0.0143553812061396,0.0122020785710392,0.0151622608321799,0.017300169930399,0.0012234035876991,-0.3438505580555258,0.6660434016761557
2019-12-09,0.0026114396466039,-0.001191481897549,-0.0165937810800979,0.0227895385311889,-0.0087614270336063,0.0070763143659517,0.0879280368970316,1.00679261995678,1.0043428234189449,1.0260341696762096,710.0509131801257,693.1498445913171,16.901068588808585,18.93782556553802,-2.036756976729436,64.60608617950754,0.0102639713025689,0.0123495770817317,0.0149760495308726,0.0196490227190339,0.0105709591094498,-0.0338210994163344,0.7936553882485831
2019-12-10,0.0113833876570821,0.0026114396466039,-0.001191481897549,-0.0047904508069527,-0.0107353120985113,0.0010895378863633,0.0939557214638853,1.0021493463347144,0.997432880462706,1.0146452543838989,710.6693855965246,694.6995586131987,15.969826983325902,18.3442258490956,-2.3743988657696957,53.80521126720534,0.0104489661460586,0.0125761910579961,0.0147048383318561,0.0124524129098233,-0.0064247188320329,-0.1953181276402141,0.6620564498762751
2019-12-11,-0.0067722434037885,0.0113833876570821,0.0026114396466039,-0.0165937810800979,0.0062471759591851,-0.0047456684995516,0.061196838075558,1.0011919124479909,0.998195160766756,1.0119761039567252,711.2243621814343,696.1497197084016,15.074642473032782,17.690309173883037,-2.615666700850255,56.954592491535045,0.006629112121993,0.0124022512756507,0.0133251850644933,0.0152969696762544,0.0043713507709039,0.215397254763999,0.9063877008011264
2019-12-12,0.0002881359365687,-0.0067722434037885,0.0113833876570821,-0.001191481897549,0.0111873953939145,-0.0076568088378727,0.0720902384105597,1.0026790114256627,1.0026758017727395,1.0122758260745257,712.1018885675838,697.6888725960315,14.41301597155234,17.0348505334169,-2.62183456186456,56.19293355259448,0.0065371463130747,0.0122499462271322,0.0131344950428807,0.0109680165071917,-0.001305529869129,-0.1648276727160942,0.881222646772263
2019-12-13,0.0037122170847607,0.0002881359365687,-0.0067722434037885,0.0026114396466039,0.0180075907568373,0.0204686599626713,0.0761803982415871,1.0084670596143266,1.0100242977266456,1.0180828726428646,713.8783088811045,699.6118168930268,14.266491988077746,16.48117882434907,-2.214686836271323,56.10523004373641,0.0072883850846904,0.0108513836475188,0.013192656970407,0.0111188529197953,0.0018354752703886,0.2267634690429749,1.0887994030482904
2019-12-16,0.0093737924237833,0.0037122170847607,0.0002881359365687,0.0113833876570821,-0.0038153137206461,-0.0125433131614787,0.0736019769948361,0.9988459894280816,1.0008944800483506,1.0041310274564568,714.2350057269202,700.8403370030919,13.394668723828318,15.86387680424492,-2.469208080416601,51.67237803767466,0.0079199453814246,0.0086582340842629,0.0133135687332686,0.018862434996462,-0.0159547382598063,-0.0612224857583529,1.0354892062862346
2019-12-17,-0.0102975145870211,0.0093737924237833,0.0037122170847607,-0.0067722434037885,0.0004801980693096,-0.0102602691053447,0.0350720485305107,0.9962640938054056,0.9994371965319052,0.9999344252469428,714.2625247527066,701.845784587643,12.416740165063516,15.17444947640864,-2.757709311345124,48.05864906189486,0.0073126421325155,0.008583280781042,0.0111811034206367,0.0150060354771059,-0.0025849378098133,0.7089954541930616,1.503813457234901
2019-12-18,-0.0024894817860557,-0.0102975145870211,0.0093737924237833,0.0002881359365687,0.0086085188815239,0.0149094737729098,0.0182211721317788,1.002927589877616,1.0063573715909184,1.007439832169338,715.2106898899103,703.2220670733385,11.98862281657182,14.537284144441276,-2.548661327869457,48.8091852643643,0.0082083631631307,0.007038488304864,0.0098983696395324,0.0114223354809817,0.0082213481545209,-0.2746683194420397,1.0536933359569507
2019-12-19,0.00841489635545,-0.0024894817860557,-0.0102975145870211,0.0037122170847607,0.0266228440920188,0.0381080797693014,0.0470538559160444,1.019213692647012,1.024268243741491,1.0268651193840743,718.411345847352,705.6511697800009,12.76017606735104,14.181862529023231,-1.4216864616721914,65.32845800774317,0.0122190302423885,0.0093803987633311,0.0107474470709318,0.0267710014927602,0.0230348656003992,0.3911076437872356,1.2795709867216802
2019-12-20,0.0216390915438049,0.00841489635545,-0.0024894817860557,0.0093737924237833,0.0102344255468778,0.0284263136505944,0.0340123527931479,1.010272701911935,1.0145125527453145,1.018236723092516,720.3564847223988,707.5329163544569,12.823568367941904,13.910203696806969,-1.0866353288650643,53.76570790616314,0.0129860338805609,0.0099587597837216,0.010900874675085,0.0134137879530299,-0.0098451684530361,0.0372391677397534,1.1985472362335805
2019-12-23,-0.0067392721489883,0.0216390915438049,0.00841489635545,-0.0102975145870211,0.0030639579164064,-0.0007630457649177,0.0063078690493258,0.9921707496528448,0.9970148144192632,1.000284878520485,720.0541386653471,708.3372362801684,11.716902385178628,13.4715434344813,-1.7546410493026734,47.998951315984456,0.0149020320858479,0.0112761614803149,0.0115168550522499,0.0125683489092126,0.0072431757628825,0.1803474224443868,1.2313311475584778
2019-12-24,-0.0173222500899804,-0.0067392721489883,0.0216390915438049,-0.0024894817860557,-0.0103986712638073,-0.0099234666163617,-0.0088447407228411,0.9784252389705144,0.9821505170694852,0.9848353434075028,718.0434903039716,708.2370650235935,9.806425280378107,12.738519803660662,-2.9320945232825544,48.32123887077549,0.0167114722839589,0.0122109194483649,0.0120777362611012,0.0191082962013826,-0.0143093637555912,-0.281160869232045,0.905341052270668
2019-12-26,-0.0158775754405944,-0.0173222500899804,-0.0067392721489883,0.00841489635545,-0.0383602154386517,-0.0300819211960307,-0.0346848308697562,0.9661706505986168,0.9653120987866072,0.966737707189631,714.1583251790818,707.0928318360818,7.065493342999957,11.60391451152852,-4.538421168528563,41.76920749701181,0.0171346388167386,0.0136041632905012,0.0127377786233678,0.0282433547975582,-0.0170272015385777,0.6489516079747351,1.2973805597632275
2019-12-27,-0.020078231990511,-0.0158775754405944,-0.0173222500899804,0.0216390915438049,-0.0419888465493737,-0.0164838649726425,-0.0240144600075105,0.991903206648537,0.984099733923657,0.9851227170748325,712.7663574081413,706.9459950088142,5.820362399327109,10.447204089088238,-4.626841689761129,47.36621497280535,0.0154939821600246,0.0150252981286677,0.0133496907143379,0.0161441678884047,0.0100524097980372,-0.4060159364838952,0.7901203347878045
2019-12-30,0.0177840603241923,-0.020078231990511,-0.0158775754405944,-0.0067392721489883,-0.0343318332277056,-0.0244487742718846,-0.0044805479562884,1.0001554400058994,0.9877190740745754,0.98652331199378,711.7186560881388,706.872684180615,4.84597190752379,9.326957652775349,-4.480985745251559,43.61510413477551,0.0161073110741451,0.0145801748819141,0.0127162624155014,0.012692640087813,-0.0011320009091932,-0.0313290779598622,0.7948374449120003
2019-12-31,0.001199477413218,0.0177840603241923,-0.020078231990511,-0.0173222500899804,-0.0364961382728233,-0.0335440029881962,-0.0456665632155044,0.9879672898906056,0.9717003207738536,0.9695054501093576,708.7115904579924,705.7837986481389,2.9277918098534883,8.047124484190977,-5.119332674337489,40.09921181357937,0.0164905424367379,0.0154057480333757,0.0122090981529672,0.0235461076959352,-0.0181257705147287,0.2966205589675486,1.0591642743050047
2020-01-01,-0.0195246778856112,0.001199477413218,0.0177840603241923,-0.0158775754405944,-0.0238288230383879,-0.0339797062048156,-0.0438913343803784,0.9898237091541308,0.9721573325450764,0.9688054562457704,705.854162028157,704.6248732419111,1.2292887862458883,6.68355734460196,-5.454268558356072,39.26389994364337,0.0158089980629509,0.0154037773843684,0.012195942537087,0.0143083723629473,-0.0055336150536,-0.3692534861835144,0.6948741752142994
2020-01-02,-0.0029391851794241,-0.0195246778856112,0.001199477413218,-0.020078231990511,0.0131318239363844,-0.0257321310975694,-0.0112063098583798,1.004054679296568,0.99129637348996,0.9858492444776504,705.2439082095223,704.422105757846,0.8218024516762625,5.511206366016821,-4.689403914340558,43.811134472986566,0.0154976278020768,0.0163458528768788,0.0124181849817998,0.0188562769979282,0.0154100549014441,0.2646189773149541,0.9981116920369432
2020-01-03,0.0170244231432183,-0.0029391851794241,-0.0195246778856112,0.0177840603241923,-0.0033714689880511,-0.0452187514434396,-0.008833871461213,1.0059487331252177,0.9971780758638772,0.9874715212531328,704.8576571568553,704.2970072844638,0.5606498723915365,4.521095067291764,-3.960445194900228,40.95671546550311,0.0130454144994948,0.0141210477321782,0.012422621619705,0.0121328879231502,0.0027071637815363,0.1848855774227857,1.1401475770453111
2020-01-06,0.0012049853366058,0.0170244231432183,-0.0029391851794241,0.001199477413218,-0.0276518477505682,-0.0610343423528635,-0.0343430100614492,0.9881410138078632,0.9802577601813096,0.9662271133421632,702.023448784166,702.9739180585312,-0.9504692743652186,3.426782198960368,-4.377251473325586,38.0462692165318,0.0163445010442001,0.0153154584615926,0.0133982960883293,0.019913385039829,-0.0121710565320978,0.1684312540499748,1.2330902548563258
2020-01-07,-0.0231922611051886,0.0012049853366058,0.0170244231432183,-0.0195246778856112,0.0069680874609521,-0.0297823590953433,-0.030522679557284,1.0019518775522744,0.99838908106157,0.982609711107756,701.2499719880443,702.5310981734086,-1.2811261853643146,2.485200522095432,-3.766326707459746,43.46483942223975,0.0163040754627533,0.016139886333289,0.0136311646799821,0.0137741493119711,0.0036867067441262,-0.3195684341281112,0.8883501988625815
2020-01-08,0.0153846208563759,-0.0231922611051886,0.0012049853366058,-0.0029391851794241,0.0023516820129003,-0.0215331788400154,-0.0312429616750142,0.9939632464447744,0.9930565267258264,0.9767661930125902,699.7901749904846,701.7333347164084,-1.943159725923806,1.599528472491584,-3.54268819841539,39.18220415504196,0.0167373661152691,0.0156002930329896,0.013647288641253,0.016158281009831,-0.0012211313084954,-0.0381044355955798,0.8363011313220189
2020-01-09,-0.0075101711271342,0.0153846208563759,-0.0231922611051886,0.0170244231432183,0.0082720238962235,0.0215124745940107,-0.0092165831674885,1.0151618538125031,1.013759113085858,0.9997271602174282,701.0060776812513,702.1748315878203,-1.168753906569009,1.0458719966794656,-2.2146259032484745,39.33920328339802,0.0183504810179497,0.0160201470541104,0.0147100515103175,0.012112359184262,0.006109449280976,-0.0663737851838826,0.8036387466684194
2020-01-10,0.0230314288646094,-0.0075101711271342,0.0153846208563759,0.0012049853366058,0.0068308020909566,0.0034363032654922,-0.0131042052661837,1.0135364952401011,1.013178205925486,1.000164775444666,702.0102977765636,702.5717706035952,-0.5614728270315936,0.7244030319372537,-1.2858758589688477,40.814135531617495,0.0183729119746967,0.0150630495348398,0.0146789958949852,0.0118243868370785,-0.0027385435487181,-0.1671511796705836,0.7365183307043806
2020-01-13,-0.000226134859344,0.0230314288646094,-0.0075101711271342,-0.0231922611051886,0.0281052261687932,-0.0003237830167897,-0.0247646411907837,1.005392663911106,1.010625424790658,0.9988773491749708,702.5822092213951,702.8055447935488,-0.2233355721537009,0.5348553111190628,-0.7581908832727637,44.59617771753824,0.0129602228484226,0.0150888760959156,0.0144954335982608,0.0131501941208424,-0.0008737763825467,0.4651271052547854,1.164853798611321
2020-01-14,-0.0025522270134588,-0.000226134859344,0.0230314288646094,0.0153846208563759,0.0031483644757512,0.0101383900157294,-0.0237456951574499,0.995456861114186,1.0002583523973152,0.9908167882412792,702.0603688153392,702.5377449260291,-0.4773761106898746,0.3324090267572753,-0.80978513744715,46.52962110292983,0.0130077346469743,0.0139112211401905,0.0144629085774733,0.0184058655324025,-0.0068830939488227,-0.1348755867807597,1.0190026352980468
2020-01-15,-0.0092634530011866,-0.0025522270134588,-0.000226134859344,-0.0075101711271342,0.0070713158682551,0.0094396273674903,-0.0248608346019554,0.9904648480303916,0.9957005378528064,0.9884651389315804,701.2284588593735,702.101834494587,-0.873375635213506,0.0912520943631191,-0.9646277295766252,51.919135073245634,0.0125015617463023,0.0139351408123253,0.0144709052853031,0.0142074242055475,-0.0078133006833802,8.37098643919898e-05,1.0221176654924249
2020-01-16,-0.0036289014225702,-0.0092634530011866,-0.0025522270134588,0.0230314288646094,-0.006524620281882,0.0016934317994561,-0.0240822749071818,1.0009111183689938,1.0047102381649813,0.9988081837715308,701.5127130102151,702.1740031127542,-0.6612901025391693,-0.0592563450173385,-0.6020337575218307,48.926400523593934,0.0067496673343647,0.013135254407196,0.0145000298178925,0.0099811627527226,0.0058207190249636,-0.1877551190714242,0.8537642184114931
2020-01-17,0.0092200236867794,-0.0036289014225702,-0.0092634530011866,-0.000226134859344,0.021548832411782,0.0285268303122347,-0.017981868780563,1.02451449227779,1.029917116828905,1.0277662788632989,704.7846078235474,703.7003754226891,1.084232400858241,0.1694414041577773,0.9147909967004636,57.40442266778416,0.014839694423539,0.0158170394695417,0.0150860303209888,0.0200822021363232,0.0177019738748047,1.2932385064572434,1.5973131846778963
2020-01-20,0.0280252993285383,0.0092200236867794,-0.0036289014225702,-0.0025522270134588,-0.0073524712299773,0.0205461120719978,-0.0417422487190882,0.9944513056697808,0.9962227632698136,0.9983061385852532,704.1314188344679,703.4661905317145,0.6652283027534622,0.2685987838769143,0.3966295188765479,53.42696519656841,0.0218406877532483,0.0173181863399637,0.0164770562441516,0.0539041643531081,-0.0476382939777894,0.104616967905784,1.528093412734834
2020-01-21,-0.0307716718791747,0.0280252993285383,0.0092200236867794,-0.0092634530011866,0.002942333630395,0.006099961644824,-0.0238640686986931,0.994876143743892,0.9966278956495308,1.0005381536236684,703.6877386381796,703.3018429040759,0.3858957341036557,0.2920581739222626,0.0938375601813931,54.60054686990532,0.0213807154389722,0.0166845198184078,0.0160851167627839,0.0155486364240486,0.0034672132271503,-0.4185827071654296,0.8632795115781213
2020-01-22,0.0010115329568503,-0.0307716718791747,0.0280252993285383,-0.0036289014225702,0.0062342068424618,0.0133496067564882,-0.0084710315532586,0.9932953217235077,0.9949646560335834,1.0006068702733169,703.2736300345894,703.131042149318,0.1425878852713822,0.2621641161920865,-0.1195762309207043,49.59196284699641,0.0212621504640857,0.0164434310939146,0.0157037054503878,0.0102064245046133,-0.0068976877428146,-0.4544749909103976,0.4957990432402545
2020-01-23,-0.0003585964222695,0.0010115329568503,-0.0307716718791747,0.0092200236867794,-0.0071850481964935,-0.0136627887671864,0.0075557654305868,0.990502706647972,0.9921085076468318,0.9959931517699712,702.4660677365996,702.7527779232689,-0.2867101866693247,0.1523892556198043,-0.439099442289129,47.88588509259752,0.0208771074106729,0.0146274015658297,0.0150395399846165,0.0139175387990293,-0.0062804589878989,0.0895997671953305,0.5486562940449207
2020-01-24,-0.0042390505488014,-0.0003585964222695,0.0010115329568503,0.0280252993285383,-0.0376027653371534,-0.0168642286138411,-0.0134858759522047,0.9947372054767069,0.9903442449555312,0.993209676187467,701.4099806178679,702.2230537411634,-0.8130731232955668,-0.0407032201632698,-0.7723699031322969,54.70105910702446,0.0131516161508461,0.0146374574264366,0.0144937892691158,0.011698613681901,-0.0035690317057245,0.3005676074098091,0.8343133517409762
2020-01-27,-0.0034711872137055,-0.0042390505488014,-0.0003585964222695,-0.0307716718791747,-0.0168369268600684,-0.0240656050697058,-0.0243815960522852,0.9882645013066388,0.982957808335239,0.9846281172557036,699.4613616796622,701.2246021691907,-1.7632404895284708,-0.3852106740363101,-1.3780298154921606,45.600763754710826,0.004216954691569,0.0148705980189882,0.0146326319735603,0.012910322684071,-0.0055119779147213,-0.0848138677761033,0.9770729363827668
2020-01-28,-0.0098584375261862,-0.0034711872137055,-0.0042390505488014,0.0010115329568503,-0.0405176530838987,-0.0376945359067971,-0.0279383077975527,0.9733731922518812,0.9638779129351998,0.9632155406094648,695.3649359945699,699.121638654922,-3.7567026603520617,-1.0595090712994604,-2.6971935890526013,40.94092076318349,0.0090037733552964,0.0161735618964805,0.0148886933566858,0.0315271012821259,-0.024426588373392,0.8324390580941532,1.6549225099366238
2020-01-29,-0.0230990959982652,-0.0098584375261862,-0.0034711872137055,-0.0003585964222695,-0.0348908879394284,-0.028874198109298,-0.0197071324124944,0.9857058335496046,0.9719836948939464,0.9694605563103408,692.4684317940831,697.448751250217,-4.980319456133884,-1.843671148266345,-3.136648307867539,33.1103026035766,0.0105328469543226,0.0164348201198166,0.0149596039552986,0.0205088361627019,0.0039348066909828,0.0087366271871833,1.3974362210519022
2020-01-30,0.0055036765259501,-0.0230990959982652,-0.0098584375261862,-0.0042390505488014,-0.054425798673415,-0.0612197948833074,-0.0596300346312629,0.9724252155365012,0.9541732410953762,0.948655943122239,687.4785092945126,694.6772834203398,-7.198774125827185,-2.914691743778513,-4.284082382048672,28.12633683113472,0.0128075652612726,0.0171254244584137,0.0152140919337439,0.0274977908258889,-0.0238336685615289,-0.0947152059285804,1.1235310529025824
2020-01-31,-0.0243943894807772,0.0055036765259501,-0.0230990959982652,-0.0034711872137055,-0.0722290199780901,-0.1071157744264749,-0.0816446176350679,0.96509218355616,0.9435185355968692,0.9314040674779852,680.9985673597798,691.0240688498516,-10.025501490071749,-4.33685369303716,-5.688647797034587,25.1458831818842,0.0127754192936698,0.0128068287537891,0.0157690627034509,0.0326213687726744,-0.0284583324144926,0.5511669157215904,1.4501101865263224
2020-02-03,-0.0222337792616161,-0.0243943894807772,0.0055036765259501,-0.0098584375261862,-0.0803491126363067,-0.0958332073636463,-0.0772560951103609,0.963156058461694,0.9352197397908348,0.9176620902750654,673.6763249504627,686.7559149868417,-13.079590036379043,-6.0854009617055365,-6.994189074673509,24.07208727681406,0.0125199182154961,0.0112126561607105,0.0155044203736613,0.0266329957213025,0.0113876597285759,-0.11620097777545,1.119708840534069
2020-02-04,-0.0185244137263135,-0.0222337792616161,-0.0243943894807772,-0.0230990959982652,-0.0308136398940394,-0.0700827966064593,-0.0644103373328967,0.9978802877388536,0.969865115646122,0.9478339320947816,670.3572152375309,684.1889666038464,-13.83175136631553,-7.634671042627536,-6.197080323687993,34.42546136562946,0.0231988986305702,0.0166296352418002,0.0167053460580306,0.0243269377195388,0.0188571773511321,-0.1734937056142671,0.9197348498147644
2020-02-05,0.0295200541237929,-0.0185244137263135,-0.0222337792616161,0.0055036765259501,-0.0211846512479303,-0.0553363878946313,-0.0427255001558609,1.017805408303089,0.9906067979696164,0.9645911019120378,669.1030966372857,682.5605575469642,-13.457460909678504,-8.79922901603773,-4.658231893640773,36.07043735446376,0.0248140405615936,0.0180409568133765,0.0171775530134761,0.015533236604497,0.0094780216840671,-0.2722907326182843,0.7011812593089546
2020-02-06,0.0154934822882091,0.0295200541237929,-0.0185244137263135,-0.0243943894807772,0.0097315552918644,-0.0452238910506449,-0.0582687953471761,1.0223216199191,1.0016971703351387,0.9737085572968308,668.6960190446504,681.3677082683118,-12.671689223661474,-9.57372105756248,-3.097968166098994,28.54405212698232,0.0221777139363579,0.0184363039028276,0.0162795934512596,0.0184523949621736,0.0025444566047714,-0.1588083109121323,0.6222540525463421
2020-02-07,0.0064204364152915,0.0154934822882091,0.0295200541237929,-0.0222337792616161,0.015584628072286,-0.0577700543181884,-0.0736600355289737,1.0022931409211362,0.9910891049266972,0.9612377272021572,666.6530261056898,679.4454013552078,-12.792375249517931,-10.217451895953571,-2.57492335356436,31.20716039716716,0.0207175494286674,0.01881899581752,0.016547658526947,0.0167753969536273,-0.0119572518241123,-0.2142644722229069,0.5966418963666317
2020-02-10,-0.0165659987290316,0.0064204364152915,0.0154934822882091,-0.0185244137263135,0.0361602595413566,-0.0470942978617967,-0.0700265501581256,0.9966745417259748,0.997328856781384,0.9660460878584696,665.0614904638289,677.7315230647177,-12.670032600888817,-10.70796803694062,-1.9620645639481964,31.311785315793585,0.0170769600360798,0.0188827259491715,0.0165848795947258,0.024414879227107,0.0053221640749717,0.2402500669166856,0.8728027555675999
2020-02-11,0.0013601723543059,-0.0165659987290316,0.0064204364152915,0.0295200541237929,0.0184730665110701,-0.0129097958021801,-0.0501177029475625,1.004904351487346,1.0105770696002103,0.9801143639156444,664.921020777086,676.7253685784424,-11.804347801356355,-10.927243989823769,-0.8771038115325887,35.58655240530916,0.0125565490655353,0.0183224297622057,0.0168720773002337,0.0145585938878498,0.0036963159979836,-0.0754605785738078,0.9288356450299654
2020-02-12,0.0119462089988133,0.0013601723543059,-0.0165659987290316,0.0154934822882091,0.0150500839940812,-0.0064533980345157,-0.035141259450487,1.0139860017525524,1.0234652798984718,0.9937497647676278,666.0365086413084,676.3880591944489,-10.351550553140555,-10.812105302487126,0.4605547493465707,40.27179230419424,0.0118289418913463,0.0187018092483303,0.0171763627926561,0.013500669807782,0.0097173571715087,-0.033304080567916,0.9608679590375084
2020-02-13,0.012080513845267,0.0119462089988133,0.0013601723543059,0.0064204364152915,0.0112155313473025,0.0210562312026008,-0.0414526218359453,1.0143535970199349,1.0239783487108325,0.998503031923622,667.2511631111552,676.2061113056241,-8.954948194468898,-10.440673880883482,1.4857256864145842,41.80495612299872,0.0116792302857151,0.0167102096889113,0.0170192578625397,0.0102771331003619,-0.002436156923379,0.0023714372377123,0.990906846162396
2020-02-14,0.0026184839706957,0.012080513845267,0.0119462089988133,-0.0165659987290316,0.037631217845953,0.0538023144522752,-0.0590765365526918,1.0160647118729136,1.02789823978625,1.0108107142828469,669.2249362442948,676.4931170219899,-7.268180777695079,-9.8061752602458,2.5379944825507224,46.70607767065093,0.0051207013351341,0.0143950554855717,0.0157424736277195,0.0325020314218373,0.0070062878007771,0.5648219522545863,1.3700798497656306
2020-02-17,0.0091239590142748,0.0026184839706957,0.012080513845267,0.0013601723543059,0.0297087748284168,0.0669433113782247,-0.0353052882263401,1.0038299160645254,1.0149330361830369,1.00630704603008,670.2374310288263,676.4422307495277,-6.204799720701317,-9.085900152336905,2.881100431635588,51.23950193845617,0.0078166494232933,0.0125407729284342,0.0143534484588226,0.021545719774777,-0.0072196287826837,-0.3805714862853928,0.8710800839752912
2020-02-18,-0.0062853367331865,0.0091239590142748,0.0026184839706957,0.0119462089988133,0.0100842648304337,0.0287436186364316,-0.0433536111486583,0.994483351848049,1.0046555887947228,1.001187135504652,670.3310395213867,676.0276867110788,-5.696647189692044,-8.408049559807933,2.7114023701158896,47.65047880306289,0.0087837986545655,0.0102547514227729,0.0143919127554277,0.0126073376016807,-0.005759214589564,-0.1537720746543688,0.7662979793936798
2020-02-19,-0.0073397764966753,-0.0062853367331865,0.0091239590142748,0.012080513845267,0.0227844517423765,0.0381774436489394,-0.0192715460762749,1.0145455524777132,1.0256934792211296,1.0270577392001234,672.9703804213416,676.8765066118207,-3.906126190479085,-7.507664885942164,3.601538695463079,61.31950257175056,0.0131692313441881,0.0118289244498601,0.0156026411998503,0.020847170084864,0.0165275547537973,0.2657684201747419,0.962652110200098
2020-02-20,0.0248058003815618,-0.0073397764966753,-0.0062853367331865,0.0026184839706957,0.0080046565301821,0.0193099643537233,-0.0267871984210461,1.0009093548895047,1.011576346114964,1.0162860960808522,673.9482226612073,677.0579768613502,-3.109754200142902,-6.628082748782312,3.51832854863941,64.80080508796874,0.0151543535686156,0.0127590412061072,0.0157819702157794,0.0162858623785644,-0.0073814418279028,0.1993593767406214,1.1043468434022448
2020-02-24,-0.0118699019681043,0.0248058003815618,-0.0073397764966753,0.0091239590142748,-0.0286703758475924,0.0078819408391144,-0.0503434536294824,0.9789169929441714,0.9829090275982064,0.9908403980023994,671.8919606412139,675.8375726146761,-3.945611973462178,-6.091588593718286,2.145976620256108,61.18111379002276,0.0190456310904428,0.0148461816370159,0.016847244739828,0.0259178060320517,-0.0168735916305052,0.2650885008454755,1.3945005572856528
2020-02-25,-0.0275917978329541,-0.0118699019681043,0.0248058003815618,-0.0062853367331865,-0.0418399502619484,-0.013374189094696,-0.0598386389116071,0.9676846805983708,0.9647483182485588,0.9742743559118648,668.1440369337915,673.740749201957,-5.596712268165447,-5.992613328607719,0.3959010604422719,48.027615801403854,0.0200818080224724,0.0162104225697494,0.0172179037613267,0.029229044882907,-0.0241146041833466,0.2983052953985392,1.5207921225808003
2020-02-26,-0.0197584141305207,-0.0275917978329541,-0.0118699019681043,-0.0073397764966753,-0.0513833916575888,-0.0418172905565161,-0.0541872336766112,0.9609144972589768,0.952068264752776,0.960124123924171,663.2565773003477,670.9729566178421,-7.716379317494443,-6.337366526385065,-1.3790127911093784,38.95621966005167,0.0204409325142748,0.0162013497041493,0.0169032273868515,0.0179597380758436,-0.0127659723548486,0.0583053661945323,1.3413196387060615
2020-02-27,-0.0172268456469464,-0.0197584141305207,-0.0275917978329541,0.0248058003815618,-0.0781685868770731,-0.057165163530167,-0.0632496520107145,0.972731957862764,0.953617596782142,0.9592546383681144,658.716624978299,668.215469994819,-9.498845016520022,-6.9696622244120565,-2.529182792107965,35.817659094974815,0.0087731465205651,0.0151761065711776,0.0167956931860272,0.0178900579767008,-0.0012607229260545,-0.1467081691400273,1.0402712769166376
2020-02-28,-0.0041306774155586,-0.0172268456469464,-0.0197584141305207,-0.0118699019681043,-0.1058582402305535,-0.0987009425543063,-0.0797229812180437,0.953359852124628,0.9232345805967438,0.9230726221607304,650.8239230585607,663.7116620322398,-12.88773897367912,-8.15327757426547,-4.73446139941365,31.624076207209967,0.0137896455206213,0.018523407161212,0.0183090074146811,0.0240846144323399,-0.0193741137844152,0.5691790055578942,1.3761324159940709
2020-03-02,-0.0415510123025328,-0.0041306774155586,-0.0172268456469464,-0.0275917978329541,-0.0891379863446162,-0.115252742621411,-0.06765129246914,0.9621753461158732,0.9255756436531823,0.9174318671494514,643.2663231919792,659.1181703206503,-15.851847128671125,-9.6929914851466,-6.158855643524523,29.839664782314003,0.0143497372936731,0.0172612940883778,0.0178551958161855,0.0515898113710909,-0.0287431866914522,-0.2496523468738459,0.9769730197100768
2020-03-03,-0.0094079787199835,-0.0415510123025328,-0.0041306774155586,-0.0197584141305207,-0.0519274938333826,-0.0915948003361147,-0.0307831481974169,0.9923661011646152,0.9534307183976698,0.937436706372206,638.7493231245834,655.7691075379286,-17.019784413345178,-11.158350070786316,-5.861434342558862,32.030725075278085,0.0223547142002136,0.0200627038488233,0.0182237550242931,0.0237554648018195,0.0098894177627381,-0.0712427706721531,0.9094565544265946
2020-03-04,0.0202863694298529,-0.0094079787199835,-0.0415510123025328,-0.0172268456469464,-0.037571823846385,-0.0870246477639851,-0.0607824324148512,0.9977508187220304,0.959897383039064,0.9380765717988154,634.7056979173158,652.5614521112186,-17.85575419390284,-12.49783089540962,-5.357923298493219,27.590935414230785,0.0222097289677812,0.0201808965941876,0.0167077710761025,0.0342614218608163,-0.0090976697503418,-0.1932032565808179,0.7708879609374323
2020-03-05,-0.0023457400519554,0.0202863694298529,-0.0094079787199835,-0.0041306774155586,-0.0541749263168417,-0.1281087357595578,-0.0948221561510157,0.9875348784303076,0.9525903002235544,0.9225216642731968,629.2761592052767,648.6245813095774,-19.348422104300653,-13.867949137187829,-5.480472967112826,24.21703152822876,0.022890238842944,0.0165751601376185,0.0165904467155555,0.0396217454515388,-0.0303579082186518,0.380232063308368,1.0250031524071244
2020-03-06,-0.0213106819288666,-0.0023457400519554,0.0202863694298529,-0.0415510123025328,-0.0433899270408623,-0.144654985951138,-0.1281383042197195,0.965680679198633,0.9380696402475728,0.9001878189189815,621.8580440420851,643.6196797788332,-21.76163573674808,-15.446686457099876,-6.3149492796482,18.40721750865093,0.0194980238567271,0.0174110978118926,0.0173192009397567,0.037018145156843,0.0007873791428205,0.1056574170307229,1.177461727599141
2020-03-09,-0.0306220657922363,-0.0213106819288666,-0.0023457400519554,-0.0094079787199835,-0.1534779770638689,-0.2289352455847666,-0.2228577588073395,0.8733157344389864,0.8428844870702502,0.7981288797840002,604.5494062192042,633.6739181799093,-29.12451196070504,-18.18225155782091,-10.942260402884129,12.869662913087597,0.0549618845083001,0.0384904261643342,0.0313333631644947,0.1310415787046515,-0.1015281260527426,1.6141849779683954,2.183544136116409
2020-03-11,-0.1234067197678669,-0.0306220657922363,-0.0213106819288666,0.0202863694298529,-0.1409687964078779,-0.1855761339350912,-0.1964683927230767,0.9318528938024624,0.890397490598827,0.8347867118958869,592.6747680027881,625.799128523064,-33.1243605202759,-21.170673350311908,-11.953687169963992,19.755224511977477,0.0587920782893148,0.0429990016232412,0.0329775973044082,0.0610723356128743,0.0411101417354884,-0.3244065016463081,1.2724196169951896
2020-03-12,0.0353632914357036,-0.1234067197678669,-0.0306220657922363,-0.0023457400519554,-0.2065387703533729,-0.236350555902592,-0.2682843065897354,0.8988896995957834,0.8418835005294618,0.7802622266033775,576.2583166904601,615.4412548897005,-39.182938199240425,-24.77312632009761,-14.409811879142817,11.535765936273776,0.0601815970618127,0.0468427925224786,0.0358389709490888,0.0492003551325737,-0.0202765341000398,-0.0605602087569195,1.04430141986297
2020-03-13,-0.0784968316046968,0.0353632914357036,-0.1234067197678669,-0.0213106819288666,-0.1569996275250248,-0.2026691105889267,-0.2482486612697644,0.9683721754232968,0.8953059768083812,0.8223269952944791,565.3425709285865,607.283085582188,-41.940514653601554,-28.2066039867984,-13.733910666803151,18.14376762419536,0.0710804318531834,0.0509545468172575,0.0374352743276158,0.1787749097619222,0.1075150433437995,0.3095724112449625,1.1792963879259442
2020-03-16,0.0397930344229668,-0.0784968316046968,0.0353632914357036,-0.0306220657922363,-0.2008654146228684,-0.2355398059782119,-0.3109927476734103,0.931544294243597,0.8441269788416365,0.7687766403061465,549.804309565775,596.6949956924195,-46.89068612664448,-31.943420414767623,-14.94726571187686,16.778878751226245,0.0744299771240956,0.0541428952402992,0.0401228083546178,0.0735453435351303,-0.0422893682652995,-0.4749847003447038,0.6098310341030847
2020-03-17,-0.0810639486996694,0.0397930344229668,-0.0784968316046968,-0.1234067197678669,-0.0952744034415383,-0.234129857799233,-0.3223984921797215,0.9428403258132948,0.8597455130630008,0.7770523115453097,536.1149850096822,586.630455267142,-50.51547025745981,-35.65783038330606,-14.857639874153747,17.338441585259346,0.0590177346021123,0.0542048568860245,0.0397078040242051,0.0563491873755113,-0.0374790639518029,0.1809592617979953,0.8330314144492453
2020-03-18,-0.0075809595665506,-0.0810639486996694,0.0397930344229668,0.0353632914357036,-0.1604178356026895,-0.2787727228032995,-0.344833391255091,0.938378075477358,0.853300219531305,0.7615655291621918,521.7535450081926,575.9738011732796,-54.220256165086994,-39.37031553966225,-14.849940625424743,16.929556866560404,0.0508990665884233,0.0519053863706587,0.0398569472523701,0.0773360855506934,-0.0553984027534351,-0.0157453754049395,0.8671154003771772
2020-03-19,-0.0391865152618784,-0.0075809595665506,-0.0810639486996694,-0.0784968316046968,-0.1366886135649941,-0.3149958857513458,-0.3746081275107156,0.9149186383854756,0.8397655521554266,0.7375601496142865,506.0286249979178,564.3862281190668,-58.357603121149,-43.1677730559596,-15.189830065189398,15.816725974141605,0.0462374811086624,0.0512586490019567,0.0403681376392444,0.0815081216724041,-0.0026084103076643,0.3727574403233236,1.1657805825647864
2020-03-20,-0.0524522653685992,-0.0391865152618784,-0.0075809595665506,0.0397930344229668,-0.0790282999028981,-0.2236205137792321,-0.3230815082286298,1.0328540818551566,0.9571832326022408,0.8344228687322093,499.7738361610987,557.05187770718,-57.27804154608128,-45.98982675398394,-11.288214792097342,28.660711764108257,0.0738913376162589,0.0689562260170824,0.0490458646994099,0.1030502594016286,0.0835018993384377,0.0318621699136587,1.2500925477850116
2020-03-23,0.1092405054635963,-0.0524522653685992,-0.0391865152618784,-0.0810639486996694,-0.1296150271891648,-0.3044452656343274,-0.4050607259622413,0.9216150381564836,0.862664561487906,0.7429928310288041,485.0636965158215,545.7263999856701,-60.66270346984868,-48.92440209715689,-11.738301372691788,24.564393074613577,0.0875027498375396,0.0771224570293268,0.0551563243971537,0.0841015937920089,-0.0350905390844358,-0.3581022080405804,0.7955607789792888
2020-03-24,-0.1315388627667871,0.1092405054635963,-0.0524522653685992,-0.0075809595665506,-0.0640873266446675,-0.1532558482719721,-0.3471054285952931,0.996914352272155,0.9361773836095256,0.8099435687507885,476.7909341236638,537.2496845027906,-60.4587503791268,-51.23127175355088,-9.22747862557592,27.35672685896263,0.0969428682855138,0.0758127783868318,0.0587923980592963,0.0786516361006713,0.0144086222330112,0.1245099542673566,0.893606007448138
2020-03-25,0.0671341834191656,-0.1315388627667871,0.1092405054635963,-0.0391865152618784,0.1174496214092881,-0.0618092282522346,-0.2359150445667646,1.116792364328078,1.0816172277959126,0.9426730870661216,479.5566796476073,534.1029138010504,-54.54623415344304,-51.89426423352931,-2.651969919913725,37.35200125879483,0.1164695742342807,0.0906722896712008,0.0695981778097624,0.173989288679578,0.1228988977524522,0.5990046722975395,1.2861438405802417
2020-03-26,0.1471803890809397,0.0671341834191656,-0.1315388627667871,-0.0524522653685992,0.1618175559871155,0.0030103250437667,-0.2340517228563671,1.0675130142350209,1.0652359284485056,0.9420600097685136,480.7680759503192,530.6457168983973,-49.87764094807813,-51.49093957643908,1.6132986283609512,37.81645951029528,0.1110697825834112,0.0869159556832138,0.0695890749540238,0.0699212271674956,-0.0270122503343171,-0.3744796718864731,0.8514052486913423
2020-03-27,-0.0148302239861214,0.1471803890809397,0.0671341834191656,0.1092405054635963,0.0468097409682237,-0.0359178531822882,-0.231307524412497,1.0568283202506843,1.0688760895719112,0.9550590641722536,481.7509048230465,527.4242907298528,-45.673385906806345,-50.32742884251253,4.654042935706187,39.365228740387245,0.1034211088103568,0.0859842337926684,0.0696120366400396,0.0573385830096241,-0.0268493415578854,-0.0893342166164369,0.843487944179411
2020-03-30,-0.000562730170445,-0.0148302239861214,0.1471803890809397,-0.1315388627667871,0.1656014480218028,0.0145219846447268,-0.2244383267791225,0.993128243556937,1.0320910122383828,0.9360642856216376,480.1103143349456,523.2511630202631,-43.14084868531751,-48.89011281107353,5.749264125756021,45.04146801355323,0.0741122167126781,0.082232978717945,0.0694388253721758,0.0531806233517642,-0.0097540303886812,-0.274331231933216,0.6391160304926549
2020-03-31,-0.0329861105673237,-0.000562730170445,-0.0148302239861214,0.0671341834191656,0.1805702940059939,0.1049106999470406,-0.1537818851124109,1.0392852407433202,1.1038320852938244,1.0211215304873575,484.5808870319131,522.2080425643351,-37.627155532421966,-46.637521355343225,9.010365822921258,47.75875657397599,0.0759130622866893,0.0854858558820501,0.0723728037628713,0.0734455092349157,0.0370594527800757,0.4652003419399875,0.9421780912739884
2020-04-01,0.0808384965556816,-0.0329861105673237,-0.000562730170445,0.1471803890809397,-0.0016631542679206,0.1155911303022549,-0.1954052466273151,1.008550469555753,1.0590778394978353,1.0026517711058234,486.0215819581933,520.114513785698,-34.092931827504685,-44.128603449775525,10.03567162227084,51.05038449419058,0.0467328465948211,0.0849009085341833,0.0722897016108314,0.0734878397795868,-0.0372465527751248,-0.0608530142928389,1.0219372826982334
2020-04-03,-0.0298989759986708,0.0808384965556816,-0.0329861105673237,-0.0148302239861214,0.0105515037411101,0.1740764782756008,-0.1957527819386427,1.003642139051125,1.0398540604622026,1.0121843346851993,487.0296282810314,518.0744670650271,-31.044838783995655,-41.51185051661955,10.467011732623895,48.24034832924932,0.0460494501360081,0.0819696140177163,0.0722878862155803,0.0725324074398192,-0.0502446490774157,-0.0055208179903488,1.0386307410564484
2020-04-07,-0.0027766651634789,-0.0298989759986708,0.0808384965556816,-0.000562730170445,0.1318506637446022,0.1848323001291991,-0.0801205075679216,1.0948222987791705,1.143255304941698,1.1386600616853235,496.9309726530602,520.5421633342264,-23.611190681166192,-37.93171854952888,14.320527868362689,61.46435603036332,0.0692084188472048,0.083262942851101,0.0776124692251256,0.0945194830122425,0.0943653361562003,0.3143946450920156,1.2832347326272475
2020-04-08,0.1194023590483686,-0.0027766651634789,-0.0298989759986708,-0.0329861105673237,0.1569217302717487,0.3485096440526398,-0.0620377327414183,1.0512971740111334,1.0979664243128573,1.1296948013517802,504.3278790537913,522.3546596989365,-18.02678064514521,-33.950730968652145,15.923950323506936,61.00519437020047,0.0651154519121144,0.065777777815238,0.0773503741712743,0.0578786528812835,0.0102965994497679,-0.0826373831547443,1.0772729607182832
2020-04-09,-0.0115662622328867,0.1194023590483686,-0.0027766651634789,0.0808384965556816,0.0953535120813984,0.2931418177984346,0.0949602715757753,1.0560326022727833,1.0956634141103911,1.1502722461176758,512.5420657798908,524.9743214081587,-12.432255628267969,-29.64703590057531,17.214780272307344,65.24031271458588,0.0589417023956524,0.064641203008938,0.0718277071807393,0.03262423331246,0.0049011785725008,-0.3377578496373219,0.7498875254647429
2020-04-13,0.0233192204946817,-0.0115662622328867,0.1194023590483686,-0.0298989759986708,0.100606261008626,0.0987757830083293,0.0308612998383395,1.010357236233762,1.057845045005328,1.1193528169015945,517.3262717055807,526.3569201406563,-9.030648435075593,-25.52375840747537,16.49310997239978,66.86129845712102,0.0579921751727658,0.0507714535183566,0.0718451630960514,0.0294328453120179,-0.0122928509622533,-0.2833261742997283,0.5850336325989468
2020-04-15,-0.0252468732237023,0.0233192204946817,-0.0115662622328867,-0.0027766651634789,0.0671956991104638,0.0784562185221244,0.0817027222853477,0.9650926371596,1.0153290349498771,1.0779531980691135,518.6103421342895,526.3062393518808,-7.695897217591323,-21.95818616949856,14.262288951907236,58.86424403163984,0.0624548194971661,0.0520938039806044,0.0697900050790474,0.0808801315093127,-0.0394302577692122,0.4920234973842796,0.8997708236116918
2020-04-16,-0.0330488825178613,-0.0252468732237023,0.0233192204946817,0.1194023590483686,-0.0315480044326139,0.0961430339877302,0.056771929426171,0.986670380152806,1.0221529857485443,1.0918038723332797,520.9769301232449,526.875641182297,-5.898711059052175,-18.746291147409284,12.847580088357107,72.60066052534981,0.0248447719684595,0.0520261405127086,0.0693876031751205,0.0363425574560769,0.0158281647563308,0.0604120249447919,1.044122500058108
2020-04-17,0.0158281647563309,-0.0330488825178613,-0.0252468732237023,-0.0115662622328867,0.0267164031680309,0.1878305176515446,0.2050801741894186,1.0283985414811476,1.0532746487143798,1.1330709919937805,526.9145707563274,529.2975636308885,-2.3829928745610687,-15.47363149283964,13.090638618278572,72.4515826964095,0.0341066479218356,0.0508071764860019,0.0669160360901252,0.0305147643095494,0.0065788693580439,-0.1117685780639137,1.0220772546835917
2020-04-20,0.047900295167051,0.0158281647563309,-0.0330488825178613,0.0233192204946817,0.0195500261225873,0.1167677018560575,0.2339285831360245,1.0408629804417382,1.0584676441264398,1.1389693060504409,533.3313345101616,532.210598558693,1.1207359514685322,-12.154758003978008,13.27549395544654,65.96817066786596,0.0333275083285852,0.0458624688781802,0.0667709769735959,0.0442192460377092,0.0145187815487789,0.0830072798269037,1.0868954573403542
2020-04-21,0.0161765554420088,0.047900295167051,0.0158281647563309,-0.0252468732237023,0.0405331184907848,0.1452172649977885,0.2775942231005399,1.027178943905376,1.039104473326384,1.1192850399204886,538.3072529989829,534.6894286423084,3.617824356674532,-9.0002415318475,12.618065888522032,67.24432916095029,0.0299102242999079,0.0439805584843197,0.0658077113837783,0.0711196441611667,0.022603379528416,0.7033039278584301,1.508277120227849
2020-04-22,-0.0051857341218557,0.0161765554420088,0.047900295167051,-0.0330488825178613,0.1858937963375149,0.2655807590531762,0.4858886005625151,1.0931887906410458,1.118254846012234,1.2091037137556842,551.3972185081539,541.2599916175888,10.137226890565104,-5.172747847364979,15.309974737930082,73.95882563640129,0.0418208582790581,0.0512918819074213,0.0666159379454021,0.062261648743765,0.0330302712165227,1.3249076266968185,2.295339951759167
2020-04-23,0.1020325169917704,-0.0051857341218557,0.0161765554420088,0.0158281647563309,0.1736655303771517,0.1366387250224072,0.346726274984219,1.0644212214389768,1.1092501060710218,1.1968483501867626,562.9867802941591,547.5910566916331,15.395723602526004,-1.059053557386782,16.454777159912787,78.65498492155467,0.0432801555051505,0.0392177887325223,0.0634355109999695,0.0237435790460263,0.002596237515798,-0.541190372534385,0.9660667580361894
2020-04-24,0.0053535193816514,0.1020325169917704,-0.0051857341218557,0.047900295167051,0.1576798307944538,0.1886088718934564,0.6028505267548547,1.06820050963803,1.12606440451737,1.2089696163150885,576.0356984850818,555.0142931244866,21.021405360595168,3.357038226209608,17.66436713438556,77.22904557799195,0.0425370769404854,0.0386002058852546,0.0529879780840287,0.1042695748006361,0.049513038381032,1.061977161301861,1.5320664199954483
2020-04-27,0.0336275582777108,0.0053535193816514,0.1020325169917704,0.0161765554420088,0.1495014988738052,0.1719742832047412,0.5155289549963966,1.048419029388478,1.1175640674335356,1.1950534607511876,587.9738380961509,562.3194274083788,25.65441068777204,7.816512718522095,17.837897969249948,82.56571098332375,0.0432523489706213,0.0386496854562948,0.0521507033608742,0.0363699843862243,-0.0029636999130245,-0.5667493846857417,0.6315802131717231
2020-04-28,0.0089978615239476,0.0336275582777108,0.0053535193816514,-0.0051857341218557,0.1542005322390467,0.2009838791744189,0.3196120022202529,1.018739148964959,1.0958415711959029,1.1767056944452703,597.9628107959016,569.0292594999456,28.933551295956025,12.03992043400888,16.89363086194714,82.7818255584371,0.0424809695974212,0.0364336126571811,0.0432291862544569,0.0443230247610835,-0.0150689497376346,0.3414758785649159,0.8171029525377314
2020-04-29,-0.0011190448377099,0.0089978615239476,0.0336275582777108,0.1020325169917704,0.0464579036593657,0.2409879360780027,0.3383511567742587,1.0087659962003086,1.072124866812698,1.1584995419413084,606.3306115388399,575.20142662032,31.12918491851985,15.857773330911076,15.271411587608778,77.10146076741323,0.0143076243565169,0.0325300896179514,0.0428356805369252,0.0235817951827068,-0.0124230661550217,-0.5220771627223656,0.5000866086360708
2020-04-30,-0.0008403173593263,-0.0011190448377099,0.0089978615239476,0.0053535193816514,0.0693704548371723,0.2550832420461257,0.3757507528435972,1.0226218248269916,1.0773470331283743,1.1711673713828992,616.1575746224078,582.2387929137801,33.91878170862765,19.46997500645439,14.448806702173258,81.65528923331728,0.016100935224012,0.0324805177184332,0.0427391860404832,0.0388130833384863,0.008287761069478,0.9028276604206592,0.9368802258220444
2020-05-04,0.0273660761066452,-0.0008403173593263,-0.0011190448377099,0.0336275582777108,0.0128440468970427,0.1725491248329382,0.3927896339221748,0.9986014875973176,1.03859266105519,1.1283196645011926,622.3064374659556,587.7118588539051,34.59457861205044,22.494895727573603,12.099682884476838,74.71014108485168,0.0175878891795373,0.0339872556121862,0.0420821554503525,0.0331313014798666,-0.0033333308609715,-0.2507366400975619,0.8932292832578662
2020-05-05,-0.0210094973404587,0.0273660761066452,-0.0008403173593263,0.0089978615239476,0.0216121136977194,0.1743446559631649,0.3114701826269261,1.0119579150680074,1.0406787955567234,1.1328795504201856,629.2992947428278,593.6413515140326,35.65794322879515,25.127505227817917,10.530438000977234,81.55507418637056,0.0187667238917712,0.0339889691196826,0.0393615954530808,0.0217711492443727,0.0047808132672527,-0.1600001144848216,0.7859800354766207
2020-05-06,0.0177326323691586,-0.0210094973404587,0.0273660761066452,-0.0011190448377099,0.0228267363575098,0.1805471634921649,0.351982993775394,1.0074763707370284,1.024444334126679,1.1164911682852396,635.2233703412869,599.1350133376459,36.08835700364102,27.319675582982537,8.768681420658485,89.75703680232078,0.018686342116025,0.0336520691668736,0.038139853861714,0.0270066801750792,-0.0022199275867518,-0.0983140098971215,0.8173330698429945
2020-05-07,6.855212429313084e-05,0.0177326323691586,-0.0210094973404587,-0.0008403173593263,0.0560636255445277,0.105126127718236,0.3986263635671425,1.027996228408087,1.0463258919215477,1.1332026942618092,643.4854393422668,605.7862581902392,37.69918115202756,29.395576696791544,8.30360445523602,90.44152767063716,0.0216947689928684,0.0173558230497646,0.0380312018270926,0.045555579476082,0.0357044119240675,0.2355664466090548,0.9612341111507652
2020-05-08,0.0316275078075516,6.855212429313084e-05,0.0177326323691586,0.0273660761066452,0.0653479351364623,0.1392516059567208,0.2949174928743769,1.0516676256581163,1.0702245159299584,1.1589492766355196,654.3342088905719,613.8022717617956,40.53193712877624,31.622848783188484,8.909088345587751,90.41637155405104,0.0236680913801937,0.0190866683603133,0.0300187579993073,0.0274042640347895,0.0108738219795755,0.6843469979770511,1.5424862026801758
2020-05-11,0.0363980931973833,0.0316275078075516,6.855212429313084e-05,-0.0210094973404587,0.0986621804463367,0.1127734490159966,0.3226523939078944,1.0418993257215947,1.068799576540471,1.1536161273508183,664.5689343407003,621.7324682473223,42.83646609337791,33.86557224522637,8.97089384815154,90.30501191419968,0.0150863832350712,0.0177034887458865,0.0294593406688116,0.0270801516844785,-0.0020252587828319,-0.2038587979008997,1.1696762447993785
2020-05-12,0.0096042849610573,0.0363980931973833,0.0316275078075516,0.0177326323691586,0.0127340598030452,0.0346213834490616,0.2125496542560119,0.975044612221716,0.9993243945709236,1.0720775551139172,666.3680683904482,625.7717895374512,40.59627885299699,35.21171356678049,5.3845652862165,73.98848583607436,0.0393529473615062,0.0290733614763312,0.0339324302699923,0.0698665276521498,-0.0546715439693547,0.5008289103045189,1.4696256875277252
2020-05-13,-0.0618658592994122,0.0096042849610573,0.0363980931973833,6.855212429313084e-05,0.034150144452274,0.0577564171537667,0.2703484050949658,0.9892264938433186,1.014871634050372,1.0822161080161088,670.0978194373504,630.5747273639595,39.5230920733909,36.07398926810257,3.4491028052883266,67.96021665964886,0.0400667680853445,0.0295085109159388,0.0329528256055239,0.048782154061634,-0.0200065425408495,-0.3402064725752365,0.9013875931513732
2020-05-14,0.0212168018153235,-0.0618658592994122,0.0096042849610573,0.0316275078075516,-0.0380826298262209,0.0158459454199786,0.2606525631799468,0.9564215405298532,0.9723642293268164,1.0274329770849644,668.9582585743926,632.9536863613051,36.0045722130875,36.06010585709956,-0.0555336440120584,58.49275048129286,0.0420804246203776,0.0329836205037524,0.0335265669465532,0.0464152784741714,-0.0224982898822066,-0.2583670285130428,0.6698807303816147
2020-05-15,-0.0404290666760465,0.0212168018153235,-0.0618658592994122,0.0363980931973833,-0.056707877508844,0.0049343149264438,0.2612762180212835,0.98353538045803,0.9877643217629476,1.0330388069287788,669.6589693195582,635.958070958095,33.700898361463146,35.58826435797228,-1.887365996509132,56.38031334278964,0.0376258811051239,0.032219028633423,0.0335296378876661,0.0353570307122852,0.0106648488165656,0.2615452309630766,0.8991482521362834
2020-05-18,0.0163307030221622,-0.0404290666760465,0.0212168018153235,0.0096042849610573,-0.0776212390783204,0.0133826606716027,0.1882409518913623,0.987097690941128,0.97388728903431,1.01166498279767,668.9277253917896,638.1023533900186,30.82537200177103,34.63568588673203,-3.8103138849609977,52.7595313167246,0.0358467946988415,0.0316961352374965,0.0328679551662632,0.0374804315621942,-0.0198980043516032,0.0103588992580478,0.9198777534062376
2020-05-19,-0.0127792576871335,0.0163307030221622,-0.0404290666760465,-0.0618658592994122,-0.0385296868256368,-0.0262862663588219,0.1434755195394581,0.9728023710641978,0.954812776713717,0.9831982812283586,666.0476279907691,638.9990007155844,27.048627275184685,33.11827416442256,-6.069646889237873,49.38245982268726,0.0260676467471895,0.031972214327912,0.0335459084488008,0.0414862752655521,-0.0330130979474048,-0.3261387026825827,0.74773271219165
2020-05-20,-0.0221065745728449,-0.0127792576871335,0.0163307030221622,0.0212168018153235,-0.0419325605405507,-0.0092144190879902,0.1696691071746099,0.9985791736952327,0.9724986077061312,0.9932971096941576,665.3714304152661,640.6770261255411,24.69440428972496,31.43350018948304,-6.73909589975808,52.029367431764335,0.0251026338863579,0.0325849684318266,0.0334882110116048,0.0375602185579426,0.0168085332094711,0.3073347166761659,1.0174836555067828
2020-05-21,0.0176024709675486,-0.0221065745728449,-0.0127792576871335,-0.0404290666760465,0.0036909888479177,-0.034532203540291,0.0669636873381762,1.0030971788036531,0.9810502867359552,0.9954088479903516,665.335311538278,642.4888506877118,22.846460850566245,29.716092321699684,-6.869631471133438,48.8196775920934,0.0176957578681597,0.0307151041056747,0.0252153698833518,0.0252905250046363,0.0043554391516358,-0.2919869196110662,0.7481854212049673
2020-05-22,0.0052660796833212,0.0176024709675486,-0.0221065745728449,0.0163307030221622,-0.0190832033283687,-0.0747089128803913,0.0541393569784542,1.0002235849937249,0.982175076549824,0.9862055336297892,664.6160474885189,643.8348688008326,20.781178687686293,27.929109594897007,-7.147930907210714,51.105351448203805,0.0155289339633221,0.0274061683830659,0.0253145109502386,0.0220041009750786,-0.0139482407899159,-0.0341862910932273,0.7966346249542423
2020-05-26,-0.006730289855591,0.0052660796833212,0.0176024709675486,-0.0127792576871335,-0.0115911611521323,-0.0883126799394677,0.0145014435679093,0.9973107227186088,0.9863645654914784,0.9803513571537438,663.4749405732179,644.824793522183,18.65014705103488,26.073317086124582,-7.423170035089704,47.31896996782776,0.0147809232466948,0.0267783047648369,0.0243071593050815,0.0234542763968688,-0.0166419005475091,-0.1219260697349621,0.7990513976714062
2020-05-27,-0.0052390672614419,-0.006730289855591,0.0052660796833212,-0.0221065745728449,0.0260132528013488,-0.01351871650804,0.0206346302730575,1.0071974903660197,1.0026322082233492,0.9941523927863678,664.0358872157997,646.4763713168361,17.559515898963582,24.370556848692384,-6.8110409497288025,49.83448525770902,0.0112149182600204,0.0200770067597346,0.0244505804047137,0.0290546885521392,0.0101677471253489,0.073797993083887,0.8863694706025814
2020-05-28,0.0150977762249633,-0.0052390672614419,-0.006730289855591,0.0176024709675486,0.0268883978911698,-0.0161716620217909,0.0406507378741756,1.0203197315828556,1.022868168582922,1.010516446256387,666.4062299878882,648.9183523477649,17.487877640123315,22.99402100697857,-5.506143366855255,47.60558813730503,0.0114589625295286,0.0197528083513458,0.0247388417560587,0.0208863711413478,0.0118556768968778,0.1249951637262309,1.0786180213506396
2020-05-29,0.018470442022918,0.0150977762249633,-0.0052390672614419,0.0052660796833212,0.0160624372396158,0.0198127123642555,0.0359726089429799,1.011633384527254,1.015407243456672,1.0033774719103534,667.854559764391,650.9110946579419,16.943465106449025,21.783909826872662,-4.8404447204236405,39.188780492020015,0.0124232799057826,0.0144691225452819,0.0247890822669803,0.0132135594389811,-0.0024522829610208,-0.0025856123510882,1.0709092262444777
2020-06-01,-0.0053319278950513,0.018470442022918,0.0150977762249633,-0.006730289855591,0.0620306894100333,0.041763741823054,0.0469041322041594,1.0375549573228169,1.0497661235183309,1.0392880378198548,673.0525192447491,654.668887378592,18.38363186615709,21.10385423472955,-2.720222368572461,45.08597721756674,0.0182725859490999,0.0180719741166366,0.0254803251199488,0.0410432047973453,0.027263516616988,-0.0019695158179292,1.0568397552596558
2020-06-02,0.038206783729374,-0.0053319278950513,0.018470442022918,-0.0052390672614419,0.078403101319465,0.0659031571851118,0.0801677774465101,1.0322992372541648,1.053458332085886,1.0457073211751082,678.5406364012059,658.673064666231,19.867571734974945,20.856597734778628,-0.9890259998036832,60.270424232359375,0.015712796698582,0.0170991230307606,0.0249058161334341,0.0125025028516361,0.0063564206235658,-0.4453703865505506,0.6226015751404258
2020-06-03,0.0100963047806348,0.038206783729374,-0.0053319278950513,0.0150977762249633,0.0664799226211039,0.0942225344558096,0.0654595094592791,1.023080990888561,1.047996521621926,1.046384613599644,683.6068850227751,662.5840415384662,21.022843484308964,20.88984688468469,0.1329965996242705,57.12259422509821,0.0165306765611637,0.01394732244513,0.0247003165163871,0.0172867297002722,-0.0021682791798546,0.1456772965194483,0.7570729813981403
2020-06-04,0.0038745219822498,0.0100963047806348,0.038206783729374,0.018470442022918,0.0730514994795183,0.1019041351552398,0.0917507286591301,1.0336434660481075,1.06336936130699,1.0674689331769438,690.6023571136222,667.5094794699339,23.092877643688325,21.33045303648542,1.762424607202906,74.38548709723561,0.0172657876771676,0.014597225032182,0.0251340801530988,0.030700101002871,0.023186577461518,0.3475418841021036,1.057561543935744
2020-06-05,0.0247461877222157,0.0038745219822498,0.0100963047806348,-0.0053319278950513,0.0801010346131514,0.0974500896940693,0.0595527198214429,1.0192416546212582,1.054677584829037,1.0655523570959395,696.6564998142909,672.1350205957142,24.5214792185767,21.968658272903674,2.552820945673026,72.36648355582042,0.0155706227065349,0.0147941007853993,0.0243264475807575,0.0280078608170811,-0.0083385467907282,-0.0329119197949848,1.0686584212849604
2020-06-08,0.0012026583051525,0.0247461877222157,0.0038745219822498,0.038206783729374,0.0323280262143441,0.0963640453777188,0.0144558794264013,1.0050138379352511,1.037003725299437,1.0565375634587972,700.91303439815,676.0008690411705,24.91216535697947,22.55735968971884,2.354805667260635,74.11499623971868,0.0120707352223847,0.0149162331191536,0.0231264401368893,0.0340235928504185,-0.0302150809327855,-0.0502387709046417,1.074167985982174
2020-06-09,-0.0077132365366616,0.0012026583051525,0.0247461877222157,0.0100963047806348,0.0009442155815377,0.0794213463309094,-0.0159052455474414,0.984116102327112,1.0080961103887678,1.0356265897509775,702.2178706776414,678.4744691281093,23.74340154953211,22.79456806168149,0.9488334878506172,73.9764598372305,0.0166787042734991,0.0172027067981553,0.0235167805648955,0.0325277587800238,-0.0148368830322974,-0.1769154962606501,0.8622937552712909
2020-06-10,-0.0206116391530222,-0.0077132365366616,0.0012026583051525,0.0038745219822498,0.0197839963042856,0.0875791574688347,0.0728764831589605,1.0026083554516998,1.0225598988134377,1.055410511933489,705.8069670457446,681.961323049754,23.8456439959906,23.004783248543315,0.8408607474472838,74.93247974392318,0.0195794769784517,0.0177271969921067,0.0190997033749095,0.0251248342567509,0.0188258053766858,-0.1440418768324952,0.7544339457918038
2020-06-11,0.0227694569575329,-0.0206116391530222,-0.0077132365366616,0.0247461877222157,-0.0266489357026522,0.0444558190642541,0.0275652325616542,0.9859326698692388,0.9959132523130942,1.0308563217909534,706.3979437201974,684.0122113741935,22.38573234600392,22.88097306803544,-0.495240722031518,65.83484130179042,0.0183467928367572,0.0197102745887654,0.0194490911058671,0.024029322402798,-0.018071491428832,-0.0789260317575208,0.7671493481866348
2020-06-12,-0.0219126834027599,0.0227694569575329,-0.0206116391530222,0.0012026583051525,0.0044888733885186,0.0849494714043379,0.1064452632110231,1.0177699886808225,1.0207844899397387,1.0596839373222966,710.5260996142056,687.6580443858273,22.86805522837824,22.878389500104,-0.0103342717257604,72.7272831534203,0.0253999680195865,0.0212761019702573,0.0180038833730321,0.060423002722992,0.0592000225713333,0.8909677101296711,1.3932719415967092
2020-06-15,0.0332314487173599,-0.0219126834027599,0.0227694569575329,-0.0077132365366616,0.0287034381129225,0.0619593898270229,0.1063107876103268,1.028329932397514,1.031088143380406,1.0713154091401789,715.8474016717557,691.914082800824,23.93331887093177,23.089375374269554,0.8439434966622166,76.15321848809987,0.0255647718422413,0.0188493360351477,0.0179998932975678,0.040785366462218,0.0316613312990739,0.3776632894236487,1.6592753701660072
2020-06-16,0.0162071798020453,0.0332314487173599,-0.0219126834027599,-0.0206116391530222,0.0524021960782155,0.0533958906297971,0.1228180055881233,1.0198716372215837,1.027717959026168,1.0671407550522656,720.5736934668462,695.9625432111217,24.61115025572451,23.393730350560546,1.2174199051639647,74.88796559906234,0.0213511383536639,0.0188377174979051,0.0175197174674949,0.0390987407796497,-0.015398684737771,-0.0361606836621252,1.3807325693400716
2020-06-17,0.0019510225994405,0.0162071798020453,0.0332314487173599,0.0227694569575329,0.0274782580020698,0.0478058840611166,0.1465328100750653,1.0128729168363908,1.0214424789552137,1.0583835729141025,724.4060121101679,699.630781836108,24.775230274059936,23.670030335260424,1.1051999387995115,72.25506287717047,0.0205913352547853,0.018959779095852,0.0163482012050971,0.0206456423879274,0.0044147683272505,-0.1837370709123172,1.019018974103376
2020-06-18,-0.0014526918619742,0.0019510225994405,0.0162071798020453,-0.0219126834027599,0.0768680122041358,0.0481706257866649,0.1549835469025817,1.0231330831421468,1.0420691430460425,1.077111441758958,730.5277903702623,704.4135069446023,26.114283425660005,24.15888095334034,1.9554024723196652,77.03274086675215,0.0148060646725371,0.0190016780692361,0.016687060450718,0.0358717260888105,0.0304293437424645,-0.0313650456572826,0.8989807123744898
2020-06-19,0.0251029023565241,-0.0014526918619742,0.0019510225994405,0.0332314487173599,0.1073766346109663,0.112347508117139,0.2207458725541287,1.0646383380910422,1.094957755864519,1.1327144347356315,743.0562579425056,712.3801234368424,30.676134505663185,25.46233166380491,5.213802841858275,79.75108288524478,0.0256381716169334,0.0262066254431235,0.020727772181452,0.0720699585114828,0.0535329770766754,1.6142847185246665,1.809532765290839
2020-06-22,0.0625038087192695,0.0251029023565241,-0.0014526918619742,0.0162071798020453,0.0815088061008078,0.1125518271853032,0.2197618219452517,1.040056004632928,1.0748945187011678,1.1129134227375432,752.7165200168557,719.3036669915786,33.41285302527717,27.052435936099364,6.360417089177808,76.32928943954677,0.0287275039804843,0.0261922179397059,0.0207629836981468,0.0396300450510803,-0.0153659586476482,-0.4310365716860713,1.0051763823445403
2020-06-23,-0.0075309705582845,0.0625038087192695,0.0251029023565241,0.0019510225994405,0.0637942571703615,0.1195394124214823,0.2084547398265119,1.0125680974856195,1.0475025102811215,1.086541654303084,759.097835146474,724.8511782040079,34.24665694246619,28.49128013737273,5.755376805093459,71.39275534752986,0.0315493357200836,0.0254277328601816,0.0212208213172643,0.0276890141877263,-0.0166285485707773,-0.3693871321650523,0.6631658898046466
2020-06-24,-0.0144604114227563,-0.0075309705582845,0.0625038087192695,-0.0014526918619742,0.0696443083456812,0.0990362706208491,0.1952889412295135,1.0033738708509008,1.041858824045606,1.081293303610816,764.9908552501415,730.2253476570675,34.76550759307406,29.746125628513,5.019381964561067,69.09089482755151,0.0310188576297146,0.0252058037004071,0.0212174665569501,0.0353039907255017,-0.0046373817093583,0.3588882305125658,0.8713219471853132
2020-06-25,0.0040385512183589,-0.0144604114227563,-0.0075309705582845,0.0251029023565241,0.03744185688033,0.1171879501960888,0.166853455570771,0.9904637555028144,1.0247248340507142,1.066866187675851,769.270807807812,734.8612883398773,34.40951946793473,30.678804396397343,3.7307150715373822,67.20565076223073,0.0313091307558646,0.0234030217895325,0.0213497436510782,0.0209267427738046,-0.0052692500468096,-0.2308144843562004,0.6720065702143407
2020-06-26,-0.0057585963702641,0.0040385512183589,-0.0144604114227563,0.0625038087192695,-0.010088701221413,0.0962046426048026,0.1893266475450616,1.0062164509499674,1.0295051994089983,1.0723834808677075,774.5785572526438,739.9657246998286,34.612832552815235,31.465610027680928,3.147222525134307,71.13047436398176,0.0110326077811867,0.0221617024191217,0.0211509269591764,0.0200959268924785,0.007432855975898,-0.2207056240352986,0.7016599234708836
2020-06-29,0.0138250334426326,-0.0057585963702641,0.0040385512183589,-0.0075309705582845,-0.0131718419121453,0.0672633430802549,0.1333903286022562,0.9981811017654784,1.0120727679815662,1.0544093499564118,777.7562345172611,744.0596309792973,33.696603537963824,31.91180872973751,1.784794808226316,73.63405434945543,0.0114983890346331,0.0228646243035676,0.0203966260824009,0.0140440191402249,-0.002835570219395,-0.1713984189787999,0.6896090516172306
2020-06-30,-0.0106220774612352,0.0138250334426326,-0.0057585963702641,-0.0144604114227563,-0.0097623041706129,0.0534091740569131,0.109656895103281,0.9890709773458812,0.9958305242898398,1.0374075092093813,779.0924899040285,747.1990579090715,31.89343199495704,31.90813338278142,-0.0147013878243775,67.47450552345296,0.0106925839876234,0.0235288322854268,0.0207443405982575,0.026670957940139,-0.0189407079185139,0.181659660042996,0.8500511388118297
2020-07-01,-0.011055325749543,-0.0106220774612352,0.0138250334426326,0.0040385512183589,0.0056428641519605,0.0756801658685937,0.1271040071649505,1.0073744081666802,1.0082044063143956,1.051529521685775,782.601660627928,751.2511350720569,31.35052555587117,31.79661181739937,-0.4460862615281975,76.54009479019172,0.0144782671320044,0.0237854688123907,0.0209814649732229,0.0235670133663521,0.0102325308161211,-0.0598590256047445,0.9184116252319028
2020-07-02,0.0196584200125045,-0.011055325749543,-0.0106220774612352,-0.0057585963702641,0.0247104409993126,0.0630775026749888,0.114286611238568,1.0155650602053332,1.0152517092961495,1.059508787216969,787.186212087814,755.7807728531776,31.405439234636447,31.718377300846782,-0.3129380662103393,74.63029661338786,0.0146634296943094,0.0230950075696558,0.0205977948066349,0.0184906789301764,0.0099540981069025,0.0114329968522106,0.9991237136854372
2020-07-03,0.0130928021175238,0.0196584200125045,-0.011055325749543,0.0138250334426326,0.0265552695890731,0.0161986601869219,0.1303660474108978,1.0259838375529633,1.02944857875529,1.069454075834528,793.0214932359629,760.9166814974445,32.10481173851838,31.795664188381107,0.309147550137272,74.76074900955946,0.0149584353744576,0.01297829640099,0.0206877482807019,0.0139829345928633,0.0045510861012493,0.0223947015743535,1.032156406534183
2020-07-06,0.0156502645829399,0.0130928021175238,0.0196584200125045,-0.0106220774612352,0.0746597713350225,0.0605045227176554,0.1798662444878054,1.0471908951694668,1.0597944458869195,1.098402792679974,802.4959416173292,767.8565871431778,34.639354474151446,32.364402245535175,2.274952228616272,78.49318737754118,0.0168379659866209,0.0163422443756317,0.0214029715311628,0.0355869990083456,0.0259279937924925,0.5973282635959056,1.4335906706276984
2020-07-07,0.0357402893904019,0.0156502645829399,0.0130928021175238,-0.011055325749543,0.0700369047449045,0.0595908790070036,0.1862537500906629,1.0174252947173352,1.0374805952479689,1.072480395817974,808.4999276124997,773.313273324123,35.18665428837676,32.928852654103494,2.257801634273264,73.82096309183471,0.0184863239843694,0.0164621860016705,0.0210531406477213,0.0318352269092555,-0.0196505837623349,-0.2515430803243607,1.041767514137119
2020-07-08,-0.0153094714950269,0.0357402893904019,0.0156502645829399,0.0196584200125045,0.0347606444759789,0.040599658222552,0.143656767582244,0.996508373725395,1.018933611355415,1.050534355011649,811.7732823487978,777.4957518481463,34.27753050065155,33.19858822341311,1.0789422772384398,66.84848315683271,0.0216497825917573,0.0176333611003994,0.0213683701251319,0.0249999595441344,-0.0142813629116697,-0.2553452386158872,0.7862785268580896
2020-07-09,-0.0139569961009593,-0.0153094714950269,0.0357402893904019,0.0130928021175238,0.0362995592463086,0.0619069783626782,0.1863496804559228,1.0039458694395955,1.0276161891610702,1.057023008407535,816.4067854099202,782.265774099846,34.14101131007419,33.38707284074533,0.7539384693288582,59.41355168714565,0.0217652110654846,0.0175402544870178,0.0203062744161229,0.0267233008952087,0.0084300350154826,0.3898187287139663,1.0449414364466891
2020-07-10,0.0145994920802861,-0.0139569961009593,-0.0153094714950269,0.0156502645829399,0.050422330028502,0.0783165781847912,0.1820556392038927,1.0233991638681328,1.04985565603594,1.079153043490268,824.1472472849566,788.5216269515357,35.6256203334209,33.83478233928045,1.7908379941404462,67.12987613472178,0.0238646414994995,0.0189441936291618,0.0200852069709795,0.0321344486401977,0.0270987052426141,0.2015716162210312,1.160195412051506
2020-07-13,0.0294916251756347,0.0145994920802861,-0.0139569961009593,0.0357402893904019,0.0449292611586107,0.1229434408579868,0.1984763707801395,1.0449574861988844,1.0690312563755036,1.1017338940461665,834.7403165127519,796.2609284562831,38.47938805646879,34.76370348271812,3.715684573750672,75.68996139339257,0.0224941302752044,0.0189621378891057,0.0206083739836162,0.0246511709289104,0.0166286179436874,0.5906865743294551,1.648074328282918
2020-07-14,0.0303239986487644,0.0294916251756347,0.0145994920802861,-0.0153094714950269,0.0513038845202762,0.1249339545383709,0.1850157479188425,1.024881574895507,1.0467744978382705,1.0822636116562754,842.425681730742,802.8116145283872,39.61406720235482,35.73377622664546,3.880290975709357,72.10989182230017,0.020978527031775,0.0187338583071938,0.020969796078715,0.028377673001838,-0.0087900976702592,-0.0327153656990093,1.3835777899459896
2020-07-15,-0.0093023363899591,0.0303239986487644,0.0294916251756347,-0.0139569961009593,0.0255839215738773,0.0612338796519871,0.1415482356894208,0.9810284604052564,1.0010966208063488,1.0343744129522892,843.7456808905557,806.3815450277311,37.36413586282458,36.05984815388129,1.304287708943292,62.84637499484646,0.0291244881272513,0.0242085708840721,0.0233680829704565,0.0980476984771507,-0.0484790646827704,1.0743715002071554,1.957320508596862
2020-07-16,-0.0380803631856454,-0.0093023363899591,0.0303239986487644,0.0145994920802861,0.0104975204702664,0.0471781350828248,0.1132315166997015,0.9787150621209054,0.9962789769064208,1.0286285304699874,844.8200101075134,809.6665284183274,35.15348168918604,35.878574860942244,-0.7250931717562068,60.87887443438915,0.0287086024993816,0.0241574183127949,0.0230145070665238,0.0306770368152135,-0.0019490803126347,-0.563529583455398,0.7993282287284581
2020-07-17,-0.0003253274055275,-0.0380803631856454,-0.0093023363899591,0.0294916251756347,0.0179175325205309,0.0692433062870796,0.0865636152627649,1.0113637801149773,1.0263252131894989,1.0622267265199776,850.5783574106845,815.0430276153495,35.535329795334974,35.80992584782079,-0.2745960524858191,68.21915840542827,0.0306256598294213,0.0260880483004062,0.0202403319361998,0.0428937931362736,0.0361517655465896,-0.1842952965044099,0.6419706916885983
2020-07-20,0.03705110959762,-0.0003253274055275,-0.0380803631856454,0.0303239986487644,-0.00780366385008,0.0367749844574165,0.0995045600576172,1.0173272239578484,1.026972779093838,1.0616581488117034,856.0329960091609,820.3015817401963,35.73141426896461,35.79422353204956,-0.0628092630849437,71.29885349440505,0.0270177116906133,0.024058177233141,0.0200466923004757,0.0168498191712441,0.0010949668968708,-0.2641198758857529,0.5164375288851552
2020-07-21,0.0042893101323215,0.03705110959762,-0.0003253274055275,-0.0093023363899591,0.0284559077067809,0.0812196908299653,0.1456505226062037,1.0386911116993989,1.0463119834749175,1.082715967647214,864.3156112565496,826.9362790273808,37.37933222916877,36.1112452714734,1.2680869576953668,72.29157309968936,0.0290993722403229,0.0240206773497973,0.0200730048276907,0.0205422037912943,0.0167869695187834,0.1525002720470272,0.6406901021072656
2020-07-22,0.0269024665468009,0.0042893101323215,0.03705110959762,-0.0380803631856454,0.086767960443171,0.1145717467121518,0.1598229786931781,1.038282815586291,1.0520320428694598,1.092254376016755,873.627933082465,834.1888289605378,39.43910412192725,36.77681704156417,2.662287080363072,72.79446881905625,0.0155084593635086,0.0228128363937102,0.0201680610504626,0.0246008096789793,0.010590049837647,0.4172795672416132,1.199140455727668
2020-07-23,0.016459173385406,0.0269024665468009,0.0042893101323215,-0.0003253274055275,0.1163068115495238,0.1280252651548625,0.1978579008373591,1.0429855256516765,1.0671908125484089,1.1112836342252703,885.3273860607636,842.7433140331947,42.584072027568936,37.93826803876513,4.645803988803806,74.06813706666617,0.0124292639254438,0.0233417321402001,0.0203455422809584,0.0429341882898928,0.0268719724466785,-0.0240533872212618,1.182768803717781
2020-07-24,0.0268462882322009,0.016459173385406,0.0269024665468009,0.03705110959762,0.1226394992601749,0.1427544289970017,0.232251045581562,1.0625136141223506,1.0977468556135868,1.1464736749176263,901.4997691247328,853.6843926956664,47.81537642906631,39.91368971682537,7.901686712240938,75.15167445936132,0.0143098305560233,0.0247803593457257,0.0216860334154823,0.0490179693751926,0.0428328504052154,1.0673687176399818,1.8993573256874317
2020-07-27,0.0429341882898928,0.0268462882322009,0.016459173385406,0.0042893101323215,0.1230793510375893,0.114315217305126,0.2513129643210336,1.0430836640406074,1.0905485972853075,1.1386716229678395,915.897641182466,864.1585811996911,51.73905998277496,42.27876377001529,9.460296212759673,79.35081351876497,0.0141783420766246,0.0241897742748798,0.0211568921232533,0.0328819207276382,-0.0103727170905209,-0.3341079853713562,1.1116985162482818
2020-07-28,0.0046827921346841,0.0429341882898928,0.0268462882322009,0.0269024665468009,0.1045623925443288,0.1359937180429513,0.2779179055688043,1.0328832023946253,1.0870888975815225,1.135821897198909,929.6069546483848,874.5918847190427,55.01506992934208,44.826025001880645,10.189044927461431,83.72712692947664,0.0151692060453562,0.0231238586262279,0.0204897958437325,0.0199063479325405,0.0099712405100063,-0.3136848174767875,0.7365838842833199
2020-07-29,0.0099712405100063,0.0046827921346841,0.0429341882898928,0.016459173385406,0.0462325060556976,0.1370119667554981,0.2066356206906734,0.9857774289310758,1.0335937067402925,1.0834042802006183,935.452598194066,881.4816441987664,53.97095399529962,46.65501080056444,7.315943194735183,72.04954608236565,0.0301028872647191,0.0229125725707224,0.0232150088021788,0.0535854613240038,-0.0373066039445901,0.3184098891575058,0.9387701994717907
2020-07-30,-0.0372181458897197,0.0099712405100063,0.0046827921346841,0.0268462882322009,0.0248080509194885,0.1440002077722162,0.1979720041092734,0.9867765525162762,1.0261794259567172,1.0799841922558815,941.2651135109644,888.2781111287768,52.98700238218771,47.921409116889095,5.065593265298617,70.03124875172574,0.028489366906417,0.0225909179306753,0.0232159068916543,0.0321027953715995,0.0046927138179875,0.0026704641218338,0.9072309626381464
2020-07-31,0.0058188186146181,-0.0372181458897197,0.0099712405100063,0.0429341882898928,-0.0368334046320633,0.0812888643279881,0.1561608803454595,0.97444962754624,0.9983144858896452,1.0510887220515228,943.2191435237008,893.1439035335897,50.07523999011107,48.3521752915335,1.7230646985775735,61.775715831141255,0.0204038604192201,0.0232263318726398,0.0240461365012937,0.0368632093700079,-0.0224166769138161,0.0288318788674497,1.0530830290653406
2020-08-03,-0.0197975411817717,0.0058188186146181,-0.0372181458897197,0.0046827921346841,-0.0682682135258416,0.0464087300944915,0.0848903948798214,0.9603893400820552,0.966097641401844,1.0174792443528624,940.7474596342372,895.6631105490413,45.08434908519587,47.69861005026598,-2.614260965070109,57.65391630107952,0.0208507642519275,0.0259184887941335,0.0243437996084437,0.02682930714886,-0.0206210485575503,-0.3767797302013989,0.7246993595819963
2020-08-04,-0.0281069783178063,-0.0197975411817717,0.0058188186146181,0.0099712405100063,-0.0124443294064262,0.090816854281557,0.1794126619384204,1.0307509157253751,1.02536226490031,1.0802447914775457,948.7096236718786,902.8363264994016,45.873297172476896,47.33354747470816,-1.460250302231266,72.8942762235566,0.0434547258696079,0.0327912672040652,0.0279816473834019,0.0775364834395117,0.0643372761220113,0.9702515336329364,1.2810690408072376
2020-08-05,0.0704827721681962,-0.0281069783178063,-0.0197975411817717,-0.0372181458897197,0.0142131395657338,0.0611027546824745,0.1826751507275217,1.0162731718969324,1.007963400990591,1.059375487114777,953.7321928365416,908.6526225544228,45.07957028211854,46.88275203619024,-1.8031817540717012,70.41766225222298,0.0395309325207221,0.0332762948924407,0.0278720798335866,0.0365397559057281,-0.0196173575657768,-0.1900354358172014,1.0321997304533723
2020-08-06,-0.01122940604736,0.0704827721681962,-0.0281069783178063,0.0058188186146181,0.0119733102797565,0.0370783956903402,0.1698506322849757,1.017473582070011,1.0079441355419652,1.055043578059616,958.5252062132514,914.2995971641068,44.22560904914451,46.35132343878109,-2.1257143896365847,67.58102777542544,0.0395099006078137,0.0324950329797732,0.0278599464933993,0.0280680586141194,-0.0106166103918216,-0.3383906152747727,0.7305214177278684
2020-08-07,0.0035975276862789,-0.01122940604736,0.0704827721681962,-0.0197975411817717,0.0383870947928648,0.0001397627656465,0.1429141435164533,1.0156767428425613,1.0137627301904677,1.0541553077710712,963.457682751357,919.950464315724,43.50721843563292,45.78250243815146,-2.2752840025185392,67.79235725288206,0.0374225987538158,0.0295542998104714,0.027408820265161,0.0175172581046453,0.007817622991539,-0.3312565594431398,0.5578970525945164
2020-08-10,0.0057869838876551,0.0035975276862789,-0.01122940604736,-0.0281069783178063,0.0551766705432179,-0.0168583557089132,0.0955296949999413,0.9926761647650998,1.002921452470045,1.0363873443352387,965.7427199903308,924.2734243519436,41.46929563838728,44.91986107819863,-3.450565439811349,62.12394333060291,0.034136562125176,0.0297717595737318,0.0271633393655413,0.026841519535222,-0.0181788935730641,-0.1826747212986884,0.4886400270899349
2020-08-11,-0.0123925384999389,0.0057869838876551,0.0035975276862789,0.0704827721681962,-0.0078117500335923,-0.0201588674493599,0.113093371257618,1.000783265089846,1.0116224253207795,1.0377079788976982,968.6666633842464,928.7530486259316,39.91361475831479,43.91861181422186,-4.004997055907069,60.94250642148727,0.009456291464329,0.029648073113756,0.0269570908135997,0.0279548611182131,-0.0004684147459763,0.7370195931250707,1.015161168659393
2020-08-12,0.0065806589430741,-0.0123925384999389,0.0057869838876551,-0.01122940604736,0.0005407828645158,0.0147616086525776,0.1537960924420405,0.9977677175649547,1.007205120095342,1.0276063887188305,970.700565006021,932.6888986481426,38.01166635787831,42.73722272295315,-4.725556365074837,56.39779471662981,0.0079319805679643,0.0269354599027817,0.0250279780258362,0.0179545437168607,0.0031117393397019,-0.3537110439143367,0.8119963751100152
2020-08-13,-0.0029056439841114,0.0065806589430741,-0.0123925384999389,0.0035975276862789,-0.005646369989313,0.0062593345506072,0.1511608877986268,0.9962910166405275,1.0039504417948126,1.0180749808190197,972.027515717234,936.1434798319028,35.88403588533106,41.36658535542874,-5.4825494700976805,47.39572242495581,0.0077375738249662,0.0269270093856628,0.0250705838003474,0.0136189019657066,-0.0027960389955118,-0.1795593514366958,0.7669992791226962
2020-08-14,-0.0026085274929436,-0.0029056439841114,0.0065806589430741,0.0057869838876551,-0.0152111250402502,0.0225920588537884,0.1057174059888319,0.9954695896236184,0.9978427024520772,1.009224266095179,972.5645704656644,939.0601384800606,33.50443198560379,39.79415468146375,-6.289722695859965,45.40030720573344,0.006725881277936,0.0260202926390238,0.0241737924931749,0.0320512688159771,-0.0041223616122396,0.3380670214425734,1.0247756176315703
2020-08-17,-0.0038877493701727,-0.0026085274929436,-0.0029056439841114,-0.0123925384999389,-0.0134443113631989,0.0409905468412512,0.0893015961605241,0.9875479536878764,0.9834219688235748,0.9944355007763168,971.4250542161392,940.9932922847784,30.431761931360825,37.92167613144317,-7.489914200082346,40.651731429173566,0.0061304229576757,0.0242605747497838,0.0244354252246097,0.0166877630406703,-0.0064845252876379,-0.0675874693582035,0.9323913653357596
2020-08-18,-0.0106206679854516,-0.0038877493701727,-0.0026085274929436,0.0065806589430741,-0.0071468429291792,-0.0149027636122794,0.0745606685579087,1.0018348199032374,0.997715957474558,1.0038606670527803,972.3920474527188,943.7130862084174,28.678961244301377,36.07313315401481,-7.394171909713435,52.68383224099533,0.0086958112055177,0.0085647553039617,0.0239597642610408,0.0245214859606602,0.0160911454583629,-0.0139253391306245,1.019300094619613
2020-08-19,0.0130059525164634,-0.0106206679854516,-0.0038877493701727,-0.0029056439841114,0.0018565649278368,0.0023983517908525,0.0636476523744458,1.0076058779885368,1.003597122436552,1.0069775622298918,974.133264911916,946.675817669831,27.45744724208498,34.34999597162885,-6.8925487295438685,52.77641271282207,0.0092291025066247,0.0081141514090885,0.0237848417645637,0.0153175160996666,-0.0044138582324628,0.1158802215762955,1.109120584042982
2020-08-20,0.0061362239851914,0.0130059525164634,-0.0106206679854516,-0.0026085274929436,-0.0117811021351896,-0.0173609516629654,0.0190737277920545,0.9936459018898434,0.9890788609496048,0.9897615919438032,973.1571023112846,948.2396984356074,24.917403875677223,32.463477552438526,-7.546073676761303,53.72929732606722,0.0119373438043842,0.0095049462225607,0.0234923882796733,0.0171193149045025,-0.0108254814853262,-0.3388245964222179,0.7444288294687452
2020-08-21,-0.0161854139552615,0.0061362239851914,0.0130059525164634,-0.0038877493701727,-0.0151149732404515,-0.0300961825327612,-0.0299606260928207,0.9894395123885292,0.9849106680079106,0.9840808063803782,971.2519231095484,949.1681235514882,22.083799558060264,30.38754195356288,-8.303742395502614,60.15614571141362,0.0121412201594667,0.0092532031852861,0.0213860431282447,0.0216154155384252,-0.0170679971151413,0.1217086194354428,0.8812787607673689
2020-08-24,-0.0072482496167753,-0.0161854139552615,0.0061362239851914,-0.0106206679854516,0.0021038826940422,-0.0113687139231668,-0.0280354118088105,0.9956293600844836,0.99261842131506,0.992068669045756,970.6267493168534,950.5029509518988,20.12379836495461,28.334793235841225,-8.210994870886616,38.1251360049477,0.0118822771540657,0.009068458318758,0.0214200565247097,0.0162232929307093,0.0020799288102929,0.2941479326582386,1.1268496811002553
2020-08-25,0.0066767623943926,-0.0072482496167753,-0.0161854139552615,0.0130059525164634,-0.017205211698323,-0.0242290916819309,-0.0438995280836564,0.9925822029791508,0.98857400070928,0.9878423256342388,969.1286023366164,951.2722726551146,17.85632968150162,26.239100524973303,-8.382770843471686,39.94101512537274,0.009752500046581,0.0087759104197388,0.0212840032390445,0.0159935062765504,-0.0113485282984744,-0.4074065832859016,0.7233710053962604
2020-08-26,-0.0065132090145575,0.0066767623943926,-0.0072482496167753,0.0061362239851914,0.0026975689925434,0.0045591421323625,0.0193880510568895,1.0183389573113288,1.0143156277202068,1.0130548042631902,971.780138350334,953.8716292307196,17.90850911961445,24.57298224390154,-6.664473124287088,50.59701816617022,0.0166002582201923,0.0126628396683039,0.0204947953617013,0.0472324602686004,0.0250839035263268,2.088013012992361,1.8733580735849005
2020-08-27,0.0265116969216301,-0.0065132090145575,0.0066767623943926,-0.0161854139552615,0.0064614932087945,-0.0053957324378338,0.0008298284182994,1.004320693697392,1.0021890009354968,1.0003578577232186,972.128050133576,955.3656985426222,16.7623515909537,23.010856113311974,-6.2485045223582745,43.65150332075351,0.0157229911672495,0.0133042381666628,0.0206836235575863,0.0221501166417284,-0.0174115225663465,-0.530902547019003,0.8493041473094697
2020-08-28,-0.0124923726442756,0.0265116969216301,-0.0065132090145575,-0.0072482496167753,0.0164757550069525,0.0011117511704545,0.0237289267721168,1.0036853172746982,1.0047122445481955,1.0018238701209128,972.8164893858624,956.9388249671272,15.87766441873532,21.58421777439664,-5.70655335566132,49.29201354021573,0.0149692468907028,0.0132773640035374,0.0201409683094276,0.0125936039396368,-0.0018159958856556,-0.0326921834817384,0.8122731695577852
2020-08-31,0.0026296006497272,-0.0124923726442756,0.0265116969216301,0.0066767623943926,-0.007181183527149,-0.0050924092008521,0.0356893970025169,0.9882823656471446,0.9883809544499456,0.9833722136719636,970.8820659136384,957.1835591781849,13.69850673545352,20.00707556660802,-6.308568831154499,40.61174478910919,0.0171766140724664,0.0139562863078109,0.0194134965503716,0.054621046199752,-0.0429162703814887,1.2849913681722978,1.5788501432521902
2020-09-01,-0.0167521193810606,0.0026296006497272,-0.0124923726442756,-0.0065132090145575,0.0024735120593639,-0.0147742569375788,-0.0294568432911704,0.9909086742337198,0.9929687289473048,0.9879468168796288,969.7102963830546,957.6340780512708,12.07621833178382,18.420904119643183,-6.344685787859362,42.87481853900783,0.0169892127340166,0.0132316804786994,0.0108480138526285,0.0287459694161938,-0.0060713989717447,-0.3779210019077864,0.8946620628236603
2020-09-02,0.0031479823096183,-0.0167521193810606,0.0026296006497272,0.0265116969216301,-0.0042577058337196,-0.0015716222964123,0.000822960191291,1.0112231128983873,1.0126112331337092,1.0072876992817394,971.626241620998,959.4511048941164,12.175136726881648,17.171750641090878,-4.996613914209231,50.96530258159957,0.0144521995453917,0.014692267700572,0.0115527705601523,0.0249036557436116,0.0173040205061837,-0.3021219456323293,0.7367510633534847
2020-09-03,0.0196190720106896,0.0031479823096183,-0.0167521193810606,-0.0124923726442756,0.0007107096525487,0.0071767951069365,-0.0103087525489754,1.0034301267190295,1.0042316596431409,1.000188253507822,972.104331476782,960.5831582859296,11.52117319085255,16.041635151043213,-4.520461960190662,49.73958438851561,0.0135956144929112,0.0138709969304588,0.0116444015846316,0.016926257975951,-0.0074717863512727,-0.3103222297132048,0.535955825248592
2020-09-04,-0.0075650453455288,0.0196190720106896,0.0031479823096183,0.0026296006497272,-0.0183824894245002,-0.0022095998097236,-0.0322392818232871,0.9905345152800086,0.987877691811404,0.9852993387340774,970.0345132027098,960.4399993532912,9.594513849418604,14.752210890718292,-5.157697041299688,47.91910804305512,0.0153278775048646,0.0147483716605761,0.0120742271772122,0.0119147895811489,-0.003023708141707,0.5320826286749327,0.8149759568177074
2020-09-07,-0.0165002101748156,-0.0075650453455288,0.0196190720106896,-0.0167521193810606,0.0009371613127047,-0.0062507521418253,-0.0175484030520872,0.9929248772668444,0.9910632275536626,0.9887330527477024,968.6665325807784,960.4920467463924,8.174485834386132,13.436665879451862,-5.26218004506573,44.33752874541496,0.0135159526967739,0.014595042473279,0.0118297531851175,0.0295297097716882,-0.0006478156624286,-0.230000163295722,0.8147801013691518
2020-09-08,0.0025996193939719,-0.0165002101748156,-0.0075650453455288,0.0031479823096183,0.0095101153246426,0.0120071507689478,-0.0125128632698027,1.0026838708222217,1.001506720057702,1.0009750568291005,969.244963040106,961.376067770097,7.868895270008807,12.323111757563252,-4.454216487554445,46.27798642308922,0.0144862170508122,0.0149019967249076,0.0120537246272676,0.0192207206610648,0.0072180162697596,0.2494979014636782,1.110674190391194
2020-09-09,0.0117398718426535,0.0025996193939719,-0.0165002101748156,0.0196190720106896,0.0155765299711516,0.0112525038549047,0.0158629477516867,1.025264549532626,1.026118792435858,1.0259239683502772,973.586145108455,964.0491476748584,9.53699743359664,11.76588889276993,-2.2288914591732905,59.23320067425954,0.0164742749226378,0.0147593517825219,0.0133890337592809,0.0399518969886238,0.0366186641023576,1.018860147222978,1.8230732227809727
2020-09-10,0.0257462340652436,0.0117398718426535,0.0025996193939719,-0.0075650453455288,0.0955920646154966,0.0963707124710746,0.0904549894539032,1.077045547440942,1.088083523113316,1.0934009820346924,988.0976065581156,971.7425918864428,16.355014671672734,12.68371404855049,3.671300623122244,73.90095705350383,0.032759360479245,0.0256026161127308,0.020508744118076,0.0732930673349546,0.0599606164336881,1.536651226846394,2.565779426533637
2020-09-11,0.0706272042318314,0.0257462340652436,0.0117398718426535,-0.0165002101748156,0.1167408714719293,0.0962123942121893,0.0974311096245217,1.055886026950981,1.0804434544706596,1.0908103013045822,1000.7847761621556,979.062711671475,21.722064490680623,14.491384136976516,7.230680353704106,73.45548887003626,0.0284564642773308,0.0256069919085476,0.0204203317029835,0.0218772683705086,0.0033519957010617,-0.5761301477037029,0.9768219957473556
2020-09-14,0.0024848188064365,0.0706272042318314,0.0257462340652436,0.0025996193939719,0.1055866440097486,0.1066227570403577,0.1009873811305328,1.0274883572948803,1.0614645032861731,1.0773726378698734,1010.2988821131702,985.2526193138656,25.04626279930449,16.60235986944211,8.443902929862375,72.91343626626193,0.0304986656105538,0.0246968192736135,0.0203047274257477,0.0338755635243783,-0.0096559566985376,-0.2590743724059436,0.6746884361364456
2020-09-15,-0.0074145427934261,0.0024848188064365,0.0706272042318314,0.0117398718426535,0.1004935717422661,0.1109593925235628,0.0945457930112032,1.015569597354074,1.0576861946311338,1.0799388309862272,1019.5065811390286,991.541234607746,27.96534653128265,18.87495720181022,9.09038932947243,70.53038281712455,0.0309070560845559,0.0245987933547064,0.0202250219297593,0.0162149552965439,0.002984472186838,-0.3831986355129518,0.4164276305301557
2020-09-16,0.0070791206377549,-0.0074145427934261,0.0024848188064365,0.0257462340652436,0.075508363873471,0.0922610521375701,0.0905444303145279,1.003717687380716,1.050874402551364,1.077749750301083,1027.7024023399954,997.5588778920102,30.14352444798521,21.12867065104522,9.014853796939995,75.40069520095281,0.0315176809392765,0.0245168782199934,0.020228154065791,0.0252951426166582,0.0019612343257735,0.2492385035421336,0.5566509498082536
2020-09-17,0.0024580627057511,0.0070791206377549,-0.0074145427934261,0.0706272042318314,-0.0065902908945759,0.0883717942078914,0.0961828155750903,0.9938864797418208,1.0305154063990216,1.0608277576983014,1032.8055408622076,1002.248798250704,30.55674261150375,23.01428504313693,7.542457568366824,70.6842154464577,0.0076168005325503,0.0248079224436629,0.019984467821795,0.0182056159076342,-0.0091593815852615,-0.2392658876226187,0.6779405654496262
2020-09-18,-0.0110988484684422,0.0024580627057511,0.0070791206377549,0.0024848188064365,-0.0060566276498387,0.1099771878320674,0.107524582449036,0.9981039683499316,1.0231526335630197,1.0585673926179098,1037.6170269134543,1006.8289020984528,30.78812481500188,24.56905299750992,6.219071817491962,77.2463413923224,0.0076871533438621,0.0233217525252022,0.0197899399090692,0.0186060598065033,-0.0036944800759926,0.2805504999115518,1.0077810832675995
2020-09-21,0.0030233572325264,-0.0110988484684422,0.0024580627057511,-0.0074145427934261,-0.0202818230734485,0.0831633313035753,0.0763927457904827,0.9804889134906776,0.9933967716674188,1.0318884794138947,1038.1489401407116,1009.3656103052804,28.783329835431346,25.41190836509421,3.37142147033714,68.4787678859727,0.0119858746289282,0.0254223194982301,0.0206779615260668,0.0392978492538296,-0.0191955627087671,0.0167034745214009,1.0942021103990076
2020-09-22,-0.0216203039023419,0.0030233572325264,-0.0110988484684422,0.0070791206377549,-0.046445453570687,0.049380648651071,0.0619807203134408,0.9701430197843878,0.969271230575148,1.008464873619405,1035.4253145090877,1010.1863335074931,25.238981001594425,25.37732289239425,-0.1383418907998255,59.01729754380452,0.011786125461686,0.0268656443569688,0.0212364213208153,0.0341224824939946,-0.0289195802120267,0.0346406102812466,1.0786589091261554
2020-09-23,-0.0198151910269611,-0.0216203039023419,0.0030233572325264,0.0024580627057511,-0.0403304017917643,0.0321326794280507,0.0437467563820879,0.986883083032189,0.974916860968839,1.0152621048205728,1034.5158498069684,1011.617997243628,22.897852563340397,24.88142882658348,-1.9835762632430871,62.80474425322694,0.013613525670136,0.0259424537267335,0.0205744054280992,0.0320288288390836,-0.0129203874782,0.2355827248214501,1.2620580589168016
2020-09-24,0.0088867279379594,-0.0198151910269611,-0.0216203039023419,-0.0110988484684422,-0.051136506161205,-0.0573897926048463,0.033450224664332,0.9750820457357974,0.9588050725401112,0.9910964188835628,1030.2247150860646,1011.2480325678848,18.976682518179928,23.70047956490277,-4.723797046722844,60.86777493712229,0.0150560615457318,0.0122189420177688,0.0210537443571663,0.0229002009941599,-0.0120929152123618,-0.3061824979713277,0.8555559219534788
2020-09-25,-0.022234106972475,0.0088867279379594,-0.0198151910269611,0.0030233572325264,-0.0451056534141262,-0.0508890929163328,0.0404271398270894,0.993484137581826,0.9728647404542172,0.99847054136917,1028.0492462236652,1011.6062647836316,16.44298144003369,22.24897993992896,-5.805998499895267,62.06548610601027,0.0166567568810563,0.0129170191672674,0.0211211982231513,0.0206658371939177,0.0058017112169196,-0.0486611522079258,0.8364778782917447
2020-09-28,0.0093984430152846,-0.022234106972475,0.0088867279379594,-0.0216203039023419,-0.0175544135521421,-0.0374802011157678,0.0651463135471994,1.0036364164716751,0.9830426404451552,1.00198927668579,1027.2415177631735,1012.4353571130268,14.806160650146694,20.760416081972508,-5.954255431825814,61.28866884678325,0.0161176313049192,0.0133942721597513,0.0206593998354037,0.0139650577569892,-0.0048271191417071,-0.3068936016945942,0.6317689452986367
2020-09-29,0.0066085507135205,0.0093984430152846,-0.022234106972475,-0.0198151910269611,0.0153313806221517,-0.0318261458753961,0.0756018368354665,1.013566599849485,0.9990877064277116,1.0114022327103975,1028.602855024368,1014.1875684350944,14.415286589273592,19.491390183432724,-5.076103594159132,59.137576053340574,0.0143630456141687,0.0140398716061091,0.020771149933828,0.021268958867418,0.0090112163198345,0.3140152242995306,0.8807993755991378
2020-09-30,0.0129949272384208,0.0066085507135205,0.0093984430152846,0.0088867279379594,0.0015914577774585,-0.0388031281459054,0.0498779065626946,1.0084126999418783,0.9983334358195513,1.0041808608855356,1028.9950652790326,1015.4442094161752,13.550855862857247,18.30328331931763,-4.752427456460381,37.39911972729792,0.014292834292683,0.013905039541164,0.0205109162430822,0.0187973551943076,-0.0113494919518815,-0.0532989424916801,0.9543595202838602
2020-10-01,-0.0047659829557082,0.0129949272384208,0.0066085507135205,-0.022234106972475,0.0201952776286022,-0.0319739444714849,0.0535722548955579,1.000328155582512,0.9975433961516011,0.9975545799593184,1028.6808267204797,1016.296676470417,12.384150250062705,17.119456705466643,-4.73530645540394,35.20661718244705,0.0080446278630791,0.0136743495122878,0.0204342640381404,0.0223794826808449,-0.0170288450000274,-0.1504969577348751,0.8722720726513488
2020-10-05,-0.0040728293485213,-0.0047659829557082,0.0129949272384208,0.0093984430152846,0.0047690578352106,-0.0405517070487424,0.0649657180803144,0.9935237983911688,0.995867418213464,0.9887137115804,1027.488381323579,1016.6398805570992,10.8485007664799,15.865265517669297,-5.016764751189395,35.670068147074176,0.0083879960491366,0.013515743823102,0.020039974280784,0.0195053887997046,-0.014171089176974,-0.089515838902207,0.8626322092609782
2020-10-06,-0.0058645194611303,-0.0040728293485213,-0.0047659829557082,0.0066085507135205,-0.002662145079895,-0.0201698262363688,0.0613161151255756,0.9932193131112146,0.997076910845906,0.985075789937686,1026.348041408413,1016.8944206547212,9.45362075369178,14.582936564873794,-5.129315811182014,31.96471345510568,0.0077776526048611,0.0120297204130369,0.0200613532338154,0.0145904416030512,-0.0066958721804109,-0.0269845914444263,0.8490672048751009
2020-10-07,-0.0008362569645234,-0.0058645194611303,-0.0040728293485213,0.0129949272384208,0.0055455861698365,0.020961988284331,0.0713777535138984,1.0132724404883853,1.0162213235720972,1.0027283977563406,1028.7307946532726,1018.7419404210384,9.988854232234305,13.664120098345895,-3.6752658661115927,40.20454266174412,0.0114315191186495,0.0122820282537895,0.0203890707996197,0.0394241404521765,0.010067155396622,1.887810103912221,1.95835028338897
2020-10-08,0.0213315105527889,-0.0008362569645234,-0.0058645194611303,-0.0047659829557082,0.0021929162554357,0.003787863966524,0.0360422576131282,1.0046389826920177,1.0076226361416845,0.9929042787024552,1029.4512034986826,1019.8287190675125,9.622484431170278,12.855792964910773,-3.2333085337404945,41.11140702830559,0.0119461801604717,0.0124186579604298,0.0198554135186578,0.0204979539254946,-0.0087428091691363,-0.6035835038606199,0.7961889316808978
2020-10-09,-0.0080842722432604,0.0213315105527889,-0.0008362569645234,-0.0040728293485213,0.0036849822205342,0.0239546790881368,-0.0348098675814932,1.00130013259365,1.0026554029630372,0.9921042968847252,1029.6489900998467,1020.6367262777892,9.012263822057548,12.087087136340129,-3.074823314282579,39.16953008712781,0.0118222112704529,0.0096849752179898,0.0115329176791041,0.0160738132470276,-0.0006935193574744,-0.120141003277001,0.7125805236591655
2020-10-12,-0.0025900918326763,-0.0080842722432604,0.0213315105527889,-0.0058645194611303,0.0112331526026674,0.0160557819923119,-0.035650375105672,1.0006843893558983,1.002680307174867,0.9955319745882564,1030.0719444474664,1021.5079460616104,8.563998385856053,11.382469386243312,-2.8184710003872606,46.72813045495725,0.0112277922656079,0.0093687105988271,0.0115178615823212,0.0131869038804569,0.0009171971024619,-0.2328880986162734,0.5670953184342025
2020-10-13,0.0016118342982232,-0.0025900918326763,-0.0080842722432604,-0.0008362569645234,0.0318275768315401,0.029080702124578,-0.0094894495554067,1.0138292249743233,1.0193004646960275,1.0154508534755589,1033.5289875492986,1023.80681854663,9.72216900266858,11.050409309528368,-1.3282403068597883,62.14848754641593,0.013308052149297,0.0108945042797403,0.0123636174409481,0.0262639418354222,0.0224603970510686,0.6245777853723828,0.8880173713812668
2020-10-14,0.0195123658483464,0.0016118342982232,-0.0025900918326763,0.0213315105527889,0.0132890124104831,0.0189082939437543,-0.0135196300529506,1.0141471028796183,1.0204036290344989,1.0191897474164489,1036.936975342195,1026.167862224889,10.769113117306006,10.994150071083896,-0.2250369537778898,60.36944983543244,0.0103465412594808,0.010310503201662,0.0122666597560365,0.0155191788105138,0.0037737250634747,0.1570611420589431,1.28934572438004
2020-10-15,0.0029815260895129,0.0195123658483464,0.0016118342982232,-0.0080842722432604,-0.0146253899401149,-0.0124645459400211,-0.0507840107125353,0.9810852406008576,0.9854955776050632,0.9856925808358388,1034.0696525882274,1025.5850115001865,8.484641088040917,10.4922482744753,-2.0076071864343845,54.15024341985369,0.0200884162917467,0.015676640409288,0.0144894908488529,0.0430545959596655,-0.0364628651233039,-0.2507595259010251,0.9758313459739882
2020-10-16,-0.0354098766694056,0.0029815260895129,0.0195123658483464,-0.0025900918326763,-0.0258120873597609,-0.0222222222222222,-0.0534856345943408,0.9724202278450046,0.973934993697452,0.974654846961402,1029.4637595217694,1023.9958512154506,5.4679083063188045,9.487380280844002,-4.019471974525198,45.88890265074304,0.0206910453372766,0.01618177315728,0.0145906952629566,0.0275070862029475,-0.0176975425493345,0.0772303746065183,1.0209810865897977
2020-10-19,-0.0139134228096604,-0.0354098766694056,0.0029815260895129,0.0016118342982232,-0.0272010117523032,-0.0162734122655963,-0.0561652046674608,0.9779179469513584,0.9756862730030068,0.9776697247488928,1025.5948608213048,1022.5380783823616,3.056782438943173,8.201260712463837,-5.144478273520663,43.343855902493104,0.0205858011837152,0.0161394959538105,0.014546405162224,0.0337974313983739,-0.006324068423832,0.4455598231990956,1.2716766740000476
2020-10-20,0.0001838109256631,-0.0139134228096604,-0.0354098766694056,0.0195123658483464,-0.0547200731116401,-0.0246341036112882,-0.0443070642583287,0.9797853199786848,0.9689503598884858,0.97072931530126,1020.8798837358156,1020.4943325588996,0.3855511769158966,6.638118805354249,-6.252567628438352,34.752877374665346,0.0152285803354118,0.0163218209858764,0.0139564094562508,0.018901652759732,-0.0106011914140691,-0.4076262840987379,0.7828526943161367
2020-10-21,-0.0093281486786277,0.0001838109256631,-0.0139134228096604,0.0029815260895129,-0.0712131328154107,-0.0588704726107008,-0.0391425264835283,0.9800719754581456,0.960620710838758,0.9585036469764264,1014.6679883113152,1017.5319792935414,-2.863990982226369,4.737696847838126,-7.6016878300644946,32.4652493107336,0.0130372780176195,0.014356110187841,0.0136508597631137,0.0443613311642514,-0.0200184704043157,0.8440531280542756,1.359109056536211
2020-10-22,-0.0145182998573114,-0.0093281486786277,0.0001838109256631,-0.0354098766694056,-0.0451167139989608,-0.0590822544040244,-0.0555181859800183,0.9809394133773328,0.9583732008858606,0.9532038770645604,1008.1586140578916,1014.1856886543208,-6.027074596429202,2.58474255898466,-8.611817155413862,31.60187121647168,0.0059026873688486,0.0143599608645563,0.0134757245141624,0.0196966963607907,-0.0096126845386205,-0.0962408340676094,1.1311798790405967
2020-10-23,-0.0083074824237261,-0.0145182998573114,-0.0093281486786277,-0.0139134228096604,-0.0288399585501498,-0.0539076263803625,-0.0312442871825703,0.9895613964611344,0.9664406586732968,0.9574395852825096,1003.0837874660524,1011.2958036585146,-8.212016192462102,0.4253908086953077,-8.63740700115741,34.23941149907802,0.0071790622465123,0.0146063953503484,0.0127149549292432,0.018267380900134,0.0033476064146286,-0.2395959575627853,0.8486933435265853
2020-10-26,0.0028952178939583,-0.0083074824237261,-0.0145182998573114,0.0001838109256631,-0.0675948627967479,-0.0929572258917215,-0.078393944852937,0.9635218817313262,0.9369559873147688,0.9230104373590068,992.829254208054,1005.7501382978144,-12.920884089760309,-2.243864170995815,-10.677019918764492,27.15242077943213,0.0158251424038821,0.0178765192815765,0.0150313862085813,0.0411265913193309,-0.0346582696649631,0.5935537872844585,1.294967239678542
2020-10-27,-0.0397293096384342,0.0028952178939583,-0.0083074824237261,-0.0093281486786277,-0.0563105706198676,-0.1079493251902306,-0.0820078652360588,0.9773544189548125,0.9502524777662826,0.9293084090851248,984.5357455228004,1000.7998649241916,-16.264119401390985,-5.047915217074849,-11.216204184316137,18.58271935999464,0.0174922187633058,0.0154624213185156,0.0149106770313693,0.0269599043481533,-0.0001965383129798,-0.022653268037737,1.1251280982302088
2020-10-28,0.0026613075949109,-0.0397293096384342,0.0028952178939583,-0.0145182998573114,-0.0532570652132637,-0.1206775955702834,-0.1040511090759975,0.976901540496797,0.951757970592831,0.9237078475968838,975.8816115210956,995.4283100788232,-19.546698557727492,-7.947671885205379,-11.599026672522116,18.33475563549712,0.0174080197298145,0.0146394116895461,0.0144215625672401,0.0250068331237754,-0.0148642823437662,-0.1796896210894101,0.9472523505671964
2020-10-29,-0.0113295667785998,0.0026613075949109,-0.0397293096384342,-0.0083074824237261,-0.0379933009011681,-0.0813958820094945,-0.0928458652388797,0.9921194021657402,0.9672885502595108,0.9352577522265996,969.6558253585954,990.9828057370468,-21.32698037845148,-10.6235335838546,-10.70344679459688,22.03871831734851,0.019333572552265,0.0135031471218846,0.0147149751573378,0.0251615851233569,0.0149724402594136,0.0244381294129061,0.9713048069184328
2020-10-30,0.0076809768529864,-0.0113295667785998,0.0026613075949109,0.0028952178939583,-0.0277087593825761,-0.0557495984606564,-0.0767329407170862,1.0114262389132556,0.9861686886202634,0.9517423415048208,966.347456568451,987.8101111063512,-21.46265453790022,-12.791357774663725,-8.671296763236496,26.79549661169968,0.0212802602252838,0.0149738430470064,0.0152790518988706,0.0210757170179716,0.0103270564052028,0.1098100022103842,1.0101162503100576
2020-11-02,0.0136168870017616,0.0076809768529864,-0.0113295667785998,-0.0397293096384342,-0.0747375681263066,-0.1372805552597943,-0.1513199444535979,0.9382746195334026,0.9142950329172748,0.8765205272950353,950.9775203415738,978.8199451794918,-27.84242483791797,-15.801571187314575,-12.0408536506034,11.72282801095703,0.0410013616352533,0.0293035182995934,0.0239332001087176,0.0894031333211231,-0.073778956151924,1.920703408012148,2.1559628708029743
2020-11-03,-0.0861766957226145,0.0136168870017616,0.0076809768529864,0.0026613075949109,-0.0904891015178873,-0.1417041791964036,-0.1628475273752151,0.9420916912652172,0.9147308912608556,0.8712120641328771,936.0516386814518,969.5710077255133,-33.51936904406148,-19.34513075866396,-14.174238285397522,10.04570857969756,0.0398889840728988,0.0292526351075776,0.0239151477852973,0.0399372637321175,-0.0209523778867826,-0.1074328829536235,1.5688779918949949
2020-11-04,-0.0144078530269515,-0.0861766957226145,0.0136168870017616,-0.0113295667785998,-0.0488454108398821,-0.0995011128226777,-0.1525139078962168,0.9839083609085338,0.9557636830449692,0.9081404668132604,927.8808430820216,963.1540047299312,-35.273161647909546,-22.53073693651308,-12.74242471139647,22.26739896507836,0.0464191890174366,0.0330627033050954,0.0248909024909084,0.0480870016707321,0.0414806418655676,-0.0959674173512418,1.2042112265472096
2020-11-05,0.0339385941332412,-0.0144078530269515,-0.0861766957226145,0.0076809768529864,-0.0354728747682914,-0.0721184440645583,-0.1269397782091381,1.012895638140604,0.984115710422282,0.9342846564671908,923.9348945669992,958.6412768043344,-34.70638223733533,-24.96586599667753,-9.740516240657804,29.551772285231426,0.0480992548403857,0.0345667004999626,0.0257659933320567,0.0148081756862252,2.5571997553332344e-05,-0.5359775666079409,0.5479992107947819
2020-11-06,0.0218482324865014,0.0339385941332412,-0.0144078530269515,0.0136168870017616,-0.0123387839708911,-0.0397056509573442,-0.0914728399407091,1.0540819990164636,1.0257738822274642,0.9744776754467188,925.8606634917876,956.9976557505412,-31.136992258753367,-26.200091249092697,-4.936901009660669,38.01842265201708,0.051701808125548,0.0373342746273293,0.0276114066179486,0.030480740327277,0.0196733328614726,0.7920553034100746,0.8958726688522703
2020-11-09,0.0379283910375281,0.0218482324865014,0.0339385941332412,-0.0861766957226145,0.0922794065850463,0.0106451000224345,-0.0833016648367123,1.0464410175065737,1.0355370835926163,0.9892533666967264,929.0202083512244,956.212474219251,-27.19226586802677,-26.398526172879517,-0.7937396951472522,41.44576323097731,0.0210399487252783,0.0352255600479131,0.0277877747265248,0.0160920637336528,-0.005528355671102,-0.4624821703592607,0.5806821963722711
2020-11-10,0.0106202008546529,0.0379283910375281,0.0218482324865014,-0.0144078530269515,0.1265402016071595,0.0246005909399478,-0.0860043514415309,1.0388882198080356,1.0499765659717126,1.0103626788561857,934.097017868704,956.6426220707764,-22.545604202072354,-25.627941778718085,3.082337576645731,46.75681933602978,0.0115372744094583,0.0355409264497973,0.0276619710727098,0.0234103153797804,0.0036350403447643,0.0305741505436469,0.7190341318714364
2020-11-11,0.0165065543300626,0.0106202008546529,0.0379283910375281,0.0339385941332412,0.0439055052314329,-0.0070844880496111,-0.1269071446362211,0.9870905173061806,1.0067014210669551,0.974883506987134,932.1909318113794,954.0548321763556,-21.86390036497619,-24.875133495969703,3.011233130993517,42.01411978276609,0.0302161863078188,0.0381332621109177,0.0288513169967188,0.0585319564499772,-0.0439445090730672,0.5358317086891888,1.2153036114858469
2020-11-12,-0.041903529987545,0.0165065543300626,0.0106202008546529,0.0218482324865014,0.012787701293152,-0.0231387900016855,-0.1026512697903604,0.9761773174688456,1.0003966050267583,0.9718602066733364,929.3568889666,951.0707448536856,-21.713855887085856,-24.242877974192936,2.52902208710708,40.47260616203671,0.0300483428973379,0.0381150309734292,0.0280419719760775,0.0219444637778583,-0.0005048480635653,-0.2940205850071168,0.8476598400177937
2020-11-13,-0.0086120656859315,-0.041903529987545,0.0165065543300626,0.0379283910375281,-0.0161397801553766,-0.0282794188655929,-0.0824524510797918,0.98745158805822,1.01165244184569,0.9842434136431528,928.1232532541904,948.8683383338524,-20.74508507966209,-23.54331939528677,2.798234315624679,47.407639313227655,0.0236553143303838,0.0379142126944253,0.0281105065623718,0.0274994590997963,0.0072653569170561,0.1333984093052562,1.0558808379527904
2020-11-14,0.0082828352726791,-0.0086120656859315,-0.041903529987545,0.0106202008546529,-0.0236017149733841,0.0664997393595288,-0.0799099370441731,0.9951344043852068,1.0082632836613816,0.9914020144897252,927.498306013762,947.0307648418192,-19.5324588280572,-22.741147281840856,3.208688453783654,47.44929324201836,0.0227825388140118,0.0238443760249544,0.0281385540466028,0.0099635286212508,-0.0062534587096931,-0.88485628682224,0.1417699531412249
2020-11-17,0.0029553091226444,0.0082828352726791,-0.0086120656859315,0.0165065543300626,-0.0437984365545729,0.0771995020608924,-0.0754441692094211,0.9997090961886028,0.9965377898084216,0.9909111343219232,926.3269545477026,945.0199320005272,-18.692977452824607,-21.93151331603761,3.238535863213002,48.525589694481056,0.019648164228647,0.0230633036209208,0.0281090817579449,0.0501693672805715,-0.0440048385265455,7.905587977544,1.1999912297690722
2020-11-18,-0.0045198036409555,0.0029553091226444,0.0082828352726791,-0.041903529987545,-0.0050070010737518,0.0386786692458436,-0.0646710142092956,0.9976755188381232,0.9898509474092068,0.9912890565111324,924.9062643498588,942.9512309828376,-18.0449666329788,-21.15420397942585,3.1092373464470526,46.73412528999897,0.0066386967701244,0.0212854913996658,0.0279898137031443,0.0233494832800165,-0.0030352214407856,-0.3467852070541368,0.9069556342191472
2020-11-19,-0.0030352214407857,-0.0045198036409555,0.0029553091226444,-0.0086120656859315,-0.003459575256549,0.0092838860216211,-0.0635040974576892,0.9913035310862132,0.981964686806456,0.9875761564290562,922.7065926710344,940.5554656091092,-17.84887293807469,-20.493137771155624,2.644264833080932,43.155234372617954,0.0062184054610349,0.0205437811269215,0.0279787248063509,0.0214124447833318,-0.0070702465112474,-0.0857154839322958,0.894601038639716
2020-11-20,-0.0070702465112474,-0.0030352214407857,-0.0045198036409555,0.0082828352726791,-0.0485373303285825,-0.063893728643127,-0.101062437512604,0.9636849132032904,0.9514507506994632,0.9558218829869948,915.6161872631108,935.819427972844,-20.203240709733336,-20.435158358871167,0.2319176491378307,52.24610735349074,0.0158230621514361,0.019306378400978,0.0289688205311336,0.0467491614461941,-0.0382278083297329,1.0675830629950136,1.7161880945024028
2020-11-23,-0.0373260788899935,-0.0070702465112474,-0.0030352214407857,0.0029553091226444,-0.0257703247007543,-0.0487638158157797,-0.0386378114901796,0.9948693502643372,0.9820154525534756,0.9835255724627916,913.251811022512,933.1844882488718,-19.93267722635983,-20.334662132368894,0.4019849060090692,59.73787013125752,0.0227730064021911,0.0214763722614725,0.0285845208737029,0.0224278405351609,-0.0001537426263023,-0.2113001095782711,1.0920199676197375
2020-11-24,0.0269544526467315,-0.0373260788899935,-0.0070702465112474,-0.0045198036409555,-0.0146494138429719,-0.0578062289747817,-0.0346277054276233,1.0046702625686403,0.9947705054831942,0.9920183496595576,912.1990327792648,931.2011004112818,-19.00206763201686,-20.06814323229849,1.0660756002816285,55.46128798945036,0.0233914603371072,0.0206123718181211,0.0286323593434411,0.0213843870695872,2.5454163213575983e-05,-0.3174955099619619,0.8059102028744131
2020-11-25,0.006843683640415,0.0269544526467315,-0.0373260788899935,-0.0030352214407857,-0.0198269052445875,-0.0247346329824905,-0.0316438888203256,1.000390314219045,0.9890146056917192,0.985394616737988,910.1544681659886,928.8091198469624,-18.654651680973643,-19.78544492203352,1.1307932410598769,49.18181400106344,0.0235256662987351,0.0163624154459449,0.0285844733018779,0.0260549978812079,-0.016262622066017,0.0550037580486437,0.8404489834271179
2020-11-26,-0.0082737392244259,0.006843683640415,0.0269544526467315,-0.0070702465112474,-0.0104148234299913,-0.0138383678211007,-0.0366569547358076,1.0049770102028135,0.9928331541531648,0.9896829879285894,908.7652534872068,926.758412654884,-17.993159167677277,-19.426987771162278,1.4338286034849972,39.673541683095095,0.0235780891406832,0.0162683056977118,0.0285228322908879,0.017899183996234,-0.0002304395863653,-0.2083236475017265,0.6721404206205059
2020-11-27,0.0024643307241285,-0.0082737392244259,0.006843683640415,-0.0373260788899935,0.0159515127040683,-0.0333600614658721,-0.0606960771798896,0.9901538530022505,0.9845742336228692,0.9812276070645424,905.9709615594876,924.0801862328208,-18.10922467333341,-19.163435151596502,1.0542104782630872,33.74562368977408,0.0152564488237478,0.0161899409489631,0.0283791521552003,0.0179811315104023,-0.0055140441317089,0.8320165649604505,1.2999107213676804
2020-12-01,-0.0116767615877106,0.0024643307241285,-0.0082737392244259,0.0269544526467315,0.0021530667251357,-0.0236727432042276,0.0412527649022951,1.0026002435691796,0.9997979965710484,0.9920366750489316,905.3886651897586,922.458397264186,-17.069732074427407,-18.744694536162683,1.6749624617352763,32.149257699332296,0.0103170182584502,0.0169150329559595,0.0206412477433225,0.0185175763945754,0.0074986708834876,-0.582762619982998,0.6310112271874373
2020-12-02,0.013006566984399,-0.0116767615877106,0.0024643307241285,0.006843683640415,-0.0030039861686405,-0.0176093933750492,0.0582306722856948,1.0048751885940794,1.0032611294045988,0.990976648204488,905.1267033276324,921.067842880612,-15.941139552979736,-18.183983539526096,2.2428439865463616,43.00305646039238,0.009762452221211,0.0169363606078379,0.0202690774894762,0.0137885409891537,-0.000178679521868,0.1234488704114444,0.7508782179511995
2020-12-03,0.0016624929573731,0.013006566984399,-0.0116767615877106,-0.0082737392244259,0.0083427650871679,-0.0116495513702807,0.0265785287312494,1.006224708108736,1.007478956498921,0.9926852054456532,905.3239416528282,919.9819843295596,-14.658042676731498,-17.478795366967177,2.820752690235679,47.021484157934175,0.0087904166380633,0.0169891137627622,0.0189218561887659,0.0114305138223026,-0.0040314638206771,0.2522201767037706,0.9721936805856533
2020-12-04,0.0030130372909882,0.0016624929573731,0.013006566984399,0.0024643307241285,-0.0029959987198613,-0.0133796193521887,-0.0042199481916459,0.997959740108086,0.999958907357994,0.98414648978786,904.2625359658546,918.3851562079255,-14.122620242071092,-16.80756034198796,2.684940099916865,40.75935844672425,0.009916843634551,0.0170663739626681,0.018420383766294,0.0148966099520971,-0.0113001526259789,-0.3354578085188134,0.6812165156803613
2020-12-07,-0.0088083303833965,0.0030130372909882,0.0016624929573731,-0.0116767615877106,0.0147165885316848,0.0309028530846768,-0.0349653740677408,1.0009149430426223,1.0028166214884378,0.9917133677472628,904.1773741826462,917.2980323684496,-13.12065818580345,-16.070179910751058,2.9495217249476084,41.958437937861895,0.0079001395908548,0.0114548778727208,0.0162033376247015,0.0124603819113505,0.0090693355703229,-0.0120427508882966,0.8569904642871109
2020-12-08,0.0058816048487642,-0.0088083303833965,0.0030130372909882,0.013006566984399,0.0198731298814673,0.0220689847812753,-0.0277709989436197,1.0150546231297617,1.018776141283089,1.0111755546358154,906.6293620638016,917.5067185196872,-10.877356455885549,-15.031615219777956,4.154258763892409,50.08314798582197,0.009674418410523,0.0096084632926914,0.0165867098701987,0.0322257083817768,0.0166228618958109,1.379268375043608,1.6682697711003178
2020-12-09,0.018154418423208,0.0058816048487642,-0.0088083303833965,0.0016624929573731,0.0351351716433685,0.0320256399050786,-0.0276318705431201,1.0247782871171252,1.032422519039916,1.0295174417588844,911.061317554587,918.834892907407,-7.773575352819989,-13.580007246386362,5.806431893566373,56.06221842849213,0.0110071591324219,0.0105832963300161,0.0165949472740771,0.0170453199719878,0.008457880459368,-0.3278065341981294,1.0642432010516756
2020-12-10,0.0166520189591241,0.018154418423208,0.0058816048487642,0.0030130372909882,0.0218680711979266,0.0303932764660082,0.0049068769449955,1.0103043977604855,1.0191878460364017,1.019130919854511,913.394986172992,919.3826907345784,-5.987704561586384,-12.061546709426366,6.073842147839983,55.07115953486253,0.0134051827797849,0.0107821334049684,0.0137712796432497,0.0137020188325083,-0.0072220209817654,-0.4493447426370307,0.6408230941956208
2020-12-11,-0.0098423608042201,0.0166520189591241,0.018154418423208,-0.0088083303833965,0.0303326297002022,0.027245754460589,0.0130303498676993,1.0037331215513032,1.0158341323071425,1.0178548596964572,915.2844331620028,919.8488907987994,-4.564457636796647,-10.562128894900424,5.997671258103777,70.34060569557299,0.0117867458573571,0.0108439445108752,0.0136129170647206,0.0317828720315236,-0.0035767028660007,0.6771460745060831,1.006656180145631
2020-12-14,-0.0005978772819483,-0.0098423608042201,0.0166520189591241,0.0058816048487642,0.0169032675670359,0.0318686145323459,-0.0025545858731574,0.9931868947523256,1.0053592517252732,1.010627499133761,915.8536925433292,919.7848706759715,-3.931178132642344,-9.235938742448807,5.304760609806465,59.03828001665245,0.0132062979255934,0.0102623439077644,0.0136021975231953,0.0143876019118204,-0.0082920260104073,-0.3574592782521449,0.6513411047103708
2020-12-15,-0.0072290624689688,-0.0005978772819483,-0.0098423608042201,0.018154418423208,-0.009730371845251,0.0099493850927405,-0.0139588873498274,0.986642241802978,0.9958237588673012,1.0027362470789691,915.1319292974804,919.1461566588858,-4.0142273614053465,-8.191596466240117,4.177369104834771,52.25680670009134,0.0109666673446827,0.010231084608017,0.0137105668614347,0.0144857996948382,-0.0077146894296444,0.0715379252062078,0.8584655708210096
2020-12-16,-0.0085119897900224,-0.0072290624689688,-0.0005978772819483,0.0166520189591241,-0.0248649355440399,0.0093966023210874,-0.0083782595206227,0.9927423228002584,0.996008997266978,1.0042794369951706,914.6774002108488,918.6299591459592,-3.9525589351103454,-7.343788960014163,3.391230024903817,56.71259170236772,0.004937434516186,0.0102288314289831,0.0136839239687062,0.0147985468965245,-0.005759564525404,0.0005253550094832,0.9524843256098864
2020-12-17,0.0011142459092627,-0.0085119897900224,-0.0072290624689688,-0.0098423608042201,-0.0106626830146642,0.0109722158719367,-0.0008051568907899,0.9994362406989666,0.9994840391728133,1.008918728135603,914.9353486309346,918.4613743900665,-3.5260257591316986,-6.58023631983767,3.054210560705972,57.554948382189785,0.0055814253075481,0.0102752402538395,0.0137106240462137,0.0140260011875942,0.0005542734838817,0.0911236462281068,0.9964594824310108
2020-12-18,0.004578686441778,0.0011142459092627,-0.0085119897900224,-0.0005978772819483,-0.0071044439236983,0.0230126893097404,0.009325168934317,1.003871200199258,1.0002234714114415,1.011469185649247,915.576060470166,918.508678182353,-2.9326177121871524,-5.850712598307568,2.9180948861204152,65.3187975282832,0.0060405651030642,0.0096654451457805,0.0136199762028257,0.0200346859793921,0.0057824764281014,-0.0881879532250022,0.9912822361356064
2020-12-21,0.0029965607722894,0.004578686441778,0.0011142459092627,-0.0072290624689688,-0.0259127465589277,-0.009447489080374,0.021163409637233,0.9828481447836882,0.9750886388158888,0.9841309435989528,912.4368517229528,916.7799763624218,-4.343124639469011,-5.549195006539857,1.206070367070846,46.671026860376685,0.0127253550526839,0.0130393326083013,0.0121184914379116,0.0859668829988916,-0.034975170151886,1.390052952549785,1.8394940828406805
2020-12-22,-0.0260350044698907,0.0029965607722894,0.004578686441778,-0.0085119897900224,-0.0190695879192538,-0.0286144055831149,-0.0071769116831785,0.9850866466860804,0.9763807476609316,0.9829580003834688,909.5676042523544,915.076773903284,-5.509169650929721,-5.54118993541783,0.0320202844881087,45.29707736097221,0.0126492727215687,0.0112044327817022,0.0104861412539554,0.0363763454326956,-0.0063109337471724,-0.362418563361862,1.0860231496284976
2020-12-23,-0.0015465873384113,-0.0260350044698907,0.0029965607722894,0.0011142459092627,-0.0165439331484613,-0.0409975048611198,-0.0102848362837302,0.9920234320003674,0.9841082928122008,0.9870929527201908,907.6474323391316,913.7441600449968,-6.096727705865305,-5.652297489507324,-0.4444302163579809,45.59529906839608,0.0129475346239456,0.0092839670403348,0.0103963089523937,0.0158448863151212,0.0071761790572585,-0.306986165352304,0.7472053494379617
2020-12-24,0.0036918690924665,-0.0015465873384113,-0.0260350044698907,0.004578686441778,0.0043060449747209,-0.0064025520325555,0.0237961298994391,1.0168061503370158,1.0102307562344213,1.0114451379826217,909.5939699420056,914.2297723940944,-4.635802452088797,-5.448998482023619,0.8131960299348222,59.03547817177793,0.0184895115979961,0.0129806905218887,0.0117611915223687,0.0265275801597989,0.0242167980533744,0.0654095267983188,0.79289204405092
2020-12-28,0.0258764793390058,0.0036918690924665,-0.0015465873384113,0.0029965607722894,0.0058999767175209,-0.0012463832599182,0.0259654125484074,1.0202491522552586,1.0149946615444367,1.0147812927528606,911.8906890344614,914.992207331048,-3.101518296586619,-4.97950244493622,1.8779841483496007,58.6730948928055,0.0185461750864899,0.0130824943486709,0.0117823793112402,0.0113313332953509,-0.0016943157315317,-0.1711262960733288,0.6635114959118843
2020-12-29,0.0045884142358163,0.0258764793390058,0.0036918690924665,-0.0260350044698907,0.0259576851576912,-0.0006276963179843,0.0312209144023605,1.0083299165457706,1.008345261781253,1.0065334770449643,912.8933177797608,915.245212408667,-2.3518946289063933,-4.453980881730255,2.1020862528238613,49.221720605041575,0.0124021596346169,0.0130463806382626,0.011539701060749,0.0149494327613131,-0.0094325537353072,0.0807386163074421,0.8926432154859776
2020-12-30,-0.0066140815516664,0.0045884142358163,0.0258764793390058,-0.0015465873384113,0.0303608994440105,0.0107123416835015,0.0207683079888962,1.0051022906876816,1.0100243051390836,1.0082547393211885,914.1286400594367,915.6657827930368,-1.5371427335998078,-3.8706132521041656,2.333470518504358,42.51011355146607,0.0119596252047629,0.0127102273392331,0.0112298387167294,0.015860660118988,0.0001252774746924,0.1843811652294797,1.1228936552550215
2020-12-31,0.0027385838674363,-0.0066140815516664,0.0045884142358163,0.0036918690924665,0.0213236412227217,0.00442693117939,0.013865131612273,0.9958067035745848,1.0044167493154603,1.0024135175950093,914.449716543682,915.7065127496288,-1.2567962059466709,-3.347849842872667,2.091053636925996,44.58042004238477,0.0129976788639084,0.0128631245102424,0.0113134468541024,0.0167732565324056,-0.0041133717487747,-0.147999263279233,0.9637779942976488
2021-01-01,-0.0051114760271814,0.0027385838674363,-0.0066140815516664,0.0258764793390058,-0.0033347495064726,0.0009569358868941,0.0119396514659575,0.9975757201446236,1.005433157632169,1.002930606018828,914.8775996956156,915.8194345482674,-0.9418348526517092,-2.8666468448284754,1.924811992176766,45.45228664167958,0.0049368346613691,0.0127879410649506,0.0113013994636396,0.0075471562516469,-0.0002514686969371,-0.4667443578785134,0.5777534573685741
2021-01-04,0.0011081668801395,-0.0051114760271814,0.0027385838674363,0.0045884142358163,-0.0062147385366142,-0.0003514286317648,0.0226531733600581,1.000507590090262,1.0071635050439325,1.0035044895954428,915.4775039792228,916.0385118068448,-0.5610078276218928,-2.405519041387159,1.8445112137652664,49.88162888672692,0.0042944969012044,0.0127624300234979,0.0110803970566874,0.0155209754815607,-0.0021302086119559,1.447639107654135,1.3043905799989268
2021-01-05,0.0016855302320109,0.0011081668801395,-0.0051114760271814,-0.0066140815516664,-0.0120348692277687,0.0136104185835939,0.0040343452222719,0.9904536539760572,0.9933159303562958,0.9908317697702942,914.2278661975636,915.3952782210368,-1.1674120234732754,-2.1578976378043824,0.9904856143311068,47.91508465331192,0.0063912909406101,0.0101275372272421,0.0114227326027952,0.0140379771375172,-0.0014727940145735,-0.0159276504154807,1.212500547490461
2021-01-06,-0.0124318734794801,0.0016855302320109,0.0011081668801395,0.0027385838674363,-0.0407165742745039,-0.0115918666477462,-0.0398745778571371,0.9722927670415752,0.9682183652597832,0.966637943230658,909.4891308480586,913.0271899399067,-3.538059091848254,-2.4339299286131566,-1.1041291632350974,37.41414845257479,0.011640794884196,0.0134329643254977,0.0120728253564069,0.0317878482274453,-0.0262729093956112,0.923529119879372,1.8735281408792384
2021-01-07,-0.0263720106319734,-0.0124318734794801,0.0016855302320109,-0.0051114760271814,-0.0373495206303901,-0.0168223071854313,-0.0571301394259412,0.9780856250091882,0.9682518266719696,0.967902447716764,905.2593295427082,910.7285404897864,-5.469210947078295,-3.0409861323061844,-2.428224814772111,34.589111973762726,0.0119742241432395,0.0133277368353229,0.0112535670760875,0.0208512953741131,-0.0048685001559776,-0.3033427735519057,1.1765216748336245
2021-01-08,-0.0016194496455139,-0.0263720106319734,-0.0124318734794801,0.0011081668801395,-0.027069229577602,-0.0303137099841001,-0.0365221769111826,0.9951060045794788,0.9826859538875936,0.9811440183148,903.2813129483974,909.371035392742,-6.089722444344716,-3.650733394713891,-2.4389890496308246,38.79527195190797,0.0145737769667731,0.0105566895824499,0.0115841395691076,0.0136008751177577,0.008185606706528,-0.1480462519270141,0.8889425643583914
2021-01-11,0.011799153433837,-0.0016194496455139,-0.0263720106319734,0.0016855302320109,-0.0470151213937833,-0.052937673243668,-0.0541180758738363,0.985845590574858,0.9693868294041366,0.9653079266625924,899.0196596342208,906.868037690039,-7.848378055818216,-4.490262326934756,-3.35811572888346,41.25644312695894,0.0149702817942836,0.0112576803040871,0.012188102379112,0.0244037298912719,-0.0214307542865874,0.209426246815245,1.0173528541243897
2021-01-12,-0.0188498581298639,0.011799153433837,-0.0016194496455139,-0.0124318734794801,-0.0046030223659169,-0.0165824948214593,-0.0171997823685012,1.0178761099225386,1.0016301183064484,0.9966021366105292,899.659447950711,906.5947225790292,-6.935274628318211,-4.979264787211448,-1.956009841106764,53.39676930419554,0.023364658967603,0.0161734644601526,0.0143240363915493,0.0307094906070703,0.028402551423175,0.2357920698814768,1.138714229892036
2021-01-13,0.0315193351063385,-0.0188498581298639,0.011799153433837,-0.0263720106319734,0.0128248114056235,-0.0284139452550339,-0.0180059834616806,1.0058155245210554,0.9951775467403892,0.9882029984216448,898.9050497082939,905.7177697491012,-6.812720040807221,-5.345955837930603,-1.466764202876618,49.18716960471985,0.0196278555156599,0.0162674064870508,0.0143483076424837,0.0291417002281085,-0.0126047193944561,-0.3532930468646634,0.826922708688135
2021-01-14,-0.0093253175685122,0.0315193351063385,-0.0188498581298639,-0.0016194496455139,0.02587447328359,-0.0124414465205059,-0.0080695927686342,1.0119330364972126,1.0076449618618544,0.9997208276765632,899.8145173463208,905.651015645869,-5.836498299548225,-5.444064330254128,-0.392433969294097,44.05457587125138,0.0197619454701745,0.0168175981682559,0.0145964694900811,0.0142048491974273,0.0080205704121154,-0.1903200283041074,0.7175695147691813
2021-01-15,0.0112441062833568,-0.0093253175685122,0.0315193351063385,0.011799153433837,0.0019393181834659,-0.0251824072432683,-0.0242495693055837,0.9995975809714428,0.998315062953934,0.9891307733728286,898.9404182984495,904.7978199339644,-5.8574016355148615,-5.526731791306275,-0.3306698442085869,38.88232420261389,0.0206158325256479,0.0171203383064337,0.0147668730768252,0.0277426362026811,-0.0118076038238013,-0.0445396567254243,0.7188612860405909
2021-01-18,-0.0118076038238013,0.0112441062833568,-0.0093253175685122,-0.0188498581298639,0.0456977067113393,-0.0034658979108951,-0.0038161085268991,1.0145123769129127,1.0226388052808686,1.0130670323875182,901.5022909190004,905.5974325560434,-4.095141637042843,-5.240413760453589,1.145272123410746,49.07406217779676,0.0194027585517472,0.0190588631425628,0.0157869473920992,0.0371228877088692,0.0178800277739308,0.7044627399594858,1.2101271746391105
2021-01-19,0.0240005903284028,-0.0118076038238013,0.0112441062833568,0.0315193351063385,0.0303262546753126,0.0255836398808508,0.0395422625121151,1.0248851564148602,1.03667755473703,1.0276246906361517,905.973984368361,907.4471263178064,-1.4731419494453348,-4.486959398251939,3.013817448806604,52.93210895874972,0.0158958105085335,0.0191771695608579,0.0149408939887113,0.0180271697684525,0.0109042092235405,-0.0881425250918378,1.1778133014627972
2021-01-20,0.0163563010076148,0.0240005903284028,-0.0118076038238013,-0.0093253175685122,0.0597792721259946,0.0733707414225994,0.0609283709244361,1.0321909654388923,1.04879523452947,1.0440044654101115,912.4770196007526,910.4690957297396,2.007923871012963,-3.1879827443989583,5.195906615411921,59.02469930739577,0.0139551959663397,0.0167493996571272,0.0153804283628063,0.0275466214813634,0.0164737042483703,-0.0338079487630916,1.103044362415475
2021-01-21,0.0189942157610525,0.0163563010076148,0.0240005903284028,0.0112441062833568,0.0707946263334753,0.0985008732847527,0.0800215541508919,1.0401410832391556,1.0614126700128803,1.062517921485194,921.153284538978,914.7952917274788,6.357992811499344,-1.2787876332192978,7.636780444718641,63.10302886138712,0.0146336935313209,0.0170060573886205,0.0159388531074184,0.0214346581969735,0.0083573416735873,0.2639717774917698,1.2392078072128914
2021-01-22,0.0217549855899432,0.0189942157610525,0.0163563010076148,-0.0118076038238013,0.0578853587429391,0.0599369350551715,0.0278063142044731,1.0043071220829125,1.0301982455151852,1.035860399599702,924.9589447150728,917.0986090575614,7.860335657511541,0.5490370249268699,7.311298632584672,56.204451742066816,0.0198852659789261,0.0199441146961356,0.0162082878228523,0.0391296304433828,-0.0290857107451007,-0.2188686673177489,0.910596289175462
2021-01-25,-0.0237210368570363,0.0217549855899432,0.0189942157610525,0.0240005903284028,-0.0216487238342814,0.0230596858446041,-0.0310987135134072,0.9551131198397194,0.9734715138838592,0.9825211327384672,920.4685192510954,915.5187994384248,4.949719812670537,1.429173582475603,3.5205462301949337,47.74806501869421,0.033147188152924,0.0265127679909335,0.0202413595699695,0.0530396765128031,-0.0461682112157838,0.7753809854758806,1.451260803126996
2021-01-27,-0.0529859629282547,-0.0237210368570363,0.0217549855899432,0.0163563010076148,-0.0602063525555587,-0.0317059310609174,-0.0477626624447496,0.9437532880864796,0.9533679641101666,0.961549415543536,913.402927872922,912.4834939461688,0.919433926753186,1.3272256513311198,-0.4077917245779339,48.25459417042079,0.0318359804039474,0.0255540332387562,0.0208258809183196,0.0195250737708115,-0.015584456449511,-0.2183657145749752,1.0747175251831385
2021-01-28,-0.0236991370108913,-0.0529859629282547,-0.0237210368570363,0.0189942157610525,-0.0867036452374401,-0.0321074539144101,-0.0596090997316415,0.9514478071517546,0.9470518091252282,0.9550699054674314,906.1144046394676,909.0423111987096,-2.927906559241933,0.4761992092165092,-3.404105768458442,46.94777697718177,0.0270991624622206,0.025565803950279,0.0208558334407889,0.0284032096705933,-0.0019147149927037,-0.1959473998322072,0.8505664314510244
2021-01-29,-0.009736120999136,-0.0236991370108913,-0.0529859629282547,0.0217549855899432,-0.1226302539414896,-0.0605171906129812,-0.0722057157429044,0.9589394178897488,0.9351898918586614,0.9408925187652714,897.4905933638044,904.6732238023352,-7.182630438530964,-1.0555667203329857,-6.127063718197979,42.07480838208841,0.0162789969374237,0.0254562945782874,0.0211424756365933,0.0451152431645958,-0.0276355028336533,0.2830991445474018,1.0667275946169228
2021-02-01,-0.0184380923384637,-0.009736120999136,-0.0236991370108913,-0.0237210368570363,-0.0752829672830965,-0.0217553901085725,-0.0463899442583906,1.002825479062476,0.9643403428102048,0.9704296410292784,893.9813734712959,902.4515527104955,-8.470179239199751,-2.538489224106339,-5.931690015093412,49.83634485150049,0.0295414980790667,0.0275859551378968,0.0223470390382543,0.0300743826150838,0.0193073349208923,-0.218048762063601,0.8195362250433474
2021-02-02,0.0289638888930772,-0.0184380923384637,-0.009736120999136,-0.0529859629282547,-0.0078309848214623,-0.0293101778279935,-0.0326744896547865,1.020605022715834,0.9827666459857608,0.9876910636267346,893.1775327359283,901.4370975979704,-8.259564862042225,-3.682704351693516,-4.576860510348709,47.241591856270645,0.0228308095890854,0.0268664848505489,0.0227059375955903,0.0441634501113733,0.006033693534216,0.2132498240540521,1.058982525520743
2021-02-03,0.01609243831175,0.0289638888930772,-0.0184380923384637,-0.0236991370108913,0.0188127172287899,-0.0425262804127732,-0.0180306175754748,1.0193236845182752,0.9895720138088072,0.9910794642211934,892.8417107675402,900.6635859197065,-7.821875152166285,-4.51053851178807,-3.311336640378215,49.26318754754313,0.0191291333376714,0.0261253862310991,0.0225697744676469,0.0269339268917774,0.0012187002067448,-0.2693110403526556,0.8246127792946629
2021-02-04,0.0025184417553687,0.01609243831175,0.0289638888930772,-0.009736120999136,0.0254456358607497,-0.0634642387612017,0.0052500844096674,1.010874124936447,0.9929539174588032,0.9875649916806212,892.1067011031831,899.7302942181889,-7.623593115005747,-5.133149432431606,-2.490443682574141,46.62388423059021,0.0181753777135449,0.0248636205637525,0.0217617718830367,0.0181884685839072,0.0001559688788126,-0.154272387921785,0.7309795733686627
2021-02-05,-0.0032890678533451,0.0025184417553687,0.01609243831175,-0.0184380923384637,0.0444094390494347,-0.0836667556800861,0.0065928691052761,1.0019739719720862,1.0017496255254286,0.9869636002838414,891.4457167387511,898.8473318860545,-7.401615147303346,-5.586842575405955,-1.8147725718973915,48.66989811313486,0.0134899788314065,0.0230128803899102,0.0217570152991416,0.0128135216807723,-0.0032641884891376,-0.2098934322384676,0.6668099694503064
2021-02-08,-0.0002858410796449,-0.0032890678533451,0.0025184417553687,0.0289638888930772,0.029625906999541,-0.0478873864709339,0.0091793254113672,1.010490941882367,1.0213940900005485,1.0007192233032622,892.853125251299,898.9767052330365,-6.123579981737407,-5.694190056672245,-0.4293899250651618,46.72511744127936,0.008807046511333,0.0233583334259958,0.0218353554612754,0.020471924382579,0.0095186827933355,0.0461947784986265,0.7629250177971059
2021-02-09,0.0143989873698979,-0.0002858410796449,-0.0032890678533451,0.01609243831175,0.0157596272607309,0.0078052290373979,0.0310449010115498,1.0097508497418923,1.023042809549403,1.001616713707388,894.3777026615559,899.2571625059944,-4.879459844438543,-5.531244014225505,0.6517841697869624,43.569204274360885,0.0067222601358067,0.0160439323195468,0.0213462986090915,0.019068050574723,-0.0029563073068502,-0.074551724463495,0.8380397708482994
2021-02-10,0.0024084178395196,0.0143989873698979,-0.0002858410796449,0.0025184417553687,0.0226088992528252,0.0418469513101127,0.0088142236958472,1.0145478414794071,1.0282705001457912,1.0104638946947933,896.9563790399463,900.1373059589647,-3.1809269190183613,-5.061180595184077,1.880253676165716,41.03278409955831,0.0072244701115615,0.0136358770329511,0.020265701812086,0.0290989417744506,0.0105181706200232,0.0831464638006838,0.984003740465744
2021-02-11,0.0092784283706965,0.0024084178395196,0.0143989873698979,-0.0032890678533451,0.0682845404649319,0.0954677198772708,0.0602950405465876,1.042301509164571,1.0607682721928542,1.0489870708630018,904.917736140772,903.7349277542496,1.182808386522197,-3.8123827988428234,4.99519118536502,45.49484632507348,0.0165876547299321,0.0169691745641725,0.0220335877070864,0.0447293179321683,0.0382323343175785,1.0033420683167251,1.704174812812609
2021-02-12,0.0412298200246874,0.0092784283706965,0.0024084178395196,-0.0002858410796449,0.0612605600319651,0.1083905461882737,0.0413138642309713,1.0229276950872044,1.0427498745009796,1.0396435284616166,910.6531704394272,906.5840485933446,4.069121846082567,-2.236081869857745,6.305203715940312,49.10972214618042,0.0181325810438741,0.0151663472452106,0.0220560081960109,0.0306622289227298,-0.0067623535957941,-0.2830854110876071,1.1290344924688802
2021-02-15,-0.0068589706390789,0.0412298200246874,0.0092784283706965,0.0143989873698979,0.0415844308463448,0.0724423143267687,0.0491109134096494,1.0102034284883754,1.0309236402273556,1.032558916598132,914.8672297047556,908.9144565245088,5.9527731802468224,-0.5983108598368314,6.551084040083654,63.096934107921705,0.0194379284000873,0.0142848316286656,0.0218689068202488,0.0178588973253947,-0.0075437775249144,-0.4822086112060293,0.608915797880647
2021-02-16,-0.0044083124327548,-0.0068589706390789,0.0412298200246874,0.0024084178395196,0.0528334140250197,0.0694256761976968,0.0380806194545202,1.013164518893407,1.0375315000823104,1.0442202911926195,920.3428748793848,911.991824436756,8.351050442628775,1.19156140065629,7.159489041972485,74.87900731996713,0.0192151113599783,0.0141126609872137,0.0214435097654676,0.02155863876151,0.0096825614496804,0.3565654930033686,0.81461572336583
2021-02-17,0.0132343049174172,-0.0044083124327548,-0.0068589706390789,0.0092784283706965,0.0551841717598007,0.0790407243922939,0.0331531359699852,1.0139788889670218,1.0414896333852748,1.05447511842337,926.6623642308735,915.6531378610008,11.009226369872865,3.155094394499605,7.854131975373258,80.76807229508628,0.0192058669823132,0.0140950432269703,0.021301248940915,0.0217688687420398,0.0112864588238684,0.1083638709605137,0.8859851098639725
2021-02-18,0.0115319368939204,0.0132343049174172,-0.0044083124327548,0.0412298200246874,0.0058374560413536,0.0745206045095536,0.0063269723111285,1.0052359669361957,1.026357607592863,1.0462599624368665,930.905573594994,918.5116628414936,12.393910753500336,5.002857666299752,7.391053087200584,85.62409110716717,0.010284011423252,0.0145131575688294,0.0209998825887016,0.023842928643975,-0.0082973625970732,-0.2146366629246505,0.8468181086737062
2021-02-19,-0.0074643068409913,0.0115319368939204,0.0132343049174172,-0.0068589706390789,0.0189557240269837,0.0813775223286532,-0.009097826629955,1.007570206468981,1.0246496117164483,1.0531444782278103,935.3905784986488,921.5891771101792,13.801401388469571,6.762566410733717,7.038834977735855,83.50232701618859,0.0093315463231853,0.0142806929513505,0.0204514567722177,0.024828171004054,0.0113271579696704,0.2550886134981209,1.136023985294931
2021-02-22,0.0060937088345569,-0.0074643068409913,0.0115319368939204,-0.0044083124327548,-0.0120535454601173,0.0290296455585878,-0.0202478947683243,0.9749146424016232,0.9863353933814828,1.0176624754451955,934.0593807248184,921.970556062666,12.08882466215232,7.827818061017437,4.261006601134882,62.94836981965956,0.0198742256671887,0.0193555933260543,0.0212468702577523,0.0472834897908753,-0.0345673555145172,0.0171278779316736,1.0720804622985134
2021-02-23,-0.0347065581866331,0.0060937088345569,-0.0074643068409913,0.0132343049174172,-0.0175042651001433,0.0344043388396366,0.0424781016215582,0.985817705384152,0.9906004451705432,1.023303673782196,934.022835748524,922.848428826832,11.174406921692253,8.4971358331524,2.677271088539852,64.13339306173029,0.018918786135326,0.0194075377671189,0.0173842451329062,0.0194222946446726,-0.0119873183486472,0.077287309223299,1.112621838064535
2021-02-24,0.0076440665999635,-0.0347065581866331,0.0060937088345569,0.0115319368939204,-0.0106804272094701,0.0439143540207351,0.0875989871653688,1.0062936305483814,1.0047189355942134,1.0379368371989894,936.6579662613714,924.944929216106,11.713037045265423,9.140316075575004,2.572720969690419,69.01250727487975,0.020498165272547,0.0199263466005852,0.0166186334031653,0.0189714085797939,0.0152709612181379,-0.5785518061302815,0.5282003876470526
2021-02-25,0.0185574431769643,0.0076440665999635,-0.0347065581866331,-0.0074643068409913,0.0370701740101153,0.0431240255626985,0.1427086978323692,1.0392112348906657,1.040853138786733,1.072679169992914,944.805538759622,929.7354668667648,15.070071892857186,10.32626723903144,4.743804653825745,74.937820057016,0.0273438603552437,0.0197657441334682,0.0181033163020825,0.0368410093865209,0.0329238962229851,2.22509066021026,1.4705147054368906
2021-02-26,0.0404415239782229,0.0185574431769643,0.0076440665999635,0.0060937088345569,0.0026438702288018,0.021649710730206,0.1323868808893447,1.0102977065189132,1.0102658979286607,1.037065224865801,947.5425904137908,932.1696081737985,15.372982239992323,11.335610239223618,4.037372000768707,64.19739662661084,0.0315598889527063,0.0219924847370522,0.0188483122959044,0.0303001443328999,-0.0147378452134551,0.0753254855670206,1.413393280282474
2021-03-01,-0.0273043085039196,0.0404415239782229,0.0185574431769643,-0.0347065581866331,0.0466112545107664,0.0339958781754503,0.1089009325948195,1.00885150047295,1.0145714529799206,1.0396362190897797,950.9874540580632,934.966985649929,16.02046840813432,12.27258187300576,3.747886535128561,65.02529165614268,0.024499398634473,0.0219098938960247,0.0180928536323945,0.0235524216176774,-0.0040280346700534,-0.5282766580539078,0.6990132786462893
2021-03-02,0.0076229557726785,-0.0273043085039196,0.0404415239782229,0.0076440665999635,0.0407966489881492,0.0225782685289197,0.0935714562866101,1.0029669689923209,1.014370226023774,1.0371408037758432,954.2076365317027,937.7041452415432,16.503491290159673,13.11876375643654,3.3847275337231317,63.99574763770145,0.0247261365081501,0.0216453405243883,0.017925217751389,0.0194206638254474,-0.0075400929703809,-0.0299763064537256,0.7268743723039824
2021-03-03,0.002045949123935,0.0076229557726785,-0.0273043085039196,0.0185574431769643,0.0684618973680188,0.0570502678470874,0.1406002867367897,1.0348262963566413,1.054620347111954,1.0772666561941246,963.7555076542292,943.5237492109196,20.231758443309783,14.541362693811193,5.690395749498595,65.08656195024838,0.0299534355466204,0.025566536193041,0.0201158551303056,0.0511784356887232,0.0382121838825887,0.8614021186233147,1.1475949745325953
2021-03-04,0.0456315548029488,0.002045949123935,0.0076229557726785,0.0404415239782229,0.0146897523900497,0.0523044780774295,0.1307228439118701,1.0194725161796925,1.0366793476432148,1.0579158948212943,969.9707247759344,948.0149099319856,21.955814843948588,16.024253123838673,5.931561720109915,63.49652752201724,0.0272968444525963,0.025861635231249,0.0204335568403183,0.0148217859082256,-0.0019036675889052,-0.3285476613058556,0.8528387898003893
2021-03-05,-0.0119204485041574,0.0456315548029488,0.002045949123935,-0.0273043085039196,0.0445392192936242,0.0473008454383305,0.1325275933728056,1.0119979168352449,1.033193331340697,1.052776516274702,975.4321002761512,952.270817753864,23.161282522287024,17.451659003528345,5.709623518758679,64.87173501623154,0.0217308013086099,0.0258918236581417,0.0204093494431227,0.0270345033558205,0.0105287236344845,0.1901454924328764,1.1218514520299545
2021-03-08,0.0013098051028972,-0.0119204485041574,0.0456315548029488,0.0076229557726785,0.0425370272553675,0.0911309859696654,0.1228061317503572,1.0093746711168397,1.0301339474609132,1.0526733340589691,980.9336728147962,956.6353736074552,24.29829920734096,18.82098704429087,5.47731216305009,63.803228913737314,0.0217771378448926,0.0218571723126443,0.0203232864640183,0.0291634009612265,0.0104219860212773,-0.235375651280477,0.8442364954081591
2021-03-09,0.0056915255091247,0.0013098051028972,-0.0119204485041574,0.002045949123935,0.0403846039117892,0.0828288094102531,0.1200828186745239,1.001503797578545,1.0220569593770357,1.0467428314684115,985.5852907591544,960.6749155219492,24.910375237205244,20.038864682873747,4.871510554331497,61.898434908934654,0.0219506115680814,0.0220426105716576,0.0203531682905885,0.0306701951277106,-0.0040681903559367,-0.2231195199673796,0.6674031560422948
2021-03-10,-2.287628547070764e-05,0.0056915255091247,0.0013098051028972,0.0456315548029488,-0.0091503895247171,0.0586850548147832,0.1051765251083811,0.9991848663539236,1.0121018772360744,1.0372505813594652,988.875175789597,964.1041472208444,24.77102856875274,20.985297460049544,3.785731108703196,62.79250292169732,0.0066504040296263,0.0220274580504077,0.0204565145343856,0.0205550439505814,-0.0113502854035674,-0.2398713146551212,0.618468412268636
2021-03-12,-0.0041532574764912,-2.287628547070764e-05,0.0056915255091247,-0.0119204485041574,-0.0175793119234994,-0.0031477952727934,0.0398404846860949,0.9823168561922302,0.9918406344058858,1.0141933227032904,988.5100833904764,965.7632529967308,22.74683039374554,21.337604046788744,1.409226346956796,55.98996828451578,0.0100404590402076,0.0197102652764379,0.0193527893047635,0.0385946785375104,-0.0261503032229645,0.464053118238013,0.9522056233398531
2021-03-15,-0.0203258066688412,-0.0041532574764912,-2.287628547070764e-05,0.0013098051028972,-0.0320374125533466,0.0110748853969637,0.032964364192384,0.9753852806733952,0.977476209428614,0.9989815625380706,986.1634581062444,966.3183467779336,19.84511132831085,21.039105503093168,-1.1939941747823184,61.59154183714221,0.0104307968120135,0.0179996476858145,0.019567890881982,0.0324339704084631,-0.014555746962171,-0.0098934761272964,1.0469850207917275
2021-03-16,-0.0134262831121985,-0.0203258066688412,-0.0041532574764912,0.0056915255091247,-0.0413034653950912,-0.0005233647729758,0.0334547211574112,0.9797483406823422,0.973678800708774,0.9934498492258872,983.588552967904,966.5485858837928,17.03996708411114,20.239277819296763,-3.199310735185623,59.01812133036103,0.0083009895759772,0.0179155243444328,0.0195602782104241,0.0145196603808391,-0.0063386782304377,-0.1691388941938839,0.9360188288076212
2021-03-17,-0.0039356965950311,-0.0134262831121985,-0.0203258066688412,-2.287628547070764e-05,-0.0619337386210511,-0.0240503042122492,-0.0020150499100358,0.9709336419241132,0.9549463002084648,0.9721448796591838,978.1970373069764,965.214890719947,12.98214658702932,18.78785157284328,-5.805704985813957,49.35124376961067,0.0084662428013601,0.0191402024005772,0.0200328604357273,0.03303577518477,-0.0203522433837432,0.3846411664690881,1.2288032130819917
2021-03-18,-0.0215414700607595,-0.0039356965950311,-0.0134262831121985,-0.0041532574764912,-0.0792180887247686,-0.0876436018802505,-0.0355934249955148,0.9648419327322388,0.9419039831632248,0.9519387436885602,970.3512378474896,962.3989240607148,7.952313786774766,16.620744015629576,-8.66843022885481,33.023728340875365,0.0077985810954516,0.0102620411920645,0.0204507955452864,0.0417102389443805,-0.0307781109415625,0.0748165717485198,1.1826325780087483
2021-03-19,-0.0225022424640981,-0.0215414700607595,-0.0039356965950311,-0.0203258066688412,-0.0260105117599925,-0.0431325767839733,0.0069158743766359,1.0052192015615948,0.980394453790063,0.9861456382898164,968.8883783889816,962.2836446019352,6.604733787046484,14.617541969912958,-8.012808182866474,49.53961095499365,0.0242720083151225,0.0175295673406049,0.0220678354338707,0.0542987411232027,0.0457056473147742,1.0238512883896729,1.861902039926288
2021-03-22,0.0362848732367628,-0.0225022424640981,-0.0215414700607595,-0.0134262831121985,-0.0220494457395572,-0.053380451103173,-0.008604546131902,1.000247319018353,0.976512813907848,0.977276312155041,966.2589726692823,961.5068739803796,4.75209868890272,12.644453313710912,-7.892354624808192,45.280975959904666,0.0239894629210752,0.0174787710160105,0.0221360315850843,0.0197827455075416,-0.0041526193457383,-0.555548679484445,0.8139296254203997
2021-03-23,-0.0094140389619249,0.0362848732367628,-0.0225022424640981,-0.0039356965950311,-0.0062363199592522,-0.0472822037287138,0.0395399083963352,1.0137087509098408,0.9932695681278736,0.9873127449949152,965.8161953986476,961.6456922344372,4.170503164210345,10.9496632838108,-6.779160119600455,47.88427123049317,0.0250933937303054,0.0180438212398827,0.0207270905697887,0.0257245407431674,0.0123911829276208,-0.0619902739957478,0.7404515677261142
2021-03-24,0.0121703223099083,-0.0094140389619249,0.0362848732367628,-0.0215414700607595,-0.003916622804026,-0.0656077903320553,0.0117868039169561,0.9949651526645448,0.9808505782600498,0.9677537480020284,962.5873366113556,960.3999826823492,2.187353929006349,9.19720141284991,-7.009847483843561,29.701029311586367,0.0246427319106968,0.0185105892851146,0.02121835235662,0.0192203886390192,-0.0156028136077397,-0.0343462104859233,0.7298314364447533
2021-03-25,-0.0192574990181533,0.0121703223099083,-0.0094140389619249,-0.0225022424640981,-0.0087850664402905,-0.0873072189923391,-0.0337457931098477,0.9694858552323422,0.9628811024392768,0.9429035256708298,955.8898745185028,957.33730492868,-1.4474304101771622,7.068275048244496,-8.515705458421658,27.56145667841689,0.0257737059053287,0.0195831425404752,0.0216698059766442,0.0346481399845315,-0.030452782264223,0.3078458811944304,0.9434221192280634
2021-03-26,-0.0272798472771962,-0.0192574990181533,0.0121703223099083,0.0362848732367628,-0.0419548525051316,-0.0668740970806507,-0.0698113863867814,0.9793730892305232,0.971140609445292,0.9477775492502846,950.4499922308004,954.6108852782916,-4.160893047491186,4.82244142909736,-8.983334476588546,27.62311986521536,0.0158005686293962,0.019391393160766,0.0193276862528801,0.0200536083671805,-0.0086232571915855,-0.0827867985161838,1.0621348230974264
2021-03-30,0.0016068771899813,-0.0272798472771962,-0.0192574990181533,-0.0094140389619249,-0.0160492530385889,-0.0377448216441114,-0.027087955821185,0.9996354685064892,0.991854687729416,0.9655379033093892,948.3071636484176,953.270938698071,-4.96377504965335,2.865198133347218,-7.828973183000568,31.33794233731477,0.0194945227622902,0.0206165917939569,0.0190028910832442,0.0282610041599401,0.0106075802566514,0.0129581953639512,1.0551368967496126
2021-03-31,0.0173714660958834,0.0016068771899813,-0.0272798472771962,0.0121703223099083,-0.0404311749728349,-0.0464153531886281,-0.0469144258008198,0.9950028682298672,0.98373696165962,0.9553128347493708,944.6337996796706,951.134594931663,-6.500795251992372,0.9919994562793,-7.492794708271672,29.555098644458724,0.0177378103438306,0.0208247351747813,0.0190556179242372,0.0254106302010066,-0.0073836082102017,-0.2050174298117363,0.8490740911321288
2021-04-01,-0.0129108698726601,0.0173714660958834,0.0016068771899813,-0.0192574990181533,-0.0124310145327489,-0.0162989497417788,-0.0399572592543981,1.006862315980008,0.9945815365265768,0.9661938406121408,942.8568205071972,949.7974719781024,-6.940651470905095,-0.5945307291575792,-6.346120741747516,32.94268697734638,0.017851864624623,0.0203091520379297,0.0192115368193799,0.0132799446664066,0.0019077854752578,-0.2786007528492757,0.6469986161562961
2021-04-05,0.0093605080092482,-0.0129108698726601,0.0173714660958834,-0.0272798472771962,0.0005775088462587,-0.008212631047616,-0.0951364483619399,0.992182472381666,0.9809892402031354,0.957006532011987,939.2764780794072,947.5594810705808,-8.28300299117359,-2.132225181560781,-6.1507778096128085,34.03787201133042,0.0138542999597548,0.019527913608548,0.0157865599082259,0.0315667753450475,-0.0159756866253516,0.2688478307154156,0.8910327776879929
2021-04-06,-0.0144669167030959,0.0093605080092482,-0.0129108698726601,0.0016068771899813,-0.0051888433171944,-0.0469259986662811,-0.0880345362096163,0.9890690768133732,0.98162456156457,0.9574242497824976,935.6576584349792,945.2035306498436,-9.54587221486429,-3.614954588221483,-5.930917626642806,35.63854874384731,0.0139471344259281,0.0145919354970503,0.0156992206124098,0.0181172450878169,-0.0098303454334654,-0.0582117134144788,0.9061562428468722
2021-04-07,-0.0041654072479067,-0.0144669167030959,0.0093605080092482,0.0173714660958834,-0.0130340452959695,-0.028874111643487,-0.0807132496419273,1.0009545435972511,0.9937285680184594,0.9704917802503468,933.912625045944,943.6562277429108,-9.743602696966718,-4.84068420997053,-4.902918486996188,38.99335141592535,0.0115693517360916,0.0151151055329989,0.0159560598185149,0.0267618622744779,0.0014249696824458,0.7321733855637949,1.4956195121405236
2021-04-08,0.0093483507685696,-0.0041654072479067,-0.0144669167030959,-0.0129108698726601,0.0011232768070179,-0.0393533135669444,-0.0847748059061861,1.001978611316212,0.9990409841600104,0.9760959010578092,932.613557956544,942.309002648239,-9.695444691695002,-5.811636306315425,-3.883808385379577,43.77024138891316,0.0100356878816907,0.0142830858444846,0.015843403414581,0.0144613038196771,-0.0028095570053138,-0.3666461540388867,0.9576635990817208
2021-04-09,0.0012482190938496,0.0093483507685696,-0.0041654072479067,0.0093605080092482,-0.0196849232245738,-0.0318712341906419,-0.0953880232722939,0.9942912472983696,0.990653517403626,0.9696870450164764,929.8600504674364,940.2650586948394,-10.405008227403073,-6.730310690532955,-3.6746975368701182,46.42526439421352,0.0096608719419646,0.0135571810493104,0.0158907303362656,0.0132943183033654,-0.0082063665187869,-0.0866215573652947,0.8501860982859761
2021-04-12,-0.0116189016610895,0.0012482190938496,0.0093483507685696,-0.0144669167030959,-0.0408762527980998,-0.0403223503494338,-0.1241091370695293,0.9666235113776528,0.9590660115384352,0.941235288689059,922.4962615283356,935.9487893369462,-13.45252780861074,-8.074754114148512,-5.377773694462228,27.30172195372394,0.017214400713698,0.0153797711077674,0.0173228036240995,0.0319964281100047,-0.0244257233643908,0.4889338386801145,1.179753563455438
2021-04-13,-0.035771043170736,-0.0116189016610895,0.0012482190938496,-0.0041654072479067,-0.0264577122094286,-0.031509270603437,-0.096276213662813,0.9822845104424596,0.9724959598155476,0.9562514286609118,917.7315121585916,932.6581672101354,-14.926655051543776,-9.445134301627563,-5.481520749916211,32.697411902570835,0.0192690509423276,0.0160143084806356,0.0174098484276509,0.0117766085163902,0.00405409102451,-0.0713008292904781,1.0326627884122053
2021-04-15,0.010805008756376,-0.035771043170736,-0.0116189016610895,0.0093483507685696,-0.0292333400422716,-0.0418863566599777,-0.0780501852426366,0.9945624582404332,0.9829948851561408,0.9663758994684676,914.5872992754188,930.038608781086,-15.451309505667156,-10.646369342435484,-4.80494016323167,30.37279803359281,0.0187622740879992,0.0147918633660043,0.0174656676073023,0.0246875320338036,0.0093443500296769,0.0161003532550221,1.1025801103848174
2021-04-16,0.0064706376886525,0.010805008756376,-0.035771043170736,0.0012482190938496,-0.0365272980151064,-0.0354450514747719,-0.0802152100804094,0.9957840948911624,0.9803458737913348,0.9643503167476196,911.0606099037198,927.1960317128112,-16.13542180909144,-11.744179835766676,-4.391241973324764,32.89785346514749,0.0183556780045766,0.0145021722085546,0.0174736791412777,0.0121370906467374,-0.0023236968592463,-0.2061867043715292,0.8724359258683878
2021-04-19,-0.0062747652974399,0.0064706376886525,0.010805008756376,-0.0116189016610895,-0.0405388696900178,-0.0594257883771326,-0.074756160180787,0.9883016727702332,0.9708395604664486,0.9528306751309176,905.918087812162,923.5247861273136,-17.60669831515156,-12.916683531643654,-4.690014783507907,35.5869530958299,0.01868824298218,0.0141962532056701,0.0172136316096983,0.0138823139795588,-0.0012079977494608,0.1802305276864941,0.9811185883281852
2021-04-20,-0.0157341834017613,-0.0062747652974399,0.0064706376886525,-0.035771043170736,-0.0052324423884301,-0.0458948125487089,-0.053730526433863,0.9890438851848308,0.9751112552685344,0.9551381952980336,901.5276792455072,920.1066858311352,-18.57900658562789,-14.049148142440504,-4.52985844318739,34.8558465733705,0.0104951554191864,0.0139645478301137,0.0166463713521782,0.0150171815640221,-0.0048939829698779,-0.0690055332573399,0.9507485819541144
2021-04-22,-0.0002891685111764,-0.0157341834017613,-0.0062747652974399,0.010805008756376,-0.0131483713833164,-0.0392582077666625,-0.0843419758276446,0.9944030933919418,0.9817265151830246,0.9620193099653832,898.1854645448763,917.1212486355996,-18.935784090723477,-15.0264753320971,-3.9093087586263735,27.998551030023577,0.0086944159201375,0.0141588428426796,0.0139994769902082,0.0198017342993751,0.0074778584351677,-0.1576823035645653,0.8468884025585028
2021-04-23,0.0027614606774635,-0.0002891685111764,-0.0157341834017613,0.0064706376886525,-0.0205472086181415,-0.0491798851239595,-0.0766339712737634,0.9974910454253104,0.985670576218462,0.9648324230826704,895.2118913486693,914.2868775344094,-19.07498618574016,-15.836177502825713,-3.2388086829144456,30.648633322638343,0.0072600320646159,0.0134401432141358,0.0139633421570552,0.0123663840421101,-0.00086568714125,-0.183707504695688,0.7615872729109423
2021-04-26,-0.0010752914195837,0.0027614606774635,-0.0002891685111764,-0.0062747652974399,0.0029760380915351,-0.033659966553845,-0.0716886489023432,1.0144271123049171,1.0065262896340117,0.985541211218794,895.0742840408211,912.8076602242796,-17.733376183458404,-16.21561723895225,-1.517758944506152,34.43865250729138,0.0118718642607809,0.0151607906462354,0.0143389625850347,0.0260598586029398,0.0092968294193295,0.7623662201681869,1.2581178797853665
2021-04-27,0.0175912587347752,-0.0010752914195837,0.0027614606774635,-0.0157341834017613,0.0457222845925828,0.0033298851655363,-0.0286474765750444,1.0316286949645803,1.032558051062865,1.0128874383501825,898.5646492214399,913.1746230013584,-14.609973779918391,-15.894488547145482,1.2845147672270905,49.32234823681672,0.0122154103477323,0.0174114903411663,0.0153007649905737,0.0296431901159616,0.0250773174054183,-0.0409777472566743,1.184913759540478
2021-04-28,0.0262146445073492,0.0175912587347752,-0.0010752914195837,-0.0002891685111764,0.0505746051774187,0.04507753408108,0.0029375516095404,1.0258820157198811,1.0324311250945195,1.0171416120271122,902.1321802757136,913.8101028586073,-11.677922582893643,-15.051175354295117,3.3732527714014715,52.22753867344344,0.011483922079232,0.0118749175480814,0.0140631192935237,0.013943772124123,-0.0002753179661024,-0.1435580119848799,1.015787974948254
2021-04-29,0.0043496514872005,0.0262146445073492,0.0175912587347752,0.0027614606774635,0.061713194526392,0.0477533951421915,0.0147394498889863,1.0272071315357063,1.041293161709919,1.0299932445255549,907.050114830652,915.3129659715112,-8.262851140859425,-13.69351051160798,5.430659370748554,53.53334256172512,0.0107785125125364,0.01205487970926,0.0143670312268339,0.018378983544074,0.0005685303294847,0.01694671149907,0.9983925819604652
2021-04-30,0.0133931169828971,0.0043496514872005,0.0262146445073492,-0.0010752914195837,0.0473389592489081,0.0258190671593134,-0.017148756156327,1.0030324878360153,1.0234477064962704,1.0158553934679853,909.113393438436,915.6943333648252,-6.580939926389192,-12.270996394564223,5.690056468175031,48.34123433565464,0.0155503467056534,0.0134764673192516,0.0142074589041746,0.0242917503269051,-0.0069703767711965,0.1387594137258949,1.0413928792287193
2021-05-03,-0.0145994511075793,0.0133931169828971,0.0043496514872005,0.0175912587347752,0.0109399783531776,0.0139485742370124,-0.02199088516959,0.9831084329119658,1.003868821528168,0.9989202873001404,908.3422955747104,914.835586991447,-6.493291416736724,-11.115455398998725,4.622163982262,46.60966592611712,0.0186260511231469,0.0147513565100897,0.0144654806649088,0.0183251709079886,-0.0035350676354971,0.1922165213584363,1.206174745671076
2021-05-04,-0.0177738773171786,-0.0145994511075793,0.0133931169828971,0.0262146445073492,-0.0362306469803992,0.0078350896599723,-0.0520563050972096,0.9688115830864268,0.9813670017973892,0.9799044120920306,904.6758745758366,912.5892886277866,-7.913414051949985,-10.475047129588978,2.5616330776389926,50.87689805187674,0.0152754297952058,0.0156150934184105,0.0149503831691866,0.0296358200946589,-0.0171282373212927,-0.0757335834836494,1.09409075433743
2021-05-05,-0.0216686992562848,-0.0177738773171786,-0.0145994511075793,0.0043496514872005,-0.0386521371226653,0.0099676514805111,-0.0363846245644468,0.978215480117404,0.9822061350818037,0.983516728639318,901.8220253321985,910.629034247372,-8.807008915173583,-10.1414394867059,1.3344305715323177,48.00749739185899,0.0148311941448878,0.0156116669246556,0.0147095496988182,0.0158585524489598,-0.0016897639116377,-0.4327823603204235,0.6514380551905388
2021-05-06,0.0018262025179582,-0.0216686992562848,-0.0177738773171786,0.0133931169828971,-0.045972190513578,0.0129039132768451,-0.0268608789982428,0.9931850379932804,0.98654044566008,0.9904519668543706,900.1811274295284,909.186601263481,-9.005473833952578,-9.914246356155235,0.9087725222026588,47.72260554723683,0.0122573577722823,0.0156731996902262,0.014788844219673,0.0147074425115009,0.0047610304718337,0.1800167328176967,0.7919174597935
2021-05-07,0.0056767720376909,0.0018262025179582,-0.0216686992562848,-0.0145994511075793,-0.0314615101015592,0.0143880940027418,-0.0354993959314251,1.0000258934758832,0.9855440063617308,0.99264669204033,898.8459261843606,907.8766544540332,-9.03072826967275,-9.73754273885874,0.7068144691859892,49.93763252499178,0.0124705579600914,0.0156544063221698,0.0145850068780513,0.0153487785538012,-0.003096355579859,-0.1597382121410498,0.7245876228947637
2021-05-10,0.0003884059555214,0.0056767720376909,0.0018262025179582,-0.0177738773171786,-0.016768341153712,-0.0060118080897747,-0.0394694173843899,1.0005557998709922,0.9832969119510834,0.9918117020592788,897.3220881565984,906.474011828098,-9.151923671499503,-9.620418925386891,0.4684952538873901,54.790778120639175,0.010701069965744,0.0146267988883575,0.0145702074254858,0.0134201806609523,-0.0066013727532268,0.1344901773586269,0.9282043077375408
2021-05-11,-0.0028730607610074,0.0003884059555214,0.0056767720376909,-0.0216686992562848,0.008635146680324,-0.0279083572510739,-0.0246714037103423,1.0024424081990124,0.989648687837145,0.9966450566421624,896.526141901737,905.4128581741649,-8.886716272427748,-9.473678394795064,0.586962122367316,56.10454158982136,0.0032442932456866,0.0114372158251327,0.0144333754836216,0.0147686659880029,0.0094778049636857,-0.0332088895698423,1.009966021805727
2021-05-12,0.0036081793638176,-0.0028730607610074,0.0003884059555214,0.0018262025179582,-0.0036196421533506,-0.0421318723711696,0.0010464607971993,0.9927868793144488,0.983647415521747,0.9862830610263936,894.432642531638,903.7466017165298,-9.313959184891814,-9.441734552814417,0.1277753679226005,51.219065944880015,0.0062883348919956,0.0113650419502611,0.0121648410958095,0.0135378534170576,-0.0087819580484939,-0.0222805399864551,0.9759908936476952
2021-05-14,-0.0103458585095669,0.0036081793638176,-0.0028730607610074,0.0056767720376909,0.0032625826304391,-0.0428595959533917,0.0028471079676029,1.0046621334554666,1.0005268080678134,0.9985915467609666,894.3758759372273,903.0293467499696,-8.653470812742398,-9.284081804800012,0.6306109920576137,55.51094748428175,0.0084482735719351,0.0112341949660329,0.0122553319998375,0.0185825164204624,0.0047976468194685,0.0086246271331353,1.0042378975637476
2021-05-17,0.0126232092596747,-0.0103458585095669,0.0036081793638176,0.0003884059555214,0.0148052487222358,-0.0171220568615541,0.0082549347617453,1.0136089071718908,1.014219847905323,1.0100549793041838,895.964392394601,903.1531901692427,-7.188797774641785,-8.865024998768368,1.676227224126583,53.89948904701264,0.0098075697510198,0.011655621610007,0.0124595631878285,0.0168592270262521,0.0118980042720201,-0.1067242688925108,0.9027287669826396
2021-05-18,0.0118980042720202,0.0126232092596747,-0.0103458585095669,-0.0028730607610074,0.0320579434428132,0.0147520437567656,0.0289063879712669,1.0213575807114856,1.0269636304782883,1.0228040041583044,899.2681164312489,904.2113685739516,-4.943252142702704,-8.080670427555235,3.137418284852531,49.86807032726431,0.0101997426280278,0.011103261284054,0.0127071703070573,0.0151412577769316,0.0035083001508,0.0161575625124335,0.9442560797943368
2021-05-19,0.0140790851822802,0.0118980042720202,0.0126232092596747,0.0036081793638176,0.0330548212487411,0.04197540115904,0.0501393718506069,1.0193399093866735,1.027394779186259,1.024971826567224,902.709674615504,905.502248281726,-2.792573666222097,-7.023051075288608,4.230477409066511,49.95297094251208,0.010143116942791,0.007544120237392,0.0120518507363296,0.0222578348875482,0.0086111322257225,0.3524337256167011,1.2227130708588252
2021-05-20,0.0045775771832057,0.0140790851822802,0.0118980042720202,-0.0103458585095669,0.0377649666608712,0.0340086288422751,0.0443152664824162,1.0059738175049031,1.017981568728798,1.0167942105495906,904.7946138723736,906.2992506153134,-1.5046367429399652,-5.91936820881888,4.414731465878915,42.290054827379016,0.0082944944777109,0.0081688099004625,0.0121828787035304,0.0150599189330319,-0.0062565584142717,-0.2999613531946616,0.8790735836361464
2021-05-21,-0.0058335956380747,0.0045775771832057,0.0140790851822802,0.0126232092596747,0.0336808835459092,0.0370533528419829,0.0504353993705175,1.0079983569216733,1.0230218957797728,1.0230584850241995,907.7764446107584,907.6234923232068,0.152952287551443,-4.704904109544816,4.857856397096259,51.689405605003046,0.0078552210975793,0.0083137173855956,0.0122666736647345,0.0117849320565423,0.0052961979591336,-0.0557605791780666,0.8633576428720716
2021-05-24,0.008638070539813,-0.0058335956380747,0.0045775771832057,0.0118980042720202,0.0129058112176487,0.0279021336849241,0.0426916862100017,0.9969523672520968,1.0116028558879582,1.0123223093931826,909.0996279368676,908.2719103904114,0.8277175464561424,-3.5983797783446247,4.426097324800767,56.05368883495204,0.009554180775836,0.0091301689361114,0.0124892358918685,0.0140004714290861,-0.011130470589444,-0.2071135555214566,0.7229875943784412
2021-05-25,-0.0084392725047927,0.008638070539813,-0.0058335956380747,0.0140790851822802,-0.0124751568625336,0.01918285870714,0.0130557269522046,0.9881163332189746,0.9982609280911782,1.0002063442456353,908.6217479778302,908.1031324506124,0.5186155272177757,-2.774980717232145,3.2935962444499203,61.65206193245959,0.0086389465894106,0.0100580579847398,0.0122819541901812,0.0188472679090983,-0.0166549565471317,0.7283111312759012,1.194699206319427
2021-05-26,-0.0113312823037656,-0.0084392725047927,0.008638070539813,0.0045775771832057,-0.0135199578864302,0.0190879635710845,-0.0093531073865267,0.9942917810500717,0.9998933919108156,1.0041976204624716,908.7072843466256,908.1827325931596,0.5245517534658575,-2.115074223092544,2.6396259765584014,62.29383970178287,0.0084325559312299,0.0100563868690628,0.0107560721580809,0.0072079236475267,-0.0025063287680846,-0.493900380389797,0.7054107280577556
2021-05-27,0.0035147343711809,-0.0113312823037656,-0.0084392725047927,-0.0058335956380747,-0.0046841756875968,0.0329038932345986,-0.0106142817668456,0.9982824162809388,0.9997698183654056,1.007826085953562,909.2092173137312,908.463259707208,0.7459576065232341,-1.5428678571693883,2.288825463692622,61.37165022332396,0.0085423300571168,0.0090833531210053,0.0107300327740944,0.0155609323000024,0.002943711576274,2.58536932949957,1.959988578856136
2021-05-28,0.0030710323760092,0.0035147343711809,-0.0113312823037656,0.008638070539813,0.0460662694063314,0.0812987056075096,0.0349546799802462,1.0484747055956365,1.0514454519693364,1.066439968929808,918.061626639263,912.7807869829472,5.28083965631572,-0.1781263544723668,5.458966010788087,75.77863498207623,0.029111603658536,0.0201523348290207,0.0170942419055656,0.0548978075323104,0.052663304493343,1.1055711235351682,2.474552676183129
2021-05-31,0.0600678074817924,0.0030710323760092,0.0035147343711809,-0.0084392725047927,0.0879560924882856,0.1019970484310301,0.0831285923065292,1.0626795348660676,1.0735476703201334,1.0951633055057834,930.2026207530542,919.0176241233886,11.184996629665648,2.0944982423552365,9.090498387310411,81.11375165668845,0.0284448261771501,0.021454840104759,0.0178313859995453,0.0493681191985865,0.0277355072805713,0.0470022001620649,1.7951910867986771
2021-06-01,0.0312678709760512,0.0600678074817924,0.0030710323760092,-0.0113312823037656,0.1048060752114889,0.0910234461205454,0.1071182717373731,1.0457418831104857,1.068215812903201,1.093705504379446,941.086374711719,925.0864683723504,15.999906339368522,4.875579861757894,11.124326477610628,81.19622429914394,0.025232091411762,0.0214771211032848,0.017071026784579,0.0255890478719006,0.0013389028958354,-0.5261862404700943,0.7873149606933445
2021-06-02,0.0039809632245,0.0312678709760512,0.0600678074817924,0.0035147343711809,0.1173574620998112,0.1022508362681331,0.1485182572983754,1.0381932450064604,1.0733537685232306,1.1021087164736814,952.5925518143632,931.8116578172804,20.78089399708267,8.05664268882285,12.724251308259822,86.91696611900952,0.0238015373457593,0.021491994581536,0.0159602540382574,0.0238501029883164,0.02051462282467,-0.1207856890124849,0.6313568960876077
2021-06-03,0.0149153792099718,0.0039809632245,0.0312678709760512,0.0030710323760092,0.1181873110407549,0.1129495252241985,0.1507994125477345,1.0196909878207985,1.065795559003101,1.098352946370671,962.9249458110716,938.3258396673316,24.599106143740077,11.365135379806295,13.233970763933778,86.36666742014964,0.0236501026431417,0.0209116296142634,0.0159320522010216,0.0243929796168039,-0.0051102649877744,-0.0266301537115346,0.6236399545327802
2021-06-04,0.0038160020586248,0.0149153792099718,0.0039809632245,0.0600678074817924,0.045684544008768,0.0938553299271127,0.1343863374249858,1.002003554833398,1.0470666201467755,1.0818566212885548,970.3080934206664,943.7028445270432,26.605248893623184,14.413158082569671,12.192090811053513,81.055190453875,0.0149582793924254,0.0218204507453881,0.0163206538496639,0.0146998358614628,-0.0109716165842865,-0.3964924126741446,0.4816106091909796
2021-06-07,-0.0086665168349678,0.0038160020586248,0.0149153792099718,0.0312678709760512,0.0310604757822543,0.1217485263511741,0.1530477036942912,1.0126662484645117,1.0525420062437771,1.0921076248769892,979.1752639941697,949.942982128628,29.23228186554172,17.376982839164086,11.855299026377637,81.51902110144198,0.0102579405564202,0.0209962187430002,0.0164136697095823,0.0255903658066936,0.0115349188746622,0.1291017141479582,0.760381925849165
2021-06-08,0.0168454222639862,-0.0086665168349678,0.0038160020586248,0.0039809632245,0.0210705608628938,0.1280849588609274,0.1497248532364066,1.002680334987503,1.0342049732812344,1.078208577450824,985.7694597829272,955.2833194984404,30.48614028448685,19.99881432822864,10.48732595625821,78.36007147334821,0.0116119533371562,0.0203793396748499,0.0165193718163639,0.0130949044503445,-0.0053894089249585,-0.4077867493996445,0.5430096589443358
2021-06-09,-0.0057465790864018,0.0168454222639862,-0.0086665168349678,0.0149153792099718,-0.0119250514941582,0.1040329168268889,0.1251066569245589,0.9870973947031284,1.0060827497918157,1.0527309267682918,988.5375653541836,958.8743436834516,29.6632216707319,21.931695796729294,7.731525874002607,73.03767582706134,0.0132206129814308,0.0224254144889213,0.017433857390886,0.0289884753033919,-0.0198287291013194,0.1792737475496744,0.7519545137012892
2021-06-10,-0.0178813301568349,-0.0057465790864018,0.0168454222639862,0.0038160020586248,-0.0120607135599981,0.1047011741758678,0.1410501436670863,0.993130450148833,1.0002107782612812,1.0497476156101924,991.4478110839486,962.4728487882076,28.97496229574108,23.34034909653165,5.634613199209429,72.42451564679206,0.0132047381565165,0.0224048806951776,0.0170166247365079,0.0240265903653121,-0.0047414600086284,0.2407269035821302,1.0716710368336824
2021-06-11,0.0036781787560824,-0.0178813301568349,-0.0057465790864018,-0.0086665168349678,0.0103400757768685,0.056497001432519,0.142388840127198,1.0047760987336365,1.0085559500697243,1.0572338738648035,996.0509704814904,966.8354782978196,29.21549218367079,24.51537771395948,4.700114469711309,77.37008653790468,0.0142993435868323,0.0142698138061513,0.0170402492711302,0.0216434120534365,0.0138576692571564,-0.0277539298257735,1.0531840909473529
2021-06-14,0.0138112333909421,0.0036781787560824,-0.0178813301568349,0.0168454222639862,0.0078567396946866,0.0391612495499553,0.1451526298479519,1.0175737698911402,1.019095856586018,1.0651616246283713,1002.2002051910688,971.9603314678884,30.239873723180267,25.66027691580364,4.579596807376628,83.15877947191805,0.0136874199055403,0.0116511231330659,0.0170874249622091,0.0281527200626269,0.0134988543169823,0.4773497036717442,1.4662512079258134
2021-06-15,0.0143460965541077,0.0138112333909421,0.0036781787560824,-0.0057465790864018,0.0159848308722396,0.0373922010869101,0.1318192142084187,1.016622911887757,1.017664393182807,1.0609854419299007,1007.7655018984524,976.879909417605,30.88559248084744,26.7053400288124,4.180252452035035,83.0871241133311,0.0130607830047606,0.011662495272775,0.0170315055255916,0.0153777788749953,-0.0048651419661692,-0.2536941958159858,1.0138550476150336
2021-06-16,0.0022718050157155,0.0143460965541077,0.0138112333909421,-0.0178813301568349,0.0168275613978878,0.0047018403675387,0.1074334437452522,0.995978415834614,0.999828187946172,1.0376290417161351,1009.748196242801,980.1223616930948,29.625834549706155,27.289438932991157,2.336395616715002,75.85639089556035,0.0127323025598144,0.0126042418801983,0.0178191779791393,0.0186290479363012,-0.0148336578264101,-0.2884410165534098,0.7273642788660479
2021-06-17,-0.0170666906487083,0.0022718050157155,0.0143460965541077,0.0036781787560824,0.0149564443607581,0.0027153454094488,0.1159715676084642,0.9948766442185908,1.0013875070142095,1.033944477064776,1011.7134113941488,983.2630826585367,28.450328735611947,27.521616893515315,0.9287118420966324,67.7329397216825,0.0127492888852924,0.0125624948168119,0.0176495779021977,0.0248685578859239,0.0071136371874906,0.4583186113554354,1.0384779853595345
2021-06-18,0.0018312585786985,-0.0170666906487083,0.0022718050157155,0.0138112333909421,0.0056480483353182,0.0160465253599653,0.1114079072189213,0.9982462755496015,1.0043116207965104,1.0332324913398483,1014.0862842505778,986.513008755011,27.573275495566804,27.53194861392561,0.04132688164119,61.45486326028651,0.0113909519844001,0.0121984276744352,0.0176368720965818,0.0227574296968247,6.738976959116873e-05,0.8651767197648923,1.606286749950374
2021-06-21,0.0045133403553585,0.0018312585786985,-0.0170666906487083,0.0143460965541077,-0.0034077664366229,0.0044221993242308,0.1267091219263612,1.004138173841956,1.009097529573624,1.0325872205434286,1016.9176987528928,989.9187472557971,26.998951497095614,27.42534919055961,-0.426397693463997,61.85601587139911,0.009290101022924,0.0110940759661213,0.0173330026442464,0.0211642907761757,0.0153164844601812,-0.5850578088629838,0.7317165286189417
2021-06-22,0.0052119562549832,0.0045133403553585,0.0018312585786985,0.0022718050157155,-0.0107778116739641,0.0050347377014945,0.1337645707337933,1.001155994759243,1.0034059005599811,1.0210915972440464,1018.497010873842,992.6790791286318,25.817931745210217,27.103865701489735,-1.2859339562795211,54.5811371371114,0.0092991417208314,0.011057758644775,0.017057988718643,0.0187128811120083,-0.0125332585732982,0.0562481372751109,0.7948499427157062
2021-06-23,-0.0051402420525877,0.0052119562549832,0.0045133403553585,-0.0170666906487083,-0.0028259735053248,0.0139540336498933,0.1194386292988813,0.9925380493745704,0.9928508296989752,1.006301519620648,1018.384959471376,994.5375678419044,23.847391629471417,26.452570887086075,-2.605179257614658,49.23049832883725,0.0063206700862149,0.0097034523000599,0.0174042585662841,0.022173331025704,-0.0198444341384364,0.2938209728421874,0.9590272014982196
2021-06-24,-0.0091654054786365,-0.0051402420525877,0.0052119562549832,0.0018312585786985,-0.028050435378686,-0.0135135257939641,0.0897727663640197,0.9746549196544488,0.9707972117216952,0.9786812557297532,1014.6087972119576,994.48588909696,20.12290811499736,25.18663833266833,-5.063730217670972,44.072406204962725,0.0117569579430478,0.0124295409956216,0.0185975548963747,0.0346412498427047,-0.0241747442717642,4.491908496668448,2.813464710172359
2021-06-25,-0.0235110123931925,-0.0091654054786365,-0.0051402420525877,0.0045133403553585,-0.0544559997632603,-0.0491155215467531,0.0046066001945801,0.9630204089557186,0.9533570906385778,0.9561802595471194,1007.9310296571132,992.7612534679608,15.16977618915223,23.183265903965115,-8.013489714812884,31.04086391488761,0.012203706542538,0.0128678287856585,0.0142892261396147,0.0344032988534894,-0.0227769045806034,-0.3947755665674177,1.468074706622937
2021-06-28,-0.0227769045806034,-0.0235110123931925,-0.0091654054786365,0.0052119562549832,-0.0676052906056895,-0.0707826740020483,-0.0343933624125003,0.967976954565906,0.9518507834682616,0.9493998604505948,1000.9706650433984,990.5336539272208,10.437011116177814,20.634014946407657,-10.197003830229844,30.5092437432951,0.0086119596058073,0.0109499049690586,0.0124068367406226,0.0218120674525355,-0.0169651468582374,-0.6336910136175178,0.5156406266765374
2021-06-29,-0.0087671122682948,-0.0227769045806034,-0.0235110123931925,-0.0051402420525877,-0.0619790877495711,-0.0720889004880462,-0.0373922620643194,0.981376494972944,0.959775666534498,0.9519760028708772,995.2089239820344,988.532594239614,6.676329742420194,17.842477905610167,-11.166148163189971,35.07359766008793,0.0103722070775209,0.0108219503180657,0.0123514906929475,0.0119264164543676,-0.0008135878152977,0.338659899210151,0.6435534818374593
2021-06-30,0.0008628838287645,-0.0087671122682948,-0.0227769045806034,-0.0091654054786365,-0.0429410351540455,-0.0456456584317339,-0.0411584366636123,1.0010291879018736,0.9748037890571652,0.9643869420446266,991.9559566356396,987.460893646344,4.495062989295548,15.172994922347243,-10.677931933051696,38.21468611073051,0.0149572246985577,0.0116365832087972,0.0120974398684835,0.0149716697239658,0.0068694431670327,-0.271927050861914,0.461746947303414
2021-07-01,0.0109445524952298,0.0008628838287645,-0.0087671122682948,-0.0235110123931925,-0.0257951923448356,-0.0531220613475721,-0.0505509606835438,1.0002765680988723,0.9742342266087748,0.9610365879025968,988.3017499657336,986.034428434115,2.2673215316185638,12.59186024420151,-10.324538712582946,30.10364230499171,0.0124472133417061,0.0114172540312916,0.0120470793746127,0.0134178500878267,-0.0094664572750574,-0.3657593957311235,0.4639850533997103
2021-07-02,-0.0060170780574688,0.0109445524952298,0.0008628838287645,-0.0227769045806034,0.0116895249209805,-0.0434030396086094,-0.0280529822244232,1.012728959569808,0.9931312671426826,0.9766575540501816,987.4178212600676,985.77678287447,1.6410383855978807,10.401695872480785,-8.760657486882902,29.94631545451007,0.0103110804351516,0.0127930819793103,0.0125509594809611,0.0187642706163253,0.0152837461269849,0.1238361735022646,0.7508459837797542
2021-07-05,0.0148239480836218,-0.0060170780574688,0.0109445524952298,-0.0087671122682948,0.0307766125640831,-0.0389093398778599,-0.0346592054101433,1.0165805441312852,1.0070864275474258,0.9881093370520035,988.1715342302736,986.2612401109096,1.910294119364039,8.703415521857433,-6.793121402493394,33.63397360906701,0.0084930447823119,0.0132638678267869,0.0121111516051131,0.0102548750867334,0.0064359297305202,-0.1692622502772134,0.6865103093990061
2021-07-06,0.0099340292744511,0.0148239480836218,-0.0060170780574688,0.0008628838287645,0.0177220110018172,-0.0453554708227343,-0.0405490860201601,1.0010694687889616,0.9999176406337524,0.978455829169135,987.0058902922028,985.8415074088284,1.164382883374401,7.195608994160827,-6.0312261107864265,35.13189377817304,0.0117269002890056,0.0134999794057539,0.0122926386328334,0.0135071024854497,-0.0093941920994179,-0.1394738481460932,0.7387522936985895
2021-07-07,-0.0118128657056988,0.0099340292744511,0.0148239480836218,0.0109445524952298,-0.0002842896596452,-0.0432131171214219,-0.0298620807619577,0.9941764188507836,0.997449699524503,0.9731188015210952,984.9723255897966,984.9486342471788,0.023691342617667,5.761225463852196,-5.737534121234529,32.55121672781121,0.0116444455849085,0.0134336343901533,0.0117813247439414,0.0140991860748334,-0.0083186788570031,0.0382088641609577,0.8882913075018442
2021-07-08,-0.0069418362902281,-0.0118128657056988,0.0099340292744511,-0.0060170780574688,-0.0025501404269847,-0.0282795514089999,-0.0414109207555569,0.9864519639712064,0.9920568153937904,0.9670871106499191,982.012669053746,983.525369347793,-1.5127002940469083,4.306440312272375,-5.819140606319284,28.543781589206063,0.0119742593197076,0.0117776999007449,0.0118105752756735,0.017179609286593,-0.0115024254514247,0.0698781010841622,0.9726591327075632
2021-07-09,-0.0082699354879469,-0.0069418362902281,-0.0118128657056988,0.0148239480836218,-0.0271717317978573,-0.0157998315128742,-0.0641393360945217,0.981718386193544,0.9834617715449802,0.9603471975355218,977.9889445028092,981.4759686163012,-3.487024113492112,2.747747427119478,-6.23477154061159,24.042518089042872,0.0088054843669267,0.0099376059662647,0.0113250705567179,0.0123599806778524,-0.0080459529131742,-0.1920157955059515,0.8615442830048435
2021-07-12,-0.01022651467727,-0.0082699354879469,-0.0069418362902281,0.0099340292744511,-0.0307413138332529,-0.0009108147747267,-0.0716290188714993,0.9940616920458372,0.9896763461460742,0.9699443627616814,975.5001574428818,980.0193656531148,-4.519208210232932,1.294356299648996,-5.813564509881928,27.953318164097,0.0071939986378439,0.0098581205876709,0.010794354567415,0.0129552474644353,0.0020916435178605,-0.0500552409773531,0.87012901167267
2021-07-13,0.0062282957080377,-0.01022651467727,-0.0082699354879469,-0.0118128657056988,-0.011812848272875,0.0056998153018874,-0.0667999786042569,1.003906249456591,0.996521188060782,0.98063440262816,974.5018609853232,979.2039482320508,-4.702087246727615,0.0950675903736737,-4.797154837101289,33.30700375217431,0.0084924856434599,0.0101443481121928,0.0110058574545764,0.0071439279226618,-0.0001428342188467,-0.2175999371949143,0.7304335546766699
2021-07-14,0.0074852498599946,0.0062282957080377,-0.01022651467727,-0.0069418362902281,-0.0113978229892961,-0.0116788723657229,-0.0567914409785832,0.9996549528869546,0.9911786949905628,0.977101814947508,972.6844453980378,977.9805935236002,-5.296148125562354,-0.983175552813532,-4.312972572748822,37.87279865949781,0.0084379196248592,0.0096604666658622,0.0105599309299427,0.0122722875887191,-0.0068321689162665,0.2702657517723708,0.9683285508609266
2021-07-15,-0.0065247652472745,0.0074852498599946,0.0062282957080377,-0.0082699354879469,-0.0048981851586291,-0.007435834525622,-0.0601628890153537,0.9988871276774108,0.9901783628030454,0.9784468053773104,970.887486325383,976.7230837385764,-5.835597413193568,-1.9536599248895392,-3.881937488304029,45.25549600626006,0.0077532637306804,0.0095138459678954,0.0105063188551512,0.0079237385260283,-0.0060381641213525,0.1073316469273408,1.1162727723825052
2021-07-16,-0.0017497331305101,-0.0065247652472745,0.0074852498599946,-0.01022651467727,0.0198918508874235,-0.0078203769477098,-0.0508839884259036,1.009312377010586,1.0052633006312464,0.995214497890492,971.50052741655,976.5859851963094,-5.085457779759395,-2.5800194958635103,-2.5054382838958844,55.39877406805588,0.0082118846952897,0.00944308837535,0.0110991412505105,0.0128526830845412,0.0118069751132068,-0.0656379797712957,1.0481914564450432
2021-07-19,0.0144307817044968,-0.0017497331305101,-0.0065247652472745,0.0062282957080377,0.0071253765866612,-0.0238349806844222,-0.0618169171978498,1.0014647832363122,1.0013047440231737,0.992109977728517,971.0643078290278,975.9992529667796,-4.934945137751697,-3.0510046242411475,-1.8839405135105496,52.17647216755026,0.0092177512119132,0.0087784465049369,0.0109742949125027,0.0151265776883546,-0.0004999827440141,-0.0536617662633939,0.9974111682605246
2021-07-20,-0.0063671453347347,0.0144307817044968,-0.0017497331305101,0.0074852498599946,-0.0028099781560919,-0.0145896325833591,-0.0592833837511446,0.9995703121290678,1.0003272298718482,0.9927715783853996,970.3295420211966,975.2799253453976,-4.950383324201084,-3.430880364233135,-1.5195029599679493,46.46674849456813,0.0086461352749355,0.0081357963208011,0.0109648068137473,0.0114624056037558,-0.0027149374853816,-0.1930689863568501,0.8043746953525687
2021-07-22,-0.0024536550550769,-0.0063671453347347,0.0144307817044968,-0.0065247652472745,0.016634701079226,0.0050472787115491,-0.0383839470559794,1.0090690999915397,1.0126636566143012,1.0075481703073226,971.617719826229,975.5334640423245,-3.915744216095391,-3.5278531346055866,-0.387891081489804,54.50225902077169,0.0095799014867026,0.0090085036344351,0.0114085330006285,0.0121422021051988,0.0008022613108765,0.1825913481107368,0.9641342037972274
2021-07-23,0.0128474775999598,-0.0024536550550769,-0.0063671453347347,-0.0017497331305101,0.0112132713347581,0.0062601614968973,-0.0221964244709828,0.9997104028044452,1.0048723694806136,1.0015589205747204,971.6427186840928,975.2554454023258,-3.612726718233034,-3.5448278513310765,-0.0678988669019577,45.06448038304691,0.0105353520034902,0.008885566831012,0.0103082110735728,0.0153868503679299,-0.0134695191136618,0.2464293988370123,1.1876873870896607
2021-07-26,-0.0070731238071064,0.0128474775999598,-0.0024536550550769,0.0144307817044968,-0.0168291906735827,0.0027278964624057,-0.0131150353549589,0.9893530943048098,0.9908375497676654,0.9884854814397388,969.6155223300495,974.0117785119916,-4.396256181941794,-3.715113517453221,-0.6811426644885739,34.98465205457791,0.0099154904033034,0.0094109262968729,0.009467889749968,0.0240267364498093,-0.0147770524168399,0.2468180130280375,1.3646509325430674
2021-07-27,-0.013700906696399,-0.0070731238071064,0.0128474775999598,-0.0063671453347347,-0.020939083055981,-0.0139629053214729,-0.0148610024757348,0.9830607241823404,0.9817762003297222,0.9788079476623156,966.3488482967008,972.1132868528276,-5.764438556127061,-4.124978525187989,-1.6394600309390723,35.50062225787579,0.0103939702990061,0.0097262037633578,0.0095550567459014,0.0202919329684411,-0.0104969532184925,-0.1263266295755463,1.1307327333106836
2021-07-28,-0.0105207716034876,-0.013700906696399,-0.0070731238071064,-0.0024536550550769,-0.0269605198896286,-0.0296947395737539,-0.0241641788028745,0.979909774582251,0.976251972669195,0.9715685005677996,962.3315938411988,969.7520577775026,-7.420463936303918,-4.784075607411175,-2.6363883288927425,35.07800589821888,0.0105007761753769,0.0094250567672394,0.0097059696125105,0.0204923284490236,-0.0100340100753312,0.1915396179582231,1.19377063924922
2021-07-29,-0.0085887812773255,-0.0105207716034876,-0.013700906696399,0.0128474775999598,-0.0318055461577486,-0.0156999208315182,-0.0271954358256979,0.9940066595943612,0.9854172967520703,0.9804927951319952,960.061275392673,968.10927749219,-8.048002099516907,-5.436860905832322,-2.6111411936845847,41.871508563036,0.008325967414554,0.0099017553373823,0.0095232252382052,0.0150980405165557,-0.0003651469872765,0.0672895199261147,1.1506965156637552
2021-07-30,0.007804236565162,-0.0085887812773255,-0.0105207716034876,-0.0070731238071064,-0.033433036167678,-0.0225946585390128,-0.0298624829225758,0.9920791929597228,0.9790132765509196,0.97337718795976,956.8657944728868,965.9745643012176,-9.10876982833065,-6.171242690331988,-2.9375271379986625,42.47696226106568,0.0083921027309025,0.0101619147168672,0.0096128195873602,0.0181054571678132,-0.0110300914910421,-0.175445007016696,0.926907348609636
2021-08-02,-0.0087421878728851,0.007804236565162,-0.0085887812773255,-0.013700906696399,-0.0020945004255736,-0.0188884423521286,-0.0265611045606897,1.0106403938853432,0.9988240853629,0.9925101014419836,956.8031237937648,965.269665838801,-8.466542045036135,-6.630302561272818,-1.8362394837633171,47.79383874573532,0.0127986546560055,0.0109083139853752,0.0099461617056156,0.0184559444539987,0.0088594599330805,-0.0374873310751283,0.9140232181606996
2021-08-03,0.0182773943882448,-0.0087421878728851,0.007804236565162,-0.0105207716034876,0.015936757017003,-0.0053360271177999,-0.0290438236989378,1.0148354677275797,1.0067170663685383,1.0013105300630856,957.8328396494117,965.1383036918874,-7.305464042475819,-6.765334857513419,-0.5401291849624004,47.72422860222799,0.0116983603757158,0.0111381131410029,0.0098087914552766,0.0128367533529715,-0.001076572100273,0.0816646688214592,0.9725115940907618
2021-08-04,0.0073582306756945,0.0182773943882448,-0.0087421878728851,-0.0085887812773255,0.0325913846026812,0.0047521840402413,-0.0099067811622334,1.0160540326610954,1.0139458466240971,1.0094939464263684,959.8401427892856,965.5636374968284,-5.723494707542841,-6.556966827519303,0.8334721199764621,53.35096719941116,0.0096801274723276,0.0113953782067705,0.0096895107161105,0.0128342393236445,0.0044643271541382,0.1144509417930441,1.078986819758733
2021-08-05,0.0076637900742326,0.0073582306756945,0.0182773943882448,0.007804236565162,0.0394497000688114,0.0063894346546147,0.011468962623675,1.0227822815071343,1.027974608615914,1.023535217315301,963.7041292351648,967.0001128442856,-3.295983609120867,-5.9047701838396165,2.6087865747187493,58.89613054014658,0.010350060436372,0.0116036084242815,0.0101106924751861,0.0236851139456373,0.0094357969291046,0.6136978541815366,1.550909467283819
2021-08-06,0.0144979195510275,0.0076637900742326,0.0073582306756945,-0.0087421878728851,0.0264088682697074,-0.0079070965459792,-0.0016964347504312,0.995990388706397,1.0070113207667457,1.0019436590075388,963.7644558822788,966.785012073702,-3.020556191423225,-5.327927385356339,2.307371193933114,46.19521601546102,0.0155237046531653,0.0133752371078913,0.0110740878882799,0.0326464335065254,-0.0192022902692493,-0.2179123848500838,1.1263079643486555
2021-08-09,-0.0211784090740089,0.0144979195510275,0.0076637900742326,0.0182773943882448,0.0022436260478611,0.0001444263465752,0.0028727167891009,0.989877927122684,1.001260499664102,0.996094054537835,962.9705965338034,966.1790385954416,-3.2084420616383795,-4.904030320612748,1.695588258974368,46.42973022029175,0.014165465096018,0.0127358343130029,0.0108994341675139,0.0112173395593238,-0.0018500929622299,-0.5491156451779909,0.5326001576563039
2021-08-10,-0.0056964045968557,-0.0211784090740089,0.0144979195510275,0.0073582306756945,0.0001436723085499,0.0160827189962242,0.0018952521920951,0.9950439244057612,1.0049137191315156,1.00122629395304,963.0727670039636,965.9905694098418,-2.9178024058783194,-4.506784737665862,1.588982331787543,49.07571064430474,0.0139407419887676,0.012243093274315,0.0108730589764431,0.0187974670435645,0.0029058381397654,0.5904684498280857,0.8458586316725599
2021-08-11,0.0052475605468407,-0.0056964045968557,-0.0211784090740089,0.0076637900742326,0.0064408514969884,0.0392421523679766,0.008382127299342,1.007681472248401,1.0150850808297922,1.014823573727669,965.2359729967432,966.8159795244484,-1.5800065277052229,-3.921429095673735,2.341422567968512,49.45756480610917,0.015045510017953,0.0122257680241991,0.0111976347450891,0.0172861408487548,0.0097045905751484,-0.2293975651717507,0.6908961811814045
2021-08-12,0.0140083179890591,0.0052475605468407,-0.0056964045968557,0.0144979195510275,-0.0111280419791888,0.0278826601711903,0.0117449837824121,1.0067210327474354,1.0090554493448087,1.010970758452795,966.5835805915953,967.3477901051026,-0.7642095135074669,-3.2899851792404813,2.5257756657330144,50.78637351246835,0.0131491275632797,0.0123331151816652,0.0111127851450212,0.0100450302454434,-0.006776760208086,-0.1140288752388006,0.7625641240834387
2021-08-13,-0.003211621803424,0.0140083179890591,0.0052475605468407,-0.0211784090740089,0.0270936118081865,0.0542179917030869,0.0303982961548718,1.017990906190853,1.0204770493890951,1.0262523588828891,970.2195069699314,969.04181321219,1.1776937577415083,-2.3964493918440835,3.574143149585592,61.04333302056588,0.0099760548025907,0.0123019556955507,0.0116531325099235,0.0190851455310765,0.013389669553874,0.5705960176031986,1.2905616489848286
2021-08-16,0.01665478021256,-0.003211621803424,0.0140083179890591,-0.0056964045968557,0.0463856795596318,0.0487333777264007,0.0289244377784625,1.021861776124838,1.0287807642081608,1.0380560750865435,975.273411321312,971.562411141206,3.711000180106112,-1.1749594774540444,4.885959657560156,68.6614314920248,0.0081029281279674,0.0117872863975567,0.0115730437236513,0.0344375545847808,0.0112359363891541,0.7162674212091933,1.714828757156363
2021-08-17,0.0129797628989707,0.01665478021256,-0.003211621803424,0.0052475605468407,0.0364934146033577,0.0366423300050304,0.0311107784206643,1.0102742981981356,1.020706537729527,1.0320290246614283,978.8930442550524,973.5800862707924,5.312957984259924,0.1226240148887491,5.190333969371175,70.52734717628583,0.0101091873411321,0.0120793111662307,0.0115070382420722,0.0172576910450982,-0.0021209651385333,-0.4229353643354563,0.97826418434375
2021-08-18,-0.0042557950607805,0.0129797628989707,0.01665478021256,0.0140083179890591,0.0261417744635217,0.0327510012476974,0.0376588240733699,1.008981517471813,1.0213493038779202,1.034090493674321,982.5522085703808,975.7354585695996,6.816750000781326,1.4614492120672646,5.355300788714061,69.79444068545791,0.0094026964355065,0.0119993463221709,0.0114768510964276,0.0157411155554554,-0.0006209971749738,-0.2040033594116179,0.7681178074289399
2021-08-20,0.0038812404227823,-0.0042557950607805,0.0129797628989707,-0.003211621803424,0.0178867687253636,0.006559682032927,0.0129910293472461,0.9941643910808844,1.0092148565827634,1.0218072208678526,983.9160308245772,976.8970581735298,7.0189726510473065,2.5729538998632733,4.446018751184033,68.33306786660492,0.011620488979734,0.0120877880041846,0.0115321692288439,0.0162923017793652,0.0024498755838179,-0.0644687401373182,0.7047512961772491
2021-08-23,-0.0112304881886697,0.0038812404227823,-0.0042557950607805,0.01665478021256,0.0077832348776794,0.0350877226302539,0.0269031840738587,0.9991451956241936,1.0123527544401605,1.027130006657189,986.071132903248,978.4546238151896,7.6165090880584785,3.5816649375023144,4.0348441505561645,65.76592883860194,0.0094637485340649,0.0093848702089943,0.0114506960707223,0.0192845989508251,-0.0053587773461106,0.0454169523042065,0.7704747369630877
2021-08-24,0.0065634750704857,-0.0112304881886697,0.0038812404227823,0.0129797628989707,0.0046929296701891,0.0512962939616983,0.0514481288446035,1.0080600617739244,1.0172736926389454,1.0346457543938203,989.4105311765464,980.6266681014488,8.78386307509777,4.622104565021406,4.161758510076364,66.48343633885905,0.0085906312979513,0.0089732443898089,0.0110207236357732,0.0166690064611031,0.0086141424112599,0.2039777175564812,1.1010257060714623
2021-08-25,0.0098735228584236,0.0065634750704857,-0.0112304881886697,-0.0042557950607805,0.0177197318366821,0.0548597999606161,0.0718248137037962,1.013197381235061,1.0206317809370464,1.0399641763313268,993.5780666445778,983.2839157768044,10.29415086777351,5.756513825571827,4.537637042201683,66.81407547949107,0.0085688581221792,0.0090459352059024,0.0106498606722347,0.0181149908900557,0.007870359947994,0.1277837732686293,1.225290727914627
2021-08-26,0.0086549783537721,0.0098735228584236,0.0065634750704857,0.0038812404227823,0.0266034488950788,0.0534406847195674,0.0947799645799585,1.0205813623821884,1.0281461434469763,1.0483346739896502,999.0817940718543,986.6963883060688,12.38540576578555,7.082292213614572,5.303113552170977,66.51218116935594,0.0094995143359294,0.0089108348667575,0.0104345428111421,0.0178888020023589,0.0101675581526357,0.3893004021730333,1.47267056729361
2021-08-27,0.012644160725068,0.0086549783537721,0.0098735228584236,-0.0112304881886697,0.0368438779694642,0.0553896646190132,0.0848167359857716,1.011856602134514,1.021237154931455,1.042634024440761,1003.5222414682517,989.751818961059,13.77042250719262,8.419918272330182,5.350504234862438,77.76439519607193,0.0053076085369382,0.0087334506942922,0.0104872425442307,0.0119871064015191,-0.0042914826473058,-0.4362101939061032,0.8166346105087203
2021-08-30,-0.0013674548358045,0.012644160725068,0.0086549783537721,0.0065634750704857,0.04989935773661,0.0580709710357989,0.1154374541646952,1.0213101761591028,1.0349708405801343,1.0568801621347463,1010.3218921197706,994.045756127138,16.27613599263259,9.991161816390663,6.284974176241926,84.46985543185818,0.0074697249718872,0.0091311241764491,0.0105456506456006,0.0172007854667676,0.008999966495677,0.3383788922733315,1.026235052367606
2021-08-31,0.0192376773899962,-0.0013674548358045,0.012644160725068,0.0098735228584236,0.0340934899489575,0.0389464179696885,0.0895777861940965,1.00910730901471,1.025497228064708,1.0467239991300858,1015.216349371777,997.6079863590398,17.608363012737186,11.514602055659967,6.093760957077219,80.23467218814392,0.010076265059289,0.0093420468397622,0.0103633566490658,0.0183778548810689,-0.0082348375006084,0.888168955124031,1.596214923180042
2021-09-01,-0.005329769978103,0.0192376773899962,-0.0013674548358045,0.0086549783537721,0.0292835592045503,0.0475221878575606,0.0859058415526288,1.007300028917964,1.0247751970822587,1.0465224557816697,1019.9932549071286,1001.2123010992268,18.780953807901938,12.967872406108365,5.813081401793575,78.69735233266424,0.0100750524112517,0.0088990388273063,0.010339261654047,0.0131886394292016,-0.0025957374560399,-0.5791847777023946,0.6903087955701462
2021-09-02,0.0039633710300255,-0.005329769978103,0.0192376773899962,0.012644160725068,0.0286713689751523,0.0560375751695136,0.0906238631115057,1.0136693652043756,1.031439034986587,1.054484467344358,1025.9735594406473,1005.482888749284,20.49067069136333,14.472432063159356,6.018238628203978,82.6643344848598,0.0099763244046504,0.0091862666948321,0.0104625140756847,0.0230125484423736,0.0174722952991037,-0.1066544787728412,0.6905272494644146
2021-09-03,0.0120418671631929,0.0039633710300255,-0.005329769978103,-0.0013674548358045,0.0723265133762653,0.1118351805785213,0.1191284658361384,1.0404324752568337,1.062268463462856,1.0913556314264343,1037.7149131264612,1012.6539605751472,25.060952551314017,16.59013616079029,8.470816390523726,85.66606570629543,0.0175724658727089,0.0127683207489441,0.013145461316488,0.0387272218462523,0.0339827286695909,2.079756587728752,1.6615025384537052
2021-09-06,0.0410128906055458,0.0120418671631929,0.0039633710300255,0.0192376773899962,0.0684286773199149,0.1217425821055546,0.1611019746890192,1.0424842005252393,1.0662845723695085,1.0998508811547956,1050.2840130300824,1020.5621162732843,29.721896756797943,19.21648827999182,10.505408476806124,86.0452204957727,0.0173832507138032,0.0127581860829525,0.0116715968968551,0.0280343807795652,0.0052217546656634,0.0970923703517312,1.5032867264554122
2021-09-07,0.0155328157463046,0.0410128906055458,0.0120418671631929,-0.005329769978103,0.0809290940084761,0.1177817392105899,0.1751197998901548,1.0328354554583197,1.0610140970689703,1.0977355434923894,1062.005699577137,1028.4075132594069,33.5981863177301,22.09282788753948,11.505358430190618,88.88267221829803,0.0148331605237153,0.0128620305393799,0.0112552269920344,0.0188455175359822,0.0044856389670741,-0.4842746697477625,0.8442084995664972
2021-09-08,0.0063076866036222,0.0155328157463046,0.0410128906055458,0.0039633710300255,0.0724494292564952,0.1038545656120137,0.1644118062671018,1.0146902149541144,1.0464575794943367,1.0850644362282764,1071.2459960965198,1035.3452994589416,35.90069663757822,24.854401637547227,11.046295000030996,86.24266099853399,0.0167011731396367,0.013730574942497,0.0115621859033752,0.0194748072721671,-0.0084217471150095,-0.1756917424568075,0.6751511344897718
2021-09-09,-0.0039125135740543,0.0063076866036222,0.0155328157463046,0.0120418671631929,0.0571827520248497,0.0874936287823213,0.1456100329326155,1.0013251651215145,1.0352871377271462,1.0751023011616627,1078.6564678509012,1041.5726152397606,37.08385261114063,27.30029183226591,9.78356077887472,90.99781473025858,0.0183292414821301,0.0142225265065071,0.0116713364347841,0.0089668318386432,-0.0009472776525816,-0.3732717292569928,0.4271430807125976
2021-09-13,-0.0023648881666166,-0.0039125135740543,0.0063076866036222,0.0410128906055458,-0.0070964727603464,0.0647167774838934,0.1236910827029627,0.9803844554788096,1.0060280007505238,1.0450994235426052,1081.089314443551,1045.4909378666764,35.59837657687467,28.959908781187664,6.638467795687006,77.65733568793382,0.014048696163099,0.0170864515068909,0.0132163963331272,0.0273871061214392,-0.025256854155197,0.8197820901773454,0.9004959077441911
2021-09-14,-0.0222831681613567,-0.0023648881666166,-0.0039125135740543,0.0155328157463046,-0.0235612154098474,0.0432551991035221,0.1038380415536095,0.983751244249196,1.000544958762701,1.03863443189476,1082.9277747815624,1049.0130392573392,33.91473552422326,29.950874129794784,3.963861394428477,75.66329053834096,0.0105820648675871,0.0166023868352298,0.0130586151593362,0.0118220790339437,-0.0027578976184385,-0.453849021160972,0.6765740860485822
2021-09-15,-0.0013071752545031,-0.0222831681613567,-0.0023648881666166,0.0063076866036222,-0.0256462799478505,0.0532072838597583,0.0942259349456808,0.9930064049752848,0.9996322288897104,1.038291457534502,1085.182745277909,1052.610968424041,32.57177685386773,30.47505467460937,2.096722179258357,75.03563580993732,0.010053048685135,0.0162541711090371,0.0129243306720939,0.0114577046087396,0.0041376459106489,0.0182658843000886,0.7880286348352064
2021-09-16,0.0041588407110066,-0.0013071752545031,-0.0222831681613567,-0.0039125135740543,-0.0012955862165902,0.0710599785579604,0.1219590920657067,1.014107767958509,1.013741549925855,1.054003443976293,1090.633690866163,1057.6482219927464,32.98546887341672,30.977137514370845,2.008331359045876,76.51160267153294,0.015501780676683,0.0169719699912478,0.0132431845814103,0.0287249474922247,0.0195880495405002,0.4826117080941343,1.1859114982169638
2021-09-17,0.020981342540336,0.0041588407110066,-0.0013071752545031,-0.0023648881666166,-0.0144501125379488,0.0419063422849121,0.1002922472602958,1.0013151990355886,0.9940329726378336,1.0327765989551394,1092.572877397571,1061.025272461455,31.547604936115704,31.09123099871982,0.4563739373958846,70.01595289676827,0.0170090057072607,0.0182529707217473,0.014078262847112,0.0335697164630627,-0.0226697034960449,1.5936827313973012,2.1109570903281645
2021-09-20,-0.015505330079763,0.020981342540336,0.0041588407110066,-0.0222831681613567,0.0096139840091868,0.0024492858732008,0.1145583827796399,1.00099503513055,0.9953710240231546,1.028948415527749,1094.4835404902522,1064.2820809828286,30.20145950742358,30.91327670046057,-0.7118171930369925,66.8385548187781,0.0130622830338959,0.0129083812766926,0.0135893161114348,0.0201933342288901,0.009379930390098,-0.6622964828440967,0.7542437588091166
2021-09-21,0.0015896692631522,-0.015505330079763,0.020981342540336,-0.0013071752545031,0.0153053691807332,-0.0086164593293087,0.1120771327688883,1.0022840839594946,1.00054298281192,1.028042788861453,1096.835099916031,1067.6514584476422,29.183641468388487,30.56734965404616,-1.383708185657671,69.9795461790445,0.0129498781607857,0.0118867586440494,0.0135895375827544,0.0135568089008906,-0.0001247201083899,-0.1582437726759639,0.626803490799252
2021-09-22,0.0043226452746414,0.0015896692631522,-0.015505330079763,0.0041588407110066,0.0219484870960828,-0.0042606898962656,0.1130192178481053,1.0086485620907395,1.0117156230162438,1.0336198022366692,1100.6566868580358,1071.6532330099697,29.0034538480661,30.25457049285015,-1.251116644784048,71.29823850088468,0.0134082144514114,0.0122570211707767,0.013605655063425,0.0180003515162266,0.0093438921159647,0.1089355343869582,0.6785716586662947
2021-09-23,0.0107290271663058,0.0043226452746414,0.0015896692631522,0.020981342540336,0.025409830797568,0.0240813239544306,0.1304368450050941,1.0280347039482738,1.0339214860351946,1.0524514209752185,1108.107735183963,1077.3891787852729,30.718556398690225,30.34736767401817,0.3711887246720593,73.51455428515798,0.0145189870369681,0.0144301784392534,0.0142438595792504,0.020683534726754,0.017365390287352,0.4322047138973102,0.9450323784246314
2021-09-24,0.0244394105192591,0.0107290271663058,0.0043226452746414,-0.015505330079763,0.0385476262897459,0.0235404962138394,0.113093768433246,1.017320669457079,1.0284930372422023,1.0438431059809343,1113.9012566941226,1082.4541007271046,31.447155967018038,30.567325332618143,0.879830634399891,64.32479395687272,0.0106100347330043,0.0144507641648363,0.014300003800558,0.0134732038143163,-0.0083282109190783,-0.0353200392395492,1.1937513007404277
2021-09-27,-0.0028917493941837,0.0244394105192591,0.0107290271663058,0.0015896692631522,0.0543361449105268,0.0644725157480041,0.1333617466873879,1.0235155159362403,1.0392060982976317,1.0548097671852712,1121.7677099911807,1088.5710712750968,33.19663871608395,31.093188009311305,2.103450706772648,64.82226544528035,0.010625284413458,0.0121256844964637,0.0144201057533537,0.0216284616687091,0.0150582262831845,0.0119582050297906,1.1434433400080284
2021-09-28,0.0168163346015901,-0.0028917493941837,0.0244394105192591,0.0043226452746414,0.0596124284681107,0.0758301878743084,0.1223654368523912,1.0212134178114745,1.0412231375012262,1.0585273628940088,1130.0995519336434,1095.0417091522886,35.05784278135479,31.886118963720005,3.1717238176347884,65.67664377751497,0.0100977670546011,0.0118445992046239,0.0141223833779286,0.0204470488701803,0.0055446434191362,0.1731138764734938,1.1968360871251822
2021-09-29,0.0093486429940132,0.0168163346015901,-0.0028917493941837,0.0107290271663058,0.040053478351008,0.0628810786998312,0.1194340939633793,1.0052732628160097,1.026694455264208,1.0442856596266,1135.7153773272655,1100.3425023256143,35.37287500165121,32.583470171306246,2.789404830344964,63.69183216529171,0.0134360555501938,0.012790820955715,0.0142423738909223,0.0197598423825028,-0.016400719667103,-0.4610626030412207,0.6561318394810325
2021-09-30,-0.0079276043464382,0.0093486429940132,0.0168163346015901,0.0244394105192591,0.0117875358281704,0.0374968859166526,0.1112213923838407,0.9995199009897062,1.0194315726377186,1.0353404334913348,1139.8566151002344,1104.9566445867956,34.8999705134388,33.04677023973276,1.853200273706044,63.180803878894736,0.010300983522487,0.0119546740000443,0.0143855835773715,0.0135953398325733,-0.0022772812829456,0.3982334134955438,0.9449531943193064
2021-10-01,-0.0034021823397709,-0.0079276043464382,0.0093486429940132,-0.0028917493941837,0.0165142926059267,0.0556985056754855,0.0999389686039926,0.9980384877248524,1.0157594081818146,1.0323052844932368,1143.6766948985155,1109.381125268445,34.29556963007053,33.29653011780032,0.9990395122702154,74.88951100995634,0.0099071375933362,0.0099414863281654,0.0143186341785547,0.0177516951107506,0.0086931985352613,-0.3408022895734083,0.682028465641042
2021-10-04,0.0017664303271645,-0.0034021823397709,-0.0079276043464382,0.0168163346015901,0.012557271872281,0.0675757305269408,0.0701905286822925,1.0083432128130714,1.02216359090783,1.0420059616300563,1149.213025190571,1114.5871783446248,34.62584684594617,33.56239346342949,1.063453382516684,78.01486925446859,0.008635676505622,0.0100891795381198,0.0117279267177248,0.014787871186877,0.001233851736173,0.2187342056996104,0.891699555987432
2021-10-05,0.0128581380985055,0.0017664303271645,-0.0034021823397709,0.0093486429940132,0.0239987335431983,0.0850417847979783,0.0756925663886658,1.0243283883942418,1.034914275569953,1.0596661193499852,1157.6641575831277,1121.2211196333333,36.44303794979419,34.13852236070243,2.304515589091757,80.52611922552923,0.011810256689864,0.0109751048596217,0.0120640242971669,0.0247777883996314,0.0211733583662152,0.2395081325802175,1.1929867757885646
2021-10-06,0.0207538485386387,0.0128581380985055,0.0017664303271645,-0.0079276043464382,0.0126589351443426,0.0532194478801013,0.0487320064199683,1.0024357510757986,1.0101574105963786,1.0371186577694609,1161.3112658515886,1125.676619018133,35.63464683345592,34.43774725525313,1.196899578202789,67.43012952556786,0.0152836316075233,0.0138559170389299,0.0130570749345963,0.0268960276658318,-0.0229393235739525,-0.2419714468412549,0.8958055120891137
2021-10-07,-0.0189138493438854,0.0207538485386387,0.0128581380985055,-0.0034021823397709,0.0210976289788649,0.0331338538645131,0.058013084887714,1.0031744320410012,1.011815832248471,1.0392338957682032,1165.2883374813923,1130.2311088275533,35.05722865383905,34.561643534970315,0.4955851188687319,75.79063304663069,0.0149133524333992,0.0121241456256697,0.0129790924979034,0.0120704563068051,-0.0087089837048912,-0.3823239591140593,0.6335821068633658
2021-10-08,0.0049026709208077,-0.0189138493438854,0.0207538485386387,0.0017664303271645,0.0584657959859415,0.0759456098542186,0.1012739034092891,1.0298715960772034,1.042962066939417,1.0738402399596516,1175.671900044351,1137.8274336655586,37.84446637879273,35.2182081037348,2.6262582750579284,80.93159090935953,0.0211010720349343,0.0161425614642526,0.0151338763680488,0.0385213466831093,0.0332657275108496,1.489084242263083,1.387929474056113
2021-10-11,0.0384271513083542,0.0049026709208077,-0.0189138493438854,0.0128581380985055,0.0377520308268033,0.0507833652139071,0.1185300122754018,1.0151468925467078,1.0305415019852202,1.0603717785816325,1183.1373784630089,1144.2252170803783,38.91216138263053,35.95699875951395,2.9551626231165784,77.19637946771282,0.0226145539388046,0.0163616082925715,0.014030795375671,0.0281416417363654,-0.0180462396152485,-0.0636441556829348,1.217124071121475
2021-10-12,-0.0069631028822215,0.0384271513083542,0.0049026709208077,0.0207538485386387,0.0224589352435369,0.0469966547893088,0.1263906078257546,1.0163860230911523,1.0316278213149657,1.0600852175534412,1190.5299677739883,1150.6669942584522,39.86297351553617,36.73819371071839,3.124779804817777,76.65086870940968,0.0214021244631365,0.0162965934208989,0.0139335062203881,0.0156496662370901,0.0086199542886515,-0.5475548705617691,0.6207887791302936
2021-10-13,0.0057112509729648,-0.0069631028822215,0.0384271513083542,-0.0189138493438854,0.0527765338063892,0.0661035636693301,0.1331413057585917,1.0162681366162236,1.035436010140225,1.0641786664407376,1198.7128949073171,1157.5597349904651,41.15315991685202,37.62118695194512,3.531972964906899,74.82739294327138,0.0168763168807428,0.0157310858702168,0.0139552528551849,0.0186274861987176,0.0059537461820878,0.4905336133089275,0.9304780452662976
2021-10-14,0.0101769777259386,0.0057112509729648,-0.0069631028822215,0.0049026709208077,0.0497589106605467,0.0719063346749202,0.112099484219563,1.008586642039692,1.0303586179663502,1.060630577117821,1206.0238542845568,1164.1282087585323,41.89564552602428,38.47607866676096,3.419566859263327,76.47125797960618,0.0171598397714623,0.0154413358142043,0.0135478292490482,0.0112021079129996,1.851314742019291e-05,-0.1341691699058672,0.7726236458072256
2021-10-18,0.0020222708912538,0.0101769777259386,0.0057112509729648,0.0384271513083542,0.0136078557108831,0.0728692458126234,0.1326264595895716,1.0085373792121732,1.0259072583585136,1.0568780713760422,1212.7212623693845,1170.4562678753773,42.26499449400717,39.2338618322102,3.031132661796967,74.3129941733282,0.0063009175700827,0.0154095554351494,0.0126507454804733,0.0305436369979165,0.0146144381855473,0.5764513097919179,1.2674704350142023
2021-10-19,0.0026663336320849,0.0020222708912538,0.0101769777259386,-0.0069631028822215,0.0298569315477514,0.0687361221747391,0.1409567463712271,1.0116014492158842,1.028250170502228,1.0593657029326675,1220.1100360072678,1177.144565885766,42.96547012150177,39.98018349006852,2.985286631433248,74.35722172564277,0.003645603326468,0.0152983556602999,0.0126129054582876,0.0158683391346866,0.0029554413371017,-0.3502208506850465,0.9260672344213936
2021-10-20,0.0089562013725372,0.0026663336320849,0.0020222708912538,0.0057112509729648,0.0122198292230084,0.0349532088197519,0.1229674768801785,0.9975471195583256,1.0129354993106303,1.0412003365305045,1224.129127522977,1182.2623114393668,41.86681608360982,40.35751000877678,1.5093060748330416,72.20429188873466,0.008619929849836,0.0154243634328931,0.0132502311156359,0.0189786612989328,-0.0154407368935427,0.438920126986082,1.183001710910467
2021-10-21,-0.0115123377597901,0.0089562013725372,0.0026663336320849,0.0101769777259386,-0.026883620096528,0.0244740894249986,0.0789960348316667,0.9739837793557944,0.9814084418930972,1.007435237795104,1221.999004087951,1184.3379420879555,37.66106199999581,39.81822040702058,-2.157158407024774,61.2755293041055,0.0151111594550244,0.0172441792515985,0.0152891749263334,0.047588208186257,-0.038461572032116,0.6389248475874802,1.6125181356987774
2021-10-22,-0.0288475534202161,-0.0115123377597901,0.0089562013725372,0.0020222708912538,-0.0270330047065622,0.0213807730879043,0.0552230543634226,0.9811236272548725,0.9812225609494684,1.0066589585018797,1220.5444923412472,1186.4273299136164,34.117162427630774,38.67800881114262,-4.560846383511844,61.31354633616772,0.0150925611034481,0.0172249446190492,0.0145078564238284,0.0203243356649833,0.0028244791694535,-0.4706389104012741,0.8229753506700135
2021-10-25,0.001868448892905,-0.0288475534202161,-0.0115123377597901,0.0026663336320849,-0.0390752738446076,-0.0259991488220652,0.0479719398191711,0.9793020658986552,0.9741887252354124,0.9945813297256388,1217.4961434594206,1187.4868035947836,30.009339864637013,36.9442750218415,-6.934935157204485,55.05590722985593,0.0144463825308455,0.0118947219071426,0.014728330648977,0.0422784515688796,-0.0291791592323193,0.5595970065676865,1.2179916330436984
2021-10-26,-0.009743519840502,0.001868448892905,-0.0288475534202161,0.0089562013725372,-0.0259165089247244,0.0031666351901047,0.0541108127953702,1.0069703114414577,0.9960603550388304,1.0145816814337727,1219.123520877923,1190.493269749221,28.63025112870196,35.28147024321359,-6.651219114511633,55.664791734578046,0.0190530389951823,0.0141722856072464,0.0150899384615581,0.0247083038488693,0.0167933297662697,-0.4330770093549889,0.6816560777464691
2021-10-27,0.0227727024021637,-0.009743519840502,0.001868448892905,-0.0115123377597901,-0.0270330047065622,-0.0151435141844527,0.0311414460964323,0.9997602950440296,0.9849542888400336,1.0002388932944897,1218.111391163531,1192.126707377751,25.984683785779907,33.42211295172686,-7.437429165946952,57.64226377151613,0.0191549450413896,0.0145915428242,0.01538203398992,0.0216374114758577,-0.0092760255686892,0.0149863930689264,0.7202122635093481
2021-10-28,-0.0126453436216096,0.0227727024021637,-0.009743519840502,-0.0288475534202161,-0.0091134918551262,-0.0357521082988682,0.0279881136032149,0.990603234318828,0.9776891204269686,0.987944345205088,1215.21016451818,1192.6546118659733,22.55555265220687,31.248800891822864,-8.693248239615993,52.858986015499845,0.014848498545389,0.0142506198222881,0.0154959561033683,0.0182597530771708,-0.0081679410660412,-0.0010223014707115,0.8558197159696653
2021-10-29,-0.0109614598205647,-0.0126453436216096,0.0227727024021637,0.001868448892905,-0.0346920609199523,-0.0607872349803852,0.0067481124320722,0.973601022801739,0.9601607111147996,0.9639284953496804,1208.32844750096,1191.0119742393272,17.316473261632837,28.46233536578486,-11.145862104152023,33.9933587658896,0.0175374574497377,0.0154464085384981,0.0164905722748517,0.0372399871346741,-0.0230725921959217,0.439688895034392,1.167328414055623
2021-11-01,-0.0239936060480335,-0.0109614598205647,-0.0126453436216096,-0.009743519840502,-0.0245982720069228,-0.0627123616367558,0.0055870816802687,0.9790064537898252,0.9669633441948128,0.964259226792446,1202.6155072604276,1189.5440010317843,13.071506228643102,25.38416953835651,-12.312663309713408,35.80874114766293,0.0177301476416511,0.0153293886100886,0.0164877970810204,0.0243912505847146,0.0006111446927819,0.0876896513566161,1.306493772253946
2021-11-02,0.0006111446927818,-0.0239936060480335,-0.0109614598205647,0.0227727024021637,-0.0602205701313757,-0.0845763721128383,-0.0216537017847434,0.976810114950148,0.9613285080399792,0.951200923056786,1195.15447143791,1186.9199101712125,8.234561266697483,21.954247884024703,-13.719686617327223,30.42205269193248,0.0088111395909712,0.0145028223253452,0.0165387031240786,0.0210932503227814,-0.0173674062353585,-0.3172887945919137,0.8797967520524343
2021-11-03,-0.0145796141592241,0.0006111446927818,-0.0239936060480335,-0.0126453436216096,-0.054730888419664,-0.080284352761983,-0.0481373396892793,0.9811133141383244,0.9627401742983984,0.9469206611848456,1187.620095874145,1183.9022153639698,3.717880510175064,18.30697440925478,-14.589093899079716,24.630892215002305,0.0091286925097833,0.0144771043904442,0.015764961349734,0.0237558595944518,-0.0089582557777604,0.1343819216908108,0.9644181169287478
2021-11-04,-0.0068777532404799,-0.0145796141592241,0.0006111446927818,-0.0109614598205647,-0.0383860034990845,-0.0471496648239709,-0.0238295205122328,0.9949790004944368,0.9733169022548712,0.9538441921517112,1182.3275999043246,1181.6293751199953,0.6982247843293408,14.785224484269694,-14.086999699940352,26.36331544717565,0.0119802603146767,0.0131062352224226,0.0153696403834209,0.0059627386786454,0.0023667187523044,-0.8577366897342076,0.1579944405493646
2021-11-08,0.0061402532505672,-0.0068777532404799,-0.0145796141592241,-0.0239936060480335,-0.0135239228731226,-0.0477468110368839,-0.02738690168143,0.9989419476434642,0.9793096333755704,0.9563133611480324,1178.069436247169,1179.630868528352,-1.561432281182988,11.515893131179158,-13.077325412362146,25.648287353729728,0.0081120368660358,0.013072515166891,0.0153161675981921,0.0254202158414164,-0.0069261910411281,10.923379040087802,1.6924377813557832
2021-11-09,0.0012405832900841,0.0061402532505672,-0.0068777532404799,0.0006111446927818,-0.0063441015323066,-0.0307863196040983,-0.0559850503210929,1.0081235234067067,0.9901445083196212,0.966625066427517,1175.868624540874,1178.4555567970854,-2.586932256211412,8.695328053701044,-11.282260309912456,24.84740538500698,0.0094044943580651,0.0135143243634609,0.0123931496174115,0.0165959060816341,0.0066666525877416,-0.2288756510673085,1.3007202620082816
2021-11-10,0.0078938446153664,0.0012405832900841,0.0061402532505672,-0.0145796141592241,0.0196337400197428,-0.0417691851294329,-0.0387348177108209,1.0154109504631814,1.005605977709507,0.9793634369137288,1176.0085965165567,1178.331326099732,-2.32272958317526,6.491716526325783,-8.814446109501043,31.845601415643685,0.0070221373033195,0.0113837016543478,0.0127321730219455,0.0213145640911481,0.0131918631189177,-0.3461838379436642,0.8549084218518618
2021-11-11,0.0111829206226932,0.0078938446153664,0.0012405832900841,-0.0068777532404799,0.0285673967185737,-0.0277270107033347,-0.0424506405079089,1.0115467427180775,1.010342523176864,0.9832879216030984,1176.4571875873269,1178.3752603498676,-1.91807276254076,4.809758668552475,-6.727831431093235,40.043964493555706,0.0041824737345256,0.011107011298934,0.0126392593539854,0.0136814489587584,0.0057085701968045,0.0457413929138135,0.9133086424480936
2021-11-12,0.0018236194821896,0.0111829206226932,0.0078938446153664,0.0061402532505672,0.037717330980318,-0.002116490117753,-0.0377929294327178,1.0192041378093757,1.0258124191211275,1.000086762337148,1179.5738064140362,1179.7337751358727,-0.1599687218365488,3.81581319047467,-3.975781912311219,45.42543861815262,0.0059733707409943,0.0119878932066927,0.012934570886625,0.0161004891012803,0.0117834930986363,-0.1874694450294045,0.6629592371056241
2021-11-15,0.0150906800332044,0.0018236194821896,0.0111829206226932,0.0012405832900841,0.0303163511063508,0.0163824322390715,-0.0454006454993805,1.007185254143018,1.018086458803288,0.9965419991158208,1181.1246511003385,1180.4686285980304,0.6560225023079056,3.183855052841317,-2.527832550533412,46.70873935728754,0.0082484258459556,0.008975775983258,0.0129312279384972,0.012491319202171,-0.0085384142166036,-0.4486821624635675,0.4786606344653626
2021-11-16,-0.0059002451269655,0.0150906800332044,0.0018236194821896,0.0078938446153664,-0.0015068878810802,-0.0078414295636716,-0.0700620366338813,0.984073666083705,0.9952115274705362,0.9769678349125837,1178.1840121690364,1179.1013596683151,-0.917347499278776,2.363614542417299,-3.280962041696075,30.403841070633263,0.0152533519956684,0.0119586412859871,0.013688882520602,0.0317724512274678,-0.0210531587656774,1.3603885187358855,1.2369402139542705
2021-11-17,-0.0232368335076333,-0.0059002451269655,0.0150906800332044,0.0111829206226932,-0.0336875836927754,-0.0147152569331499,-0.0980470659998741,0.9695176417602176,0.9753259189320294,0.9610481182938414,1171.8688749302903,1175.9927863682317,-4.123911437941388,1.066109346345562,-5.19002078428695,28.80673627354584,0.0161080545133653,0.0129882134857289,0.0139124036005833,0.0154017829586765,-0.0139858526239668,-0.1001582259919465,1.114301225893884
2021-11-18,-0.0214067583481367,-0.0232368335076333,-0.0059002451269655,0.0018236194821896,-0.0318060657819954,-0.0041472855626728,-0.0840986761875376,0.9794393626824208,0.9794063904700704,0.9689668001368448,1167.1855849770725,1173.4323940620202,-6.246809084947699,-0.3964743399130903,-5.850334745034609,32.882488978824895,0.0163880766489625,0.0129261573261765,0.0139587553432187,0.015748231071162,0.0054064969142904,-0.1662810407615975,0.976292470910516
2021-11-22,0.0037742816610961,-0.0214067583481367,-0.0232368335076333,0.0150906800332044,-0.0884462483823365,-0.0540648738262224,-0.0986653979705367,0.9533748693863664,0.9410600699718168,0.9307659713786732,1155.444762558725,1167.316678891338,-11.871916332613182,-2.6915627384531087,-9.180353594160074,29.12629749479082,0.0183755954035077,0.0186765301033992,0.0157067498300755,0.0414596064258025,-0.0296991206019238,1.836276816812404,2.0453753679810176
2021-11-23,-0.0442930027611139,0.0037742816610961,-0.0214067583481367,-0.0059002451269655,-0.0744627755896786,-0.0464038641324578,-0.091935038637228,0.9774227774066012,0.954269337959804,0.943957368770585,1147.0793123093058,1162.409468302165,-15.33015599285909,-5.219281389334306,-10.110874603524785,32.484102068743454,0.021864422587645,0.0191656980946727,0.0159674003430289,0.0386654708003139,0.022631316873809,0.049853950208808,1.5929623277571283
2021-11-24,0.0093495049297767,-0.0442930027611139,0.0037742816610961,-0.0232368335076333,-0.0661265296732179,-0.0675337722881157,-0.0962409755944817,0.9766329715077604,0.946940531234878,0.9349587089358138,1137.5549221643646,1156.6880837143888,-19.13316155002417,-8.00205742147228,-11.13110412855189,32.67623362618191,0.0214012944297612,0.0188502721008997,0.0160797770894348,0.028217202366014,-0.0120167675723206,-0.335874889875425,0.9896707026947849
2021-11-25,-0.0144391992869148,0.0093495049297767,-0.0442930027611139,-0.0214067583481367,0.0117491276556116,-0.0223342557583793,-0.0631705572243124,1.0329403718968184,1.0062523289608285,0.9945652419088238,1139.5458528590298,1156.2294087488551,-16.683555889825584,-9.73835711514294,-6.945198774682643,50.84149402564952,0.0382532873988276,0.0281338917706889,0.0209212482685261,0.0581038684594142,0.0505477418189843,1.5208792996270697,1.809277985711504
2021-11-26,0.0601980782519673,-0.0144391992869148,0.0093495049297767,0.0037742816610961,-0.0245420227678001,-0.0555675033592196,-0.0817537933021556,1.004701639007524,0.979431806639583,0.9666514393134192,1135.525652539371,1153.0579377882918,-17.532285248920516,-11.297142741898456,-6.23514250702206,43.05163292816445,0.0413179247358388,0.0296526065358481,0.0218324807005892,0.0315427144030561,-0.0223680491535653,-0.6282448518388406,0.6333799048119865
2021-11-29,-0.0322308133285332,0.0601980782519673,-0.0144391992869148,-0.0442930027611139,0.0328926305857308,-0.0584628475713396,-0.0604556016499523,1.010195030270224,0.9973019739637154,0.981319137045245,1134.17583384942,1151.1093372895064,-16.93350344008627,-12.42441488153602,-4.50908855855025,45.32444778327703,0.0348533900721787,0.0294302203875961,0.0220507087823526,0.0413271391304621,0.0009839200162927,0.5431796638461199,0.975842361946872
2021-11-30,0.0119787192147606,-0.0322308133285332,0.0601980782519673,0.0093495049297767,0.0081941605062549,-0.0668787750183466,-0.0515919797792453,0.9936507504300272,0.9895242777686932,0.969358421709886,1130.4705786117688,1148.070991920261,-17.600413308491852,-13.459614566927188,-4.140798741564664,41.22658763874416,0.0360910411460579,0.0295733947954583,0.0216797738270777,0.0361894291220977,-0.0253646708651388,0.3225829724821272,1.2234392800658378
2021-12-01,-0.0147860032624977,0.0119787192147606,-0.0322308133285332,-0.0144391992869148,0.0491621838665541,-0.0202152704169157,-0.0278981833615025,1.009456276903571,1.0169946113583104,0.9956031558848372,1131.7089729178908,1147.363521526283,-15.654548608392131,-13.898601375220178,-1.7559472331719554,44.0462467715328,0.0359342321172383,0.0305222163411911,0.0225663983233363,0.0198216807835778,0.0139745576750969,-0.6859220411945071,0.4049381129293479
2021-12-02,0.0256091162938203,-0.0147860032624977,0.0119787192147606,0.0601980782519673,-0.0040514116756922,0.0076501154269563,-0.0071777149202695,1.0167821918921114,1.022733806365257,1.0023627074662491,1133.8821830639365,1147.2502857737577,-13.36810270982096,-13.792501642140335,0.4243989323193755,44.93212673067116,0.0228923566926081,0.029777789090682,0.0223977814480378,0.0139355995874579,0.0053245358983926,0.2588720395938091,0.6688911170049219
2021-12-03,0.0064247412042577,0.0256091162938203,-0.0147860032624977,-0.0322308133285332,-0.0018030735793477,-0.0263008452743115,-0.0303390537210921,0.9865833747703624,0.99466990243564,0.973726662116978,1130.4244598882349,1144.5952262662106,-14.170766377975951,-13.868154589307458,-0.3026117886684929,37.56807499376487,0.0221464045233782,0.0313279352197178,0.0233446351307525,0.0409010959898935,-0.0360831247324113,0.5111525091445552,0.97531334747
2021-12-06,-0.0300460897831916,0.0064247412042577,0.0256091162938203,0.0119787192147606,-0.0323162141938048,-0.00048654890348,-0.0545251175246256,0.9741796388073696,0.9758615861014048,0.9579075384132698,1124.2575395268236,1140.5762819160514,-16.318742389227737,-14.358272149291516,-1.960470239936221,36.094569377687854,0.0222269756699775,0.0284387866792971,0.0235977988166434,0.0287183439521964,-0.022102714423755,-0.4624911321280536,0.6109995788984668
2021-12-07,-0.0189557067896983,-0.0300460897831916,0.0064247412042577,-0.0147860032624977,-0.009790440176686,-0.0016765041086657,-0.0480025719722474,0.9840281651521176,0.9839753158385386,0.9680693798188724,1120.4061317029857,1137.513104638705,-17.10697293571957,-14.908012306577126,-2.1989606291424426,40.72152302445965,0.0224166173101827,0.0283988586115847,0.0237062820035896,0.0184729586473404,0.0023987873483754,0.0873834499229306,0.8830577337584457
2021-12-08,0.0081478395635676,-0.0189557067896983,-0.0300460897831916,0.0256091162938203,-0.0198216807835778,0.0283660259677498,-0.0410834110587906,1.0030571794331236,0.9962056857383972,0.984876180615916,1119.7209974085358,1135.916041983176,-16.19504457464018,-15.165418760189738,-1.0296258144504409,46.79244515752194,0.0195420856006859,0.0282495925831522,0.023925871668236,0.0105454181495391,-0.00247518459406,-0.2217104540564847,0.70229345547465
2021-12-09,0.0152192632449357,0.0081478395635676,-0.0189557067896983,0.0064247412042577,-0.0106329405746163,-0.0146412738307177,-0.0366485276347333,1.0212018389761706,1.013529104432174,1.0024035081609457,1121.864112440636,1135.748279252362,-13.88416681172589,-14.90916837049697,1.0250015587710788,48.86844649105262,0.021169042982675,0.0207988729500107,0.0240820314258487,0.0203138387515019,0.0088090337187181,0.5111251166204531,1.0529128437172288
2021-12-10,0.0158595300640951,0.0152192632449357,0.0081478395635676,-0.0300460897831916,0.0210526581703451,0.0192116250992753,-0.0374234203021842,1.017950098438574,1.0126241170319268,1.0053848133756826,1123.8550264822209,1135.678410693738,-11.823384211517125,-14.292011538701,2.468627327183878,57.46668027586848,0.0143112791700312,0.0177325223280605,0.0240766913001647,0.0144980977963007,0.0076632206490075,-0.36698193149803,0.8059830584271216
2021-12-13,0.0010177809081228,0.0158595300640951,0.0152192632449357,-0.0189557067896983,0.0199145527555173,-0.0130452243907084,-0.0707454109969601,0.9936701153685998,0.993625050949529,0.988936478594313,1122.0393455751005,1133.92838772279,-11.889042147689452,-13.811417660498693,1.9223755128092392,51.7902941025489,0.0147561492071257,0.0186100356729276,0.0240743494870589,0.029091413235588,-0.0258136515539873,0.5424550960772625,1.184536478951484
2021-12-14,-0.020049217308822,0.0010177809081228,0.0158595300640951,0.0081478395635676,-0.0007137274429589,-0.0104971799138122,-0.0766739163983759,0.9816427874074182,0.9824835915374008,0.9808074728753124,1118.4084989902292,1131.2995325413565,-12.891033551127292,-13.627340838624413,0.7363072874971195,52.17884786393046,0.0160936921113365,0.018419451367234,0.0241508279943352,0.0136966404401843,6.301509561623873e-05,0.0069595301654437,1.1555129159903617
2021-12-15,-0.0122424529955689,-0.020049217308822,0.0010177809081228,0.0152192632449357,-0.0185682712044616,-0.0380218976435217,-0.0574685451178094,0.982414908303492,0.983422490542402,0.9808678996932374,1114.8427984244247,1128.6278223762558,-13.785023951831135,-13.658877461265758,-0.126146490565377,38.59850860160624,0.0136538094980232,0.0158932381397103,0.0237092997926662,0.0184982706459197,-0.0045301402446209,-0.2789937715539586,0.8240031622402587
2021-12-16,-0.0029199599796008,-0.0122424529955689,-0.020049217308822,0.0158595300640951,-0.0213926735926449,-0.0317981471402185,-0.0243912912092483,0.9994719235621398,0.9994137590777444,0.9947919877770688,1114.0053546764364,1127.2034958344962,-13.198141158059798,-13.566730200624567,0.3685890425647695,49.08515318093674,0.0126330261360696,0.016479185567823,0.0235252818789045,0.0194891177570916,-0.0007482128926812,0.0420957942745405,0.914218521071418
2021-12-17,0.0129360500108335,-0.0029199599796008,-0.0122424529955689,0.0010177809081228,-0.0481913117691801,-0.0281532088122921,-0.053713600897656,0.9827753542122424,0.9757851833034964,0.9712045658656856,1108.7918092754942,1123.7156301852974,-14.923820909803226,-13.8381483424603,-1.0856725673429253,40.09411408402643,0.0154161641273198,0.0158440570025751,0.0241634645039894,0.0375996756898851,-0.0240195215486642,1.156461361262187,1.5929619241024755
2021-12-20,-0.026394555577562,0.0129360500108335,-0.0029199599796008,-0.020049217308822,-0.0549042095671551,-0.0360830495895627,-0.0365520423248308,0.9670235301778992,0.952864153754018,0.9467174420153276,1099.9002546333509,1118.3290430679835,-18.42878843463268,-14.756276360894775,-3.6725120737379022,38.07840328924621,0.0168183718949208,0.0169201302542661,0.022860638921153,0.0310668177354434,-0.0174730245619048,-0.3194314573981412,1.0612455022515743
2021-12-21,-0.0269605951230748,-0.026394555577562,0.0129360500108335,-0.0122424529955689,-0.0289477775576154,-0.0296408441773189,-0.0312676552889369,0.9871947412562204,0.9699132569735048,0.962302095174818,1094.7835199962487,1114.5003346549618,-19.71681465871302,-15.748384020458426,-3.9684306382545937,34.710876846779016,0.0203658864074179,0.0175592907353283,0.023033245289455,0.0232773745992613,-4.325781716248174e-05,-0.1039579093618624,0.9531088702135104
2021-12-22,0.0148856559964181,-0.0269605951230748,-0.026394555577562,-0.0029199599796008,-0.0029918182247794,-0.0215045365370489,0.0062514911888666,1.0112359156803603,0.995102454150418,0.9848377984814718,1094.3483187528354,1112.8302885260064,-18.48196977317093,-16.295101171000926,-2.186868602170005,39.35441422337819,0.0243670653029502,0.0187025078402978,0.0234678157818275,0.0210895271960348,0.0177211938018998,0.3756443801420022,1.1673981466851686
2021-12-23,0.0237317157719445,0.0148856559964181,-0.0269605951230748,0.0129360500108335,-0.0160779912413899,-0.0371267136153824,-0.0512244050656227,1.0142233629694417,0.9985751280075986,0.9871074129171684,1093.9197312523993,1111.2548967833393,-17.335165530940003,-16.50311404298874,-0.8320514879512615,45.4698669211057,0.0232533261076892,0.0176542021724097,0.018815119351955,0.0092801674778127,-0.0036857281652917,-0.4862316217142037,0.6052853620874227
2021-12-24,-0.0003591833157393,0.0237317157719445,0.0148856559964181,-0.026394555577562,0.0138221703303937,-0.0350352499585051,-0.0164967089466918,1.0146458751044465,1.0054195179217629,0.9910814508542478,1094.0931379827994,1110.054302577166,-15.961164594366664,-16.394724153264328,0.433559558897663,51.16841076381336,0.0192352479119012,0.0177311022956597,0.017485088623457,0.022947567527075,0.0011814682035946,-0.1307158931797657,0.6382740196256562
2021-12-27,0.0031920984826796,-0.0003591833157393,0.0237317157719445,-0.0269605951230748,0.0407929833160369,-0.0163509327559712,-0.0291828555598806,1.0055660955101753,1.0060184965849643,0.9914916445288252,1094.0588083111668,1108.855464987538,-14.796656676371184,-16.075110657885702,1.2784539815145166,48.618389424212886,0.0108422036608671,0.0167412331643997,0.0172292376162668,0.0126146874734613,0.0036839898155171,-0.4906199129803433,0.3902397149226416
2021-12-28,-0.0010747301414038,0.0031920984826796,-0.0003591833157393,0.0148856559964181,0.0377068840240939,0.0076675759753583,-0.00291009186297,1.0100397476856402,1.017178449627124,1.003413877539403,1096.0284079640162,1108.707742103623,-12.679334139606908,-15.395955354229944,2.716621214623036,47.6074768997105,0.010445913781338,0.0167622884190322,0.0171653342453554,0.0132588070657906,0.0095975942659835,0.5868207963560899,0.7081443926422807
2021-12-29,0.0118763756163804,-0.0010747301414038,0.0031920984826796,0.0237317157719445,0.0153840684704233,0.0123462239092229,-0.0261451005960592,1.0086739957056683,1.0176527739391483,1.0064872321734644,1097.9861018108984,1108.71112550104,-10.725023690141596,-14.461769021412277,3.7367453312706775,42.853378687572224,0.0052047122547004,0.0167091775040539,0.0160863081483365,0.0153590678227721,0.0048097053896423,1.4198036806312793,1.8030316642425293
2021-12-30,0.001709529527019,0.0118763756163804,-0.0010747301414038,-0.0003591833157393,-0.0026001780346407,-0.0186363636363636,-0.0498419089435144,0.9909644619042024,1.0011691531568634,0.9908739470797286,1096.561200480616,1107.2306156983009,-10.6694152176849,-13.703298260666802,3.033883042981902,38.06619305823917,0.010960492009317,0.0171904944999711,0.0164042733957933,0.0251578990919099,-0.0170416873129709,0.901625782350464,2.32666989366991
2021-12-31,-0.0180645890060759,0.001709529527019,0.0118763756163804,0.0031920984826796,-0.0019597298916997,0.0118353527183292,-0.0166510592504091,0.9951548324594548,1.0038298504992664,0.9955135671970718,1095.9980740845597,1106.1691537137044,-10.171079629144742,-12.996854534362392,2.8257749052176493,44.512038571559486,0.0110179674482802,0.0148766320917599,0.0150992366452163,0.0100922099790864,-0.0020438327213873,-0.6769087801656357,0.7332230099987143
2022-01-03,0.003836265949263,-0.0180645890060759,0.001709529527019,-0.0010747301414038,0.0141756769318723,0.0555469284004848,0.0174595762388993,1.0073122266651937,1.0135278593690755,1.0096455304700136,1098.056269267464,1106.4067232736847,-8.350454006220843,-12.067574428734083,3.71712042251324,53.08351790849385,0.0129480931480533,0.0115860541619537,0.0148527845799331,0.0184703781718574,0.0164269972436385,-0.4279365725856231,0.4105290803184401
2022-01-04,0.0150749845527398,0.003836265949263,-0.0180645890060759,0.0118763756163804,0.0248915704346346,0.0635370380182851,0.0320129023975779,1.02491720634382,1.0300236455985243,1.030780602336396,1103.6495693380944,1108.4812415294534,-4.831672191359075,-10.620393981259085,5.788721789900007,59.83548537147248,0.0154458141198844,0.0124977690553816,0.0155530021567955,0.0231886874457191,0.0174675438996019,1.0008311182783125,0.7692866298829508
2022-01-05,0.0225679744445732,0.0150749845527398,0.003836265949263,0.001709529527019,0.0279291610131908,0.0437428936089627,0.0212976864180636,1.0239824763461842,1.0303738023553004,1.0344859813482783,1109.1988618557914,1110.795221468244,-1.5963596124524884,-8.815587107497764,7.219227495045276,57.96557293143193,0.0153432282377917,0.010884588105737,0.0152460521651701,0.017836926688192,0.003086855466362,0.0733872567601252,0.8725406551350869
2022-01-06,0.0046784127895196,0.0225679744445732,0.0150749845527398,-0.0180645890060759,0.0243313331828651,0.0216678893501287,-0.0162632817878055,0.9972186095685018,1.0060680449202029,1.0130907289378528,1110.124322411631,1111.1225647275407,-0.9982423159096924,-7.25211814918015,6.253875833270458,59.457773818695216,0.0166875640060704,0.0136113650948824,0.0156347287023261,0.0186220505709603,-0.0141563261470269,0.2407810053287526,1.3935201882546702
2022-01-07,-0.0215014353212191,0.0046784127895196,0.0225679744445732,0.003836265949263,0.0286510375688984,0.0266351593824465,-0.0093332600427071,0.9996676298382002,1.0115250079819305,1.0217574497999982,1112.2919071247456,1112.0922727511952,0.1996343735504524,-5.761767644634031,5.961402018184483,72.12998622301885,0.0167254671505047,0.0137365044187853,0.0157546317646663,0.0190886468167093,0.0020773701790529,-0.0924252783645414,1.1818531998692186
2022-01-10,0.008069540652875,-0.0215014353212191,0.0046784127895196,0.0150749845527398,0.0142064088610809,0.0285834712553298,0.0117651720829305,0.9976919700396224,1.0095154446475876,1.0219886779153788,1114.2680132101214,1113.0585189681206,1.209494242000801,-4.3675152673070645,5.5770095093078655,69.40743164760181,0.0159410222225796,0.0136913652446888,0.0150569283466353,0.0167965716836247,-0.0057096791731822,-0.2947948519365487,0.7796857216090395
2022-01-11,0.0008209948837936,0.008069540652875,-0.0215014353212191,0.0225679744445732,-0.0010373277661974,0.0238284219512812,0.0316787041623238,1.0050836713973983,1.0143820259930263,1.0277213638644778,1117.1861591645738,1114.5531443715236,2.633014793050279,-2.967409255235596,5.600424048285875,65.46241479522507,0.0122648109200754,0.0134282419160804,0.0148032809178189,0.0162692415949253,0.0080254665859099,0.7525289748344577,1.2531979424097766
2022-01-12,0.0071985617197738,0.0008209948837936,0.008069540652875,0.0046784127895196,0.0208535539650145,0.0493651372445917,0.0623208341915459,1.0275817448414222,1.0363829148520998,1.0519002622420628,1124.309393541899,1118.1778879452766,6.131505596622446,-1.1476262848639878,7.279131881486434,72.01578003014617,0.017334466309659,0.0154496754866844,0.0157700608966767,0.0237793699843473,0.0201513152127691,-0.0866836028317886,1.0912869035296089
2022-01-13,0.0266945470491688,0.0071985617197738,0.0008209948837936,-0.0215014353212191,0.0491620033459445,0.074689513612157,0.054661209040294,1.023458025445259,1.034725522357364,1.0549332476793272,1131.3449525883375,1122.019564937756,9.325387650581431,0.9469765022250964,8.378411148356337,72.53184946981122,0.0099135019068783,0.0131802155895013,0.015615226004818,0.0128584621843444,0.005572577425905,-0.1988947357112713,0.9089620050325996
2022-01-14,0.005632502724973,0.0266945470491688,0.0071985617197738,0.008069540652875,0.0422823766352304,0.072144848165607,0.0848340606087867,1.0164985637119366,1.0290600853631358,1.0521266476615567,1137.5608132478242,1125.7031561923668,11.857657055457366,3.1291126128715505,8.728544442585816,73.32409597590001,0.0105995178051516,0.0132708858708744,0.0140387218433634,0.0163253102419428,0.0015778647343579,0.6809192970192748,1.3832863970982474
2022-01-17,0.0014593678520917,0.005632502724973,0.0266945470491688,0.0008209948837936,0.0468621485737572,0.0617343002775854,0.1207103794354433,1.0125404476153446,1.0282457634327995,1.051627470126421,1143.7611366003223,1129.5668420328627,14.194294567459565,5.342149003789154,8.852145563670412,72.1781524345232,0.0099818926401981,0.0129729283769877,0.0119750185166782,0.010970713913583,0.0056145898253081,-0.596769591999589,0.5673141660569936
2022-01-18,0.0052185861801694,0.0014593678520917,0.005632502724973,0.0071985617197738,0.0269796775321811,0.0259143629973563,0.0910979228826243,0.9952287148291108,1.0133775047386409,1.0345931203248269,1146.8456236978689,1132.1033946774194,14.742229020449486,7.22216500712122,7.520064013328265,65.983378244864,0.0138692276567825,0.0126861891776639,0.0123959748147082,0.018478835704128,-0.0128975447028292,-0.2266452625306214,0.5107783005361775
2022-01-19,-0.0119306008579287,0.0052185861801694,0.0014593678520917,0.0266945470491688,0.0001983992298206,0.021056090523881,0.0657200384604506,0.9951105109453118,1.0111841690613206,1.031221717956802,1149.4413766025236,1134.4452185959904,14.996158006533278,8.776963607003633,6.219194399529645,74.62125250180547,0.0071311980155486,0.012690214025416,0.011561102629009,0.0130869265212503,-0.0033201480198244,0.5696604151002354,0.8742436779104079
2022-01-20,-7.929570311693279e-05,-0.0119306008579287,0.0052185861801694,0.005632502724973,-0.0228178027019797,0.0252224317511828,0.0474368379616376,0.9821718910076214,0.9910573089876586,1.0108471930443714,1148.5031299617508,1135.1042967323986,13.398833229352247,9.701337531473357,3.697495697878893,64.96850680070536,0.0096685794992128,0.0119013980105637,0.0124451447231079,0.0221801350036684,-0.0090398495255777,0.6907909755383765,1.364722933416208
2022-01-21,-0.0175087468208398,-7.929570311693279e-05,-0.0119306008579287,0.0014593678520917,-0.0240842757965445,0.0171797604184695,0.0442725054578143,0.9871164940172544,0.989560646116581,1.0088482946494175,1147.7376243907122,1135.72822614111,12.009398249602327,10.162949675099153,1.846448574503176,61.21893454107694,0.0094819141114561,0.0117562982261289,0.0124533575021052,0.0202796266691261,0.0105423402338369,-0.1913301208658456,1.238724215823957
2022-01-24,0.0001614304273294,-0.0175087468208398,-7.929570311693279e-05,0.0052185861801694,-0.068312196025869,-0.0246513037316757,0.0032275476920333,0.960643505018491,0.951929206045168,0.9680033033058012,1139.9934533606506,1132.8891362562358,7.104317104414804,9.551223160962282,-2.446906056547478,39.32091495164889,0.0166174736539106,0.0177837360852907,0.0156802848257331,0.0629337017465701,-0.0392322283603475,0.6395234010421189,1.6157912728282615
2022-01-25,-0.0403373223270924,0.0001614304273294,-0.0175087468208398,-0.0119306008579287,-0.058906323454725,-0.0335159195339587,-0.0104861290554179,0.9704123008347408,0.9532081825814972,0.9666051577064176,1133.110540013099,1130.101386652186,3.009153360912705,8.242809200952367,-5.2336558400396616,36.93205014784185,0.0174944949269152,0.0174705110262507,0.0154451136741492,0.0352470513495665,0.0100871084140405,0.1207771552865144,1.4255472115826004
2022-01-27,-0.001955526782541,-0.0403373223270924,0.0001614304273294,-7.929570311693279e-05,-0.0727713255747454,-0.0725873641198717,-0.0268055120672806,0.9706049138669334,0.946043777244575,0.9535393320778353,1124.7908746024295,1126.3185220737832,-1.5276474713537027,6.288717866491154,-7.816365337844856,38.82233240663782,0.0161885487802765,0.0141832227202088,0.0157641136609358,0.0192677451366806,0.0008989415950659,-0.1831797816460532,1.040209865148371
2022-01-28,-0.0148109882332617,-0.001955526782541,-0.0403373223270924,-0.0175087468208398,-0.0571555531639936,-0.0786691917305548,-0.0098554417850146,0.9812063331387572,0.9528228536788376,0.9530736117543412,1117.5914146275366,1122.738956347253,-5.147541719716401,4.001465949249643,-9.149007668966044,34.9827310211781,0.0171802979394707,0.0136525319178872,0.0152591336103388,0.0203351175923713,-0.0123256163786812,-0.2673620762709854,0.776843816552386
2022-01-31,-0.0009622785888149,-0.0148109882332617,-0.001955526782541,0.0001614304273294,-0.0368262434968555,-0.0600235858884712,0.0077908697868569,1.010269487725021,0.979614300746566,0.9734142612049173,1115.102816583877,1121.1594430877342,-6.05662650385716,1.9898474586282824,-8.046473962485443,43.27577412873967,0.0226889153779049,0.0164440482233021,0.016024707760129,0.0210341672359654,0.011185490779546,-0.1720814683829334,0.6514083753413479
2022-02-01,0.0217265905176464,-0.0009622785888149,-0.0148109882332617,-0.0403373223270924,0.0003363773032083,-0.067998797394936,-0.0104623552942442,1.006857139760622,0.9833767986831372,0.9706899512050936,1112.43617608179,1119.4268660679252,-6.990689986135067,0.1937399696756123,-7.184429955810679,39.68592736484568,0.0132949505546913,0.0160102377709811,0.015668641088504,0.0308991653331189,-0.0121677985689556,0.0870268105648015,0.780702038162911
2022-02-02,-0.0033101712595519,0.0217265905176464,-0.0009622785888149,-0.001955526782541,0.0043400122041945,-0.0548219654132281,-0.0303282787278186,1.008031101436962,0.9910460506233124,0.974150907483368,1110.5241389261782,1117.9884266977317,-7.464287771553472,-1.3378655785702047,-6.126422192983267,27.946143367752853,0.013257697667451,0.0161315823802516,0.0147284612528704,0.0133833596060042,-0.0097423933397216,-0.2411132782834358,0.7150381967656522
2022-02-03,0.0020389352567999,-0.0033101712595519,0.0217265905176464,-0.0148109882332617,0.0062657843780984,-0.0669615106316068,-0.0473153677372006,0.9937739680844584,0.985156151980816,0.9638645215196788,1106.719456194747,1115.603632214335,-8.88417601958804,-2.847127666773772,-6.037048352814268,22.210366099183403,0.0127124515061722,0.0161629319671764,0.0148691071537032,0.0230581342718269,-0.0164088839683161,-0.0444066402127995,0.8030575220155802
2022-02-04,-0.0129219371531078,0.0020389352567999,-0.0033101712595519,-0.0009622785888149,-0.0019479262093573,-0.0589921445733325,-0.0352576381625063,0.985092389630258,0.9821851479037736,0.9567467124222956,1101.9771600494014,1112.662217328088,-10.6850572786866,-4.414713589156337,-6.270343689530263,20.0028880403042,0.0135716031281898,0.0157572240031382,0.0142739959190037,0.0117316985502615,-0.0041435415348458,0.1554817750512673,0.987682004861672
2022-02-07,-0.0091169896373418,-0.0129219371531078,0.0020389352567999,0.0217265905176464,-0.0291209066457891,-0.0648747365436577,-0.0488095085562195,0.984876864477217,0.9828590688152724,0.9532449208188256,1096.9562598254552,1109.4532611255445,-12.497001300089096,-6.031171131342889,-6.465830168746207,16.1313647817,0.0056882562554978,0.0156112022253793,0.0141144313454935,0.0223555954741779,-0.0106319263181992,-0.0313503701799825,0.9817762271956582
2022-02-08,-0.006090952659306,-0.0091169896373418,-0.0129219371531078,-0.0033101712595519,-0.0095220367023913,-0.0091888623962099,-0.0336136486900082,1.003364329010754,1.0003077862163905,0.9709053639233391,1095.4732429893274,1107.813512182217,-12.340269192889536,-7.292990743652218,-5.047278449237318,26.69756621437901,0.01179715924902,0.0118960893544519,0.0147453837601126,0.0212220361326184,0.0108982007249578,0.1256601938295203,1.1287204372568542
2022-02-09,0.0168097329191496,-0.006090952659306,-0.0091169896373418,0.0020389352567999,-2.0973747858921143e-05,0.004318947430014,-0.0293417255984804,1.015058744269264,1.011522072053889,0.9836776064936104,1096.167338418854,1107.233612263627,-11.06627384477315,-8.047647363876406,-3.018626480896744,31.96655968455244,0.0132804769929708,0.0125186255950471,0.0149178778899034,0.0122508122226468,0.0052085000811544,-0.0476437438193613,1.046187727797086
2022-02-10,0.0116508957037251,0.0168097329191496,-0.006090952659306,-0.0129219371531078,0.0120285712294185,0.018369724041217,-0.055551049926416,1.0115770769785382,1.008643882437247,0.9855146227604006,1096.580709130857,1106.6129186179417,-10.032209487084629,-8.44455978851805,-1.5876496985665778,35.87339585810835,0.011288233035699,0.0113495910224281,0.0133805563463325,0.0128514097269728,-0.0061150251860426,0.0851686258975426,1.0784806370773026
2022-02-11,-0.001027846175085,0.0116508957037251,0.0168097329191496,-0.0091169896373418,0.0193455028337612,0.0173598930124008,-0.0626749874699685,1.0057473876436809,1.0049478072741964,0.9868351068890936,1096.6003311035138,1105.8792396057331,-9.278908502219338,-8.61142953125831,-0.667478970961028,35.3162686350028,0.0098119165477018,0.011381431705303,0.0132366506537629,0.0170005589792073,0.0013273036810414,0.2791031739683554,1.2720218712155575
2022-02-14,-0.0019529397074856,-0.001027846175085,0.0116508957037251,-0.006090952659306,0.0092572594384228,-0.0201332269952684,-0.0789483444039771,0.987934668825242,0.9909551340269156,0.975176003367895,1093.9295845515308,1103.905998043503,-9.976413491972153,-8.88442632340108,-1.0919871685710731,43.05628550224741,0.0128317497030067,0.0102185983209882,0.0134867883918494,0.0179385278230019,-0.0007264145558693,-0.3276432147030396,0.8551820413026222
2022-02-15,-0.0159274569206456,-0.0019529397074856,-0.001027846175085,0.0168097329191496,0.0262728382950698,0.0165006306621569,-0.0526201897740638,1.0161631122389316,1.022899381455541,1.011117089557402,1097.307116916199,1104.7932237381972,-7.486106821998192,-8.604762423120503,1.1186556011223114,56.24127016955537,0.0187386758039448,0.0152412986249045,0.0158463900679622,0.0364772344644393,0.0283898164937593,0.0459939253517354,0.9067868106159844
2022-02-16,0.0339526427480263,-0.0159274569206456,-0.0019529397074856,0.0116508957037251,0.0123557941360166,0.0123345612408469,-0.0431636090621143,1.0115578926213502,1.0195161403397914,1.011327914970903,1099.8100296682742,1105.443803446826,-5.633773778551813,-8.010564694206765,2.3767909156549525,61.411833215173786,0.018587188039336,0.0152876497229141,0.015692792977472,0.0153545963431832,-0.0070164236496549,-0.0731164768858374,0.8556171393132943
2022-02-17,-0.002067863736936,0.0339526427480263,-0.0159274569206456,-0.001027846175085,0.0262278247473231,0.0385718792349076,-0.0309724626981684,1.019029335197593,1.0284804628655957,1.025811059027033,1104.0969181327705,1107.0905442794683,-2.993626146698034,-7.007176984705019,4.013550838006985,65.10877312821123,0.0189251500549236,0.0147693164075403,0.0160334348908486,0.0183752562267317,0.0096690007241968,0.2367410640402432,1.051446386545834
2022-02-18,0.0126607921257693,-0.002067863736936,0.0339526427480263,-0.0019529397074856,0.0201986056908134,0.0399348607082044,-0.0214131269415425,1.0070322928343518,1.016458128153551,1.0189273386774318,1106.36819680345,1107.962372813744,-1.5941760102939495,-5.924576789822805,4.330400779528856,55.82256273106782,0.0196570345222933,0.0146472993446208,0.0156647328147137,0.0149521536973214,-0.0081819524602288,-0.4728604091789378,0.6520650036857708
2022-02-21,-0.0078165931868586,0.0126607921257693,-0.002067863736936,-0.0159274569206456,0.0262341793556439,0.0357342953985162,-0.0314586941446934,0.991800775970036,1.0027053249991662,1.010285346869578,1106.550546033208,1107.9320834791613,-1.3815374459534269,-5.0159689210489296,3.634431475095503,53.10669247663265,0.0182949128079404,0.0150058225397966,0.0157935808113712,0.0220425747469601,-0.0050165465433422,0.6393272602383484,1.06103295184192
2022-02-22,-0.0101056078295358,-0.0078165931868586,0.0126607921257693,0.0339526427480263,-0.0119729999547111,0.0139852736486418,0.004667902497301,0.9896642142902178,0.9967788852683028,1.0054618230950427,1105.9309345341085,1107.5314159095244,-1.6004813754159386,-4.332871411922332,2.732390036506393,50.78472654922936,0.0089475982509629,0.0144280867211158,0.0129261039689334,0.0204060754202701,0.0153427804000477,0.2149706951162189,1.2352627726847365
2022-02-23,-0.0045418985706945,-0.0101056078295358,-0.0078165931868586,-0.002067863736936,-0.0161213889085292,-0.003964787335053,0.0003370363868897,0.986650972032726,0.9909319178407512,0.9991529849906786,1104.3451995637167,1106.6493597107865,-2.3041601470697515,-3.927129158951816,1.6229690118820643,53.21364747611724,0.0091065280766423,0.01413415235162,0.0130013980614433,0.0162380315238995,-0.0112657344467682,-0.4583062922816699,0.7091558520086377
2022-02-24,-0.0062578409850718,-0.0045418985706945,-0.0101056078295358,0.0126607921257693,-0.0768365189016738,-0.0526239489062981,-0.0352209122844489,0.9523477433450256,0.9465035611821868,0.9510127251559972,1094.6041224373278,1101.7885329353348,-7.184410498007082,-4.57858542676287,-2.6058250712442126,41.17920277596086,0.0191832767374747,0.0211126923262532,0.0168910391967527,0.0427796193362111,-0.021366609220846,2.398943381152951,1.9553721551303171
2022-02-25,-0.0498304857003332,-0.0062578409850718,-0.0045418985706945,-0.0078165931868586,-0.0579318356704335,-0.0389033722852721,-0.0222188376535653,0.9758260471527368,0.9620682870930816,0.9639564050131216,1088.3638886068254,1098.2517973504257,-9.887908743600292,-5.640450090130354,-4.247458653469938,46.25212249240867,0.0230381725203944,0.021841073356743,0.0171858078818092,0.013879435770738,0.0016885995516789,-0.413599459082009,1.021330593987665
2022-02-28,0.0125014906597633,-0.0498304857003332,-0.0062578409850718,-0.0101056078295358,-0.0168132578602322,0.0089798394731537,-0.0113341806686086,1.0116143207771786,0.9930347648162504,0.9964325923074324,1088.4512726312562,1097.5614334552552,-9.110160823998967,-6.334392236904077,-2.7757685870948903,50.3654174574103,0.0306170857514906,0.0241797094688882,0.0181385582084117,0.052700680340742,0.0519615736079937,0.4617238096486575,1.3062838968420314
2022-03-02,0.0331004478780254,0.0125014906597633,-0.0498304857003332,-0.0045418985706945,0.0039975114785211,-0.0080233506809411,0.0083448896349564,1.0274935071583575,1.0102731076404072,1.0124778821992564,1091.2942183682744,1098.2554324527823,-6.9612140845081285,-6.459756606424888,-0.5014574780832408,51.53430216190504,0.0317807260364941,0.0220916908161449,0.018510412152093,0.0299348013128401,0.027458301310149,0.0081859580721557,1.199593644776468
2022-03-03,0.0165286143312113,0.0331004478780254,0.0125014906597633,-0.0062578409850718,0.0017902367919062,-0.0143600132201834,-0.0022025764418203,1.0184479708679623,1.003207952027484,1.0040412208648717,1092.262043697434,1098.2057769383405,-5.943733240906113,-6.356551933321133,0.4128186924150201,49.72945516845494,0.0319237381736972,0.0222308366838982,0.0186149931032296,0.0188369641848442,-0.0090416485184917,-0.5255751896931163,0.5513937507891263
2022-03-04,-0.0084425694206886,0.0165286143312113,0.0331004478780254,-0.0498304857003332,0.0309432238330142,-0.0482708646715838,-0.011560883399353,0.9899411862571508,0.9858620802947003,0.9823358835343398,1089.3357241742713,1096.3565317426762,-7.020807568404962,-6.4894030603378985,-0.5314045080670633,45.43003033270893,0.0217358237053608,0.0225415970281276,0.0190643519221007,0.0188986793661048,-0.011665885583559,0.0607572701317438,0.6897374903066109
2022-03-07,-0.0221797076033732,-0.0084425694206886,0.0165286143312113,0.0125014906597633,-0.019440011757189,-0.0762456518610738,-0.0393556506395477,0.956950000123195,0.9569029864135468,0.9478453695602992,1080.7536130633257,1091.7043443508576,-10.95073128753188,-7.381668705776695,-3.569062581755185,41.81141308913719,0.0284385136327384,0.0247658317198098,0.0206836295743391,0.0402313349296752,-0.0171807623750009,0.6642480283725196,1.0999644907758652
2022-03-08,-0.0369804788222006,-0.0221797076033732,-0.0084425694206886,0.0331004478780254,-0.0525735578491413,-0.068502882924626,-0.0352164897801883,0.965454365380136,0.9619294381847066,0.9477678148470432,1073.2042666425257,1087.258308571396,-14.05404192887022,-8.7161433503954,-5.337898578474819,32.76007893994925,0.0202973143456464,0.0248122787173908,0.0206590320172596,0.0295236516490592,0.0108523556594954,0.1838406833892092,1.3023113126956083
2022-03-09,-0.0018084630685905,-0.0369804788222006,-0.0221797076033732,0.0165286143312113,-0.0185320337266075,-0.0146086042656287,-0.0008276359452664,1.0205930557307843,1.0144861852619922,0.9980910117080584,1075.2369560893487,1087.1959707547646,-11.959014665415909,-9.364717613399502,-2.5942970520164046,45.42200877783196,0.0342605714989776,0.0312434582530472,0.0237204237628386,0.056433502930249,0.052817451647182,-0.041107173935692,1.2651461507605288
2022-03-10,0.053053015389137,-0.0018084630685905,-0.0369804788222006,-0.0084425694206886,0.0058654826041324,0.0076662199987989,0.003671037731787,1.0358795739525084,1.0301187564977146,1.014077727100368,1079.6655704169489,1088.4424136039488,-8.77684318699994,-9.24714272811959,0.4702995411196493,46.05981653853756,0.0350936939911946,0.0316310931424872,0.0238573655008689,0.0188107104742554,-0.0032291995464572,-0.1192175868712742,1.0161562492144502
2022-03-11,0.0162057527219889,0.053053015389137,-0.0018084630685905,-0.0221797076033732,0.0316483526482627,0.0635708785412183,0.0076015789706385,1.0322875920657602,1.0267498440898757,1.0166126267036668,1083.9027557975144,1089.8324033659248,-5.9296475684104735,-8.583643696177766,2.653996127767293,48.02161158420705,0.032534193184214,0.0260853721187,0.0238606213242545,0.0145677480270096,0.009722016584826,-0.3182932748284488,0.6815371945999162
2022-03-14,0.0028842934597765,0.0162057527219889,0.053053015389137,-0.0369804788222006,0.0800606317006851,0.0590642403219467,0.0178630699066832,1.0249494570683777,1.029238714035067,1.0240392827449567,1088.8867669248198,1091.7928792740045,-2.906112349184696,-7.448137426779153,4.542025077594458,51.49600241892912,0.0219224380172469,0.0260106207668955,0.0239104828854405,0.020836395209476,0.0133855204993833,-0.3195406571185476,0.5194600058025319
2022-03-15,0.0082112472853534,0.0028842934597765,0.0162057527219889,-0.0018084630685905,0.0572355637654933,0.0016529286936985,0.0106476112011824,0.9907317815354968,1.0054988007306076,1.000058210886121,1089.1706199399916,1091.7142816628514,-2.5436617228597243,-6.467242285995267,3.923580563135543,48.11537434970523,0.0274655947753525,0.0255662718728844,0.0242216760629972,0.0368529228255425,-0.0265656069141238,0.9094094029286348,1.0628716308879862
2022-03-16,-0.0229033803112616,0.0082112472853534,0.0028842934597765,0.053053015389137,0.0209209604664128,0.0020012187948488,-0.0060381883662727,1.0033146929383354,1.022264951413078,1.017255489858338,1092.2436983927332,1093.0054926421076,-0.7617942493743612,-5.326152678671086,4.564358429296725,52.08452358101776,0.016258627769119,0.0255911927284226,0.0232745020263214,0.0128154797850479,0.0089630616279889,-0.2998876223810605,0.8491329974654627
2022-03-17,0.016882076936636,-0.0229033803112616,0.0082112472853534,0.0162057527219889,0.0373916593212235,0.0434764620526442,0.0284921262626178,1.028342988367268,1.050968888008296,1.0488922912151872,1100.4068523659666,1096.8794709070442,3.527381458922491,-3.555445851152371,7.082827310074862,67.04384520994822,0.020397441715906,0.0272373045338655,0.0243806499887707,0.0331627574040227,0.0201212946753444,0.921294032517811,1.5501737616569322
2022-03-21,0.0326003802942971,0.016882076936636,-0.0229033803112616,0.0028842934597765,0.0284476423010544,0.0609963159648725,0.0097811063798831,1.0166670165173326,1.0386734936397837,1.0423219039816012,1106.2988307579812,1099.977636907564,6.32119385041733,-1.580117910838431,7.901311761255761,64.13436894723455,0.0212394420278281,0.0259062882339829,0.024292126665569,0.0182377888116219,0.0095744465547587,-0.4398557041425167,0.8715748616106325
2022-03-22,-0.0057622134880752,0.0326003802942971,0.016882076936636,0.0082112472853534,0.0464271185995852,0.1302047347433959,0.0440315380064137,1.0333713236437525,1.0525889523557266,1.0668468364464527,1115.8106054430514,1105.025616855962,10.7849885870894,0.8929033887471354,9.892085198342263,63.46728942861591,0.0231181179213119,0.0215041929907537,0.0248259664315424,0.0321395030327768,0.0288810376026673,0.8798390695052596,1.3579721397921405
2022-03-23,0.0258369478839,-0.0057622134880752,0.0326003802942971,-0.0229033803112616,0.0743615613397461,0.1358532509910022,0.0580440287188095,1.021991762885957,1.0427668725757668,1.067107051061188,1124.430563379697,1109.9748550170943,14.45570836260299,3.605464383518307,10.850243979084684,61.60191026935601,0.0158153921927559,0.0211904327113502,0.0246494571182674,0.0164815292452401,0.0064208404051341,-0.31453019264696,0.9360737639968032
2022-03-24,0.0031802800690501,0.0258369478839,-0.0057622134880752,0.016882076936636,0.0729398166720429,0.095386748159479,0.0793846766378032,1.023428092711205,1.0492916319440613,1.0793846467606911,1134.5253242119074,1115.9060886298328,18.61923558207468,6.608218623229582,12.011016958845095,66.01902037135575,0.0157771353769505,0.0160005665815112,0.0247299842076065,0.0287553592158099,0.027350528588815,-0.148356826883545,0.7781827723884299
2022-03-25,0.0155363971184148,0.0031802800690501,0.0258369478839,0.0326003802942971,0.0459966669267299,0.0851082179475894,0.0934268962688804,1.0210033841644293,1.0476113851571416,1.081563634854395,1144.2882551023831,1121.9859616942897,22.302293408093878,9.74703358020244,12.555259827891431,72.91454577581328,0.0120766786229058,0.0158242813824137,0.0246131914536882,0.0150240149469812,0.0051693991970229,0.0800577691854038,0.9186529524448894
2022-03-28,0.0066702151153863,0.0155363971184148,0.0031802800690501,-0.0057622134880752,0.0626368086083279,0.0928663204355517,0.1623407925537485,1.0188819617340652,1.0487150123749711,1.0841672578143948,1154.402299089036,1128.5077083106848,25.89459077835113,12.97654501983218,12.91804575851895,86.08227044381793,0.0088546501822171,0.0157129911326714,0.020999339120024,0.0164953318829178,0.0045786202886824,-0.3045222467405141,0.6567885895394019
2022-03-29,0.0100545268093541,0.0066702151153863,0.0155363971184148,0.0258369478839,0.036110019946113,0.0842136227243699,0.1482518766972906,1.011926815789644,1.0404776679283405,1.0768766474920324,1163.0029294575495,1134.566870397625,28.436059059924677,16.06844782785068,12.367611232073994,86.76038788122393,0.0059719873329761,0.0159600611395233,0.0210327322724093,0.0116679761528941,-0.0058566724554908,-0.1220611915938494,0.7068441273853165
2022-03-30,0.0002288005865689,0.0100545268093541,0.0066702151153863,0.0031802800690501,0.0526741624439723,0.1309526567453156,0.1328220408428646,1.0208372621405648,1.0476097470657513,1.0905549186665726,1173.8587926239363,1141.9001422229169,31.958650401019668,19.24648834248448,12.712162058535188,84.7899781986686,0.0074432220955465,0.0118618761373335,0.0203490214754507,0.0265249981371296,0.0125194079930872,0.820754450824585,1.279711465250952
2022-03-31,0.0192179795316711,0.0002288005865689,0.0100545268093541,0.0155363971184148,0.0217555671375353,0.0962822308881865,0.0984761314930986,1.001954610326637,1.0233568405840767,1.0698145173881335,1180.3323084522249,1147.3843276514276,32.94798080079727,21.98678683414704,10.961193966650228,76.45645146489227,0.0124846385511926,0.0143924263171921,0.0207094523447695,0.0155992102362093,-0.0113323622290456,-0.1636671926534716,1.069304869896445
2022-04-01,-0.0142914071553815,0.0192179795316711,0.0002288005865689,0.0066702151153863,0.0231137750909731,0.0701735986319818,0.116700960482647,1.0053906279757767,1.02462160641144,1.072339546144188,1187.3080019836134,1153.1835860777107,34.12441590590265,24.414312648498164,9.710103257404487,77.16400815523154,0.0125602278696522,0.0118504507849981,0.0204766033424909,0.0162471351667469,0.00753034489672,-0.4008583667619046,0.7133406371349313
2022-04-04,0.0080083702834456,-0.0142914071553815,0.0192179795316711,0.0100545268093541,0.0159232295344029,0.0795574184235039,0.1454064438198861,1.0051849903743657,1.019926027019446,1.0682167772107565,1193.767866161615,1158.8216255638524,34.94624059776265,26.520698238351063,8.42554235941159,76.57656623053876,0.0121914953828414,0.0111159636406486,0.0194172701695804,0.012520155600541,0.0031068175470345,0.0007928934932752,0.7400558600558601
2022-04-05,0.0029557629509584,0.0080083702834456,-0.0142914071553815,0.0002288005865689,0.0013345665029051,0.0374927776720575,0.1725792495870368,0.990715512867506,1.001869401144883,1.0450193316579972,1196.5607530381935,1162.7549592894468,33.80579374874674,27.9777173404302,5.828076408316537,79.64546804798998,0.0145397089408891,0.0110719216687023,0.0172449333779117,0.0187353785663304,-0.0094488886600764,0.658418632385112,1.132883265520482
2022-04-06,-0.0141344903609608,0.0029557629509584,0.0080083702834456,0.0192179795316711,-0.0201650151854859,0.0314469719729209,0.1715723963402671,0.992109513458038,0.9961641495263456,1.0343401230477025,1198.4269698183753,1166.1576409798115,32.269328838563524,28.836039640056867,3.4332891985066567,76.30484416319206,0.0100372057435089,0.0112576821259665,0.0172719787151658,0.018098088813543,0.0123496954443845,-0.0678831805941807,1.12486921341938
2022-04-07,-0.0026655756178799,-0.0141344903609608,0.0029557629509584,-0.0142914071553815,-0.0234936355989231,-0.0022491858279649,0.0929230198093782,0.9792007766815148,0.9788077575715324,1.0117241968703414,1196.7258780073753,1167.7289174292237,28.99696057815163,28.86822382767582,0.1287367504758094,62.0616393093754,0.0109624913143543,0.0120641184927852,0.0146150042091259,0.0151583222421371,-0.0085738002407896,0.2642756939484214,1.3651949676319317
2022-04-08,-0.0176399809404502,-0.0026655756178799,-0.0141344903609608,0.0080083702834456,-0.0151363586928592,0.0076275580075908,0.0933849438244984,0.998545513002532,0.9943414683745878,1.0240564268973764,1198.3252922081638,1170.6469287539107,27.67836345425303,28.630251752991263,-0.9518882987382328,68.24164801194597,0.0137788555340123,0.0130612943158584,0.0146333305097217,0.0248504764609135,0.0217383060940224,-0.0221988205206866,1.1840617276099656
2022-04-11,0.0166352521770991,-0.0176399809404502,-0.0026655756178799,0.0029557629509584,-0.0200847989980935,-0.0044813843282897,0.0879687664342363,1.0005520194702149,0.9927130983154296,1.0177180937876311,1199.291698575177,1173.162484667973,26.129213907203848,28.130044183833785,-2.0008302766299337,61.35612129429011,0.0134166078539328,0.0126675809351064,0.0147055303286248,0.0212819234425129,0.0039231596639407,-0.3892617024457028,0.7084801861538262
2022-04-12,-0.0020835810897723,0.0166352521770991,-0.0176399809404502,-0.0141344903609608,-0.0247519606545567,-0.0234504272892223,0.0587883499986878,0.9866281998443008,0.9763038628973882,0.9957939343033448,1196.6197748460631,1173.8115001989336,22.808274647129565,27.06569027649294,-4.257415629363376,52.807422386106815,0.0144312364877927,0.013936502592228,0.0155485501730017,0.0184299780125079,-0.0100308483400881,0.4282951681769884,1.0108683083158043
2022-04-13,-0.01882999227818,-0.0020835810897723,0.0166352521770991,-0.0026655756178799,-0.0257345329511459,-0.0453806108888805,0.0796293342958107,0.9881383672841084,0.9772392987404658,0.9885221484824714,1193.691510957486,1174.091097189406,19.60041376807999,25.572634974810352,-5.972221206730364,46.24062144137748,0.0143990100548587,0.0117155670736724,0.0144174112962976,0.0184586885682639,-0.0088755238271757,-0.2166411630670351,0.8156128899516315
2022-04-18,-0.003670400171529,-0.01882999227818,-0.0020835810897723,-0.0176399809404502,-0.0112715887657919,-0.0345004137656306,0.0584600403186355,0.9873353930436894,0.9776555303774054,0.9828255825702776,1190.6599443678729,1174.0833365179687,16.57660784990412,23.773429549829107,-7.196821699924985,42.56504901367542,0.0125919937207709,0.0112075816216188,0.0141622425079391,0.0149379825680731,0.0042833973996366,-0.0367010213695169,0.8605456447782902
2022-04-19,-0.0030568733521064,-0.003670400171529,-0.01882999227818,0.0166352521770991,0.0096151745863781,-0.0056667228379149,0.0641092214600804,1.0229671605834376,1.0155028611864565,1.0171564135847784,1194.9782236598346,1177.390404906684,17.587818753150714,22.536307390493427,-4.948488637342713,52.24109649696592,0.0212854934195199,0.0171134295124226,0.0148086019457054,0.0442858278980422,0.0323690138305115,1.6209377290905036,1.8959221365482373
2022-04-20,0.0381115440348305,-0.0030568733521064,-0.003670400171529,-0.0020835810897723,0.0414718477848916,0.0205540950599589,0.1017467442244643,1.0442884658920712,1.0431664088843182,1.042026802605262,1204.1452983251486,1183.1069829865128,21.03831533863581,22.236708980121904,-1.198393641486092,59.63623837995527,0.0241990120507034,0.0195643966430573,0.0157447264741891,0.0312310810429496,0.0230890602212942,-0.0409145193410405,1.4790091314135996
2022-04-21,0.0294039579616069,0.0381115440348305,-0.0030568733521064,-0.01882999227818,0.0863122413908314,0.0594238835333622,0.0991446276591465,1.0508920440794869,1.0612363330341472,1.061320345742764,1216.421209460222,1190.5760005951508,25.845208865071072,22.95840895711174,2.8867999079593325,60.68315793561415,0.019171024409643,0.0196824774439769,0.015584254238606,0.0204881600406768,0.0113417494938255,-0.1341566210278778,1.163987389667851
2022-04-22,0.0234141158406948,0.0294039579616069,0.0381115440348305,-0.003670400171529,0.0811827982068638,0.053359063860197,0.086484016818831,1.0260339512816117,1.0467684260088193,1.0480419297641432,1225.154222007207,1196.6952443300008,28.45897767720612,24.05852270113062,4.400454976075501,62.5063133569032,0.0204988293454725,0.0200401015879394,0.015861236791651,0.0209511312531292,-3.624051275148327e-05,-0.3065360679320527,0.7684527512721122
2022-04-25,-0.0083749555287275,0.0234141158406948,0.0294039579616069,-0.0030568733521064,0.0594178446831625,0.0474765224067521,0.045120553057429,0.9911622874196356,1.0178434119318225,1.021547251807254,1228.01389022605,1200.180194041089,27.833696184961127,24.813557397896723,3.020138787064404,53.63408915133138,0.0262864206031413,0.0208012685761407,0.0167476876526358,0.0351576520539595,-0.0172841537602083,0.133455589732907,0.8122241492964847
2022-04-26,-0.0231260243349481,-0.0083749555287275,0.0234141158406948,0.0381115440348305,0.0510640910608819,0.0611702557979052,0.0692643934799337,1.0107975247617262,1.0420064921588663,1.0485447566417123,1236.1597588270904,1206.1640341960317,29.99572463105892,25.849990844529163,4.145733786529757,59.15446652244087,0.0244343658537995,0.0220269507286091,0.0178360024482091,0.0314520956072348,0.0242251092290387,-0.2833902637926088,0.6709214902967002
2022-04-27,0.029925795498656,-0.0231260243349481,-0.0083749555287275,0.0294039579616069,0.0220346800111701,0.0644203466914736,0.0596502700310979,1.0073858634302335,1.036477353586613,1.0464733448403554,1243.244123604894,1211.79693017283,31.44719343206407,26.969431362036147,4.4777620700279215,63.20902620346397,0.0220544689695515,0.0219206297694673,0.0177759639865088,0.0262566607726367,0.0081644836706007,0.5815728856185636,1.132354680374987
2022-04-28,0.0009727796100513,0.029925795498656,-0.0231260243349481,0.0234141158406948,0.0135688959125981,0.1010522991228448,0.0752321522406334,1.0196418085714214,1.0418999253617784,1.0581725861575384,1252.185081752218,1218.4312576831758,33.75382406904214,28.326309903437345,5.427514165604794,66.43207304740531,0.0205150431505241,0.0201155888854851,0.0179564302677828,0.0230154668379617,0.0035231936995943,0.3244815578099012,1.434190011930383
2022-04-29,0.0149369055095898,0.0009727796100513,0.029925795498656,-0.0083749555287275,0.0113998760107683,0.0935081480513975,0.0438840802808564,1.0066490625862483,1.021953564038106,1.0447655176010682,1257.6489078167806,1223.562272015672,34.08663580110874,29.478375082971624,4.608260718137117,68.28733967783823,0.0208253588725646,0.0207319456153985,0.017841276406254,0.0282591314796947,-0.0230730192128527,-0.288872961882365,0.9850262545149316
2022-05-02,-0.0104970159681162,0.0149369055095898,0.0009727796100513,-0.0231260243349481,0.0317068801966093,0.0930086793626816,0.0552994276752434,0.9969665504906592,1.009615213302563,1.0382639233103756,1261.576344474776,1227.9781960214557,33.59814845332039,30.302329757041377,3.2958186962790137,64.67758243601449,0.0161210425102117,0.0207622653830321,0.0174727091822643,0.0170656029212156,0.0066799233406205,-0.4802592520327631,0.5577846436511368
2022-05-04,-0.0035122351864727,-0.0104970159681162,0.0149369055095898,0.029925795498656,-0.0295426534984377,0.0200128688140197,0.0142327385953442,0.971556426061629,0.9762236261963344,1.0051420147658778,1258.736755871685,1229.0997384313246,29.63701744036075,30.169267293705254,-0.5322498533445028,56.49161909096632,0.0169502226066463,0.0215674441548537,0.0189969681434633,0.0422103864525334,-0.0328007719638825,1.033130643415669,1.0474056395627422
2022-05-05,-0.031218000210811,-0.0035122351864727,-0.0104970159681162,0.0009727796100513,-0.0494718650277626,-0.0285272817320351,-0.0085595391325986,0.962069470904401,0.9598037149220492,0.9858776115225094,1252.588778405849,1228.3349357581708,24.25384264767831,28.986182364499868,-4.732339716821556,56.1769800830497,0.017365363426176,0.0202213718242015,0.019528280573728,0.0371085166128416,-0.0303286112674212,-0.1058305788859529,0.9587659965782352
2022-05-06,-0.0195830936922203,-0.031218000210811,-0.0035122351864727,0.0149369055095898,-0.0706420677581226,-0.0580317067099853,-0.0020562925573994,0.9687525495683011,0.9580657715085475,0.978416704498794,1245.9488994864396,1226.934537956061,19.014361530378665,26.99181819767563,-7.977456667296966,55.24954359144432,0.0110539916511728,0.0180304516013251,0.0193389024473969,0.0249747493022308,0.003234808344238,0.141730632318825,1.1725691607288662
2022-05-09,-0.0076678120759551,-0.0195830936922203,-0.031218000210811,-0.0104970159681162,-0.09746438422886,-0.0871755901137667,-0.0384681341335004,0.9500186916365324,0.928814731796376,0.9419760738800286,1233.0636946976604,1222.1390216896398,10.92467300802059,23.778389159744627,-12.853716151724036,48.30064122231949,0.0151065542025992,0.0208969496710548,0.0212296077836712,0.0357781390489903,-0.0220003897328706,-0.0797048419670117,1.0808008961614248
2022-05-10,-0.0390551863626146,-0.0076678120759551,-0.0195830936922203,-0.0035122351864727,-0.1099822408899418,-0.0817625544289846,-0.0381678337696133,0.9555998094617932,0.9201939177731028,0.927351810714003,1219.0616704533086,1216.2065413503608,2.855129102947785,19.59373714838526,-16.738608045437473,38.10580761851815,0.012289879939178,0.0205353935234749,0.0212176257844882,0.0277211336260183,-0.0081563816774438,0.0789617663414097,1.0411368895057362
2022-05-11,-0.0173331756418801,-0.0390551863626146,-0.0076678120759551,-0.031218000210811,-0.0907133221932334,-0.1175760634464243,-0.0635979655252476,0.9640029057173668,0.9219557815795648,0.9207219772243552,1205.413961537415,1209.846913287371,-4.432951749956146,14.78839936871698,-19.221351118673127,29.17280706063434,0.0123507920613292,0.0155502028015193,0.0208410303100793,0.025721718733801,-0.009443292162475,-0.1469775253044625,0.9134966546906258
2022-05-12,-0.0102438326757291,-0.0173331756418801,-0.0390551863626146,-0.0195830936922203,-0.0914460481777015,-0.1363939066526946,-0.0807601027143919,0.9626634204289902,0.916242189982532,0.9055518828273093,1190.3230065172356,1202.252531110992,-11.92952459375624,9.444814576222337,-21.374339169978576,19.742259676032347,0.0123687296690042,0.0149772666347258,0.0211935482385905,0.02702755140782,-0.0115756896026259,0.2311010178564529,1.0855270445793492
2022-05-13,-0.0203731381967723,-0.0102438326757291,-0.0173331756418801,-0.0076678120759551,-0.074046542029606,-0.1394578089484186,-0.0524980420504459,0.9889755873838124,0.9407559272211308,0.91814677311795,1179.4849267886225,1196.1505279384185,-16.665601149795975,4.222731431018673,-20.888332580814648,23.895951114067174,0.0182283340355257,0.0142160701771779,0.0211551379994869,0.0258180165292859,0.0002472809993118,-0.0576634694985989,1.026642970112633
2022-05-16,0.0113361116537327,-0.0203731381967723,-0.0102438326757291,-0.0390551863626146,-0.036175168595761,-0.1301137622930601,-0.0487723111896865,0.9966207626623924,0.9544219918611044,0.9205411700727004,1170.356855870421,1190.521041855596,-20.16418598517498,-0.6546520522200576,-19.509533932954923,26.63585434949364,0.0130814848524474,0.0149649549810472,0.0211616776006226,0.0265120246321797,-0.0029780420869959,-0.3040517116101288,0.7516233505091798
2022-05-17,0.0002473288700046,0.0113361116537327,-0.0203731381967723,-0.0173331756418801,0.022023310336247,-0.0903811035762898,-0.0057786512965806,1.033854746370796,1.004436056041646,0.9594741542888388,1169.8715350454042,1188.7937254594638,-18.922190414059514,-4.308159724587949,-14.614030689471566,29.26478912349279,0.0240172067736558,0.0231206772342617,0.0233596565773675,0.0426626127242156,0.038622638875839,0.2317262705490459,0.9574976203750208
2022-05-18,0.0420030363036734,0.0002473288700046,0.0113361116537327,-0.0102438326757291,0.0363573236686594,-0.0576540921406126,-0.0387950471091944,1.0301159811584102,1.01434594309103,0.9648393410536944,1170.1140865949094,1187.5088658044804,-17.39477920957097,-6.925483621584553,-10.469295587986416,30.029941464041627,0.0226358233470204,0.0220323749809496,0.0216027967728264,0.0243267782024347,-0.0005119035542458,0.0437993918254828,0.9921704347476924
2022-05-19,0.0036376296693869,0.0420030363036734,0.0002473288700046,-0.0203731381967723,0.0335291254023177,-0.0609830287922802,-0.0877706304810851,0.999846748999176,0.9973876828910544,0.9468970010395648,1166.1658144084329,1184.3193436991717,-18.15352929073879,-9.1710927554154,-8.982436535323387,22.48744347799285,0.023471134496236,0.0223003976239142,0.0207894147707863,0.0187309533513302,-0.0016707437855305,-0.1491984505453213,0.9042892866800174
2022-05-20,-0.0230465201751096,0.0036376296693869,0.0420030363036734,0.0113361116537327,0.0815338314065152,0.001449991102832,-0.0566658610655649,1.0415310650351846,1.05538407330087,1.0051358606689424,1173.0915702746836,1186.309261020645,-13.217690745961365,-9.980412353524594,-3.237278392436769,38.68876468119216,0.033134707247022,0.0301477792496548,0.0243961654615221,0.0542589492676536,0.0445572239112121,0.482612154008152,1.3009443576130375
2022-05-23,0.0583100106161518,-0.0230465201751096,0.0036376296693869,0.0002473288700046,0.0740359201851641,0.0351824896945625,-0.0550601547199992,1.020017744111629,1.0446048216706247,1.001327128794891,1177.7057878285784,1187.5518331209676,-9.846045292389135,-9.953538941297502,0.1074936489083668,38.28394353642327,0.0341019343742599,0.0269961862451073,0.0243781696450723,0.0232268470191353,-0.0093481879882187,-0.3001105258542719,0.8912070173995291
2022-05-24,-0.0066870502991681,0.0583100106161518,-0.0230465201751096,0.0420030363036734,0.0342803350986711,0.0570586118932268,-0.02936920039632,1.0166221081318316,1.042293815770787,1.0062945072208769,1182.245567465528,1189.0083162578403,-6.762748792312323,-9.315380911500467,2.5526321191881447,44.13096095634701,0.0306055144706988,0.0259704263404505,0.023917284411271,0.0154060367055968,0.0033946689756395,-0.1130901925586558,0.8193754370858625
2022-05-25,0.003433152753584,-0.0066870502991681,0.0583100106161518,0.0036376296693869,0.0290149442979386,0.0664271736876662,-0.0589591353468257,1.0093477054889544,1.034056188884321,1.0079863535342426,1185.813575866264,1190.225301873579,-4.411726007314883,-8.334649930663351,3.9229239233484687,47.64620647133262,0.0308356809753935,0.0255100512889472,0.0227681228245327,0.0211332822613189,-0.00872865705625,-0.0601186384973541,0.8151673260344893
2022-05-26,-0.0014717629809394,0.003433152753584,-0.0066870502991681,-0.0230465201751096,0.0432486853539237,0.0782279013509585,-0.0688358143762348,0.9915071955376537,1.0166441457360602,1.0020751897971354,1187.0647625118388,1190.50093055424,-3.43616804240105,-7.354953553010891,3.918785510609841,47.28801839475251,0.028113596548342,0.0244377284653265,0.0227978973528832,0.0335897606823485,-0.0142127092760363,0.4064226762674303,1.1015136201842275
2022-05-27,-0.0095329138542037,-0.0014717629809394,0.003433152753584,0.0583100106161518,-0.0188039463362928,0.0611967272798621,-0.08679544316982,0.99065545294699,1.0060575672467675,1.0021774318854335,1187.2714456830945,1190.3459137076295,-3.074468024535008,-6.498856447315715,3.424388422780707,55.37674093452103,0.0049910284951573,0.0247032333009581,0.0223895696172389,0.0252611078698035,-0.0069223614655551,-0.076056830930147,1.0884167381508134
2022-05-30,-0.0046384715863965,-0.0095329138542037,-0.0014717629809394,-0.0066870502991681,0.0222102742138936,0.0978905524880482,-0.0449601178821781,1.0206168729270444,1.0315268618432616,1.0396247995197436,1193.815040127282,1193.268794882643,0.5462452446388397,-5.089836108924804,5.636081353563644,66.55639556280869,0.0175880803224591,0.0261519455847451,0.0239674946402293,0.0299459202242162,0.0190440575965534,-0.1615167268461218,0.9297613001578152
2022-05-31,0.034833659290181,-0.0046384715863965,-0.0095329138542037,0.003433152753584,0.0064223671570857,0.0409228631540283,-0.0531568939556239,1.0070074996608576,1.015015177020366,1.0300517138945091,1197.0692692302962,1194.876108542957,2.193160687339514,-3.6332367496719407,5.826397437011455,65.7774629652728,0.0191268431124012,0.0242475243128168,0.0240714389157599,0.0239682170647002,-0.0033126065106136,4.097713427420478,2.683306577647673
2022-06-01,-0.0120647440618008,0.034833659290181,-0.0046384715863965,-0.0014717629809394,0.0082312357182747,0.0374850088620823,-0.0223302474333565,1.0056785598059284,1.011631771622753,1.0315982305780824,1199.8832067765968,1196.393423708756,3.48978306784079,-2.208632786169394,5.698415854010184,72.00186547499011,0.0190756594544189,0.0242798753967919,0.0231015618311975,0.0148092229306118,-0.0003036372611115,-0.8615562362472067,0.3799691525483697
2022-06-02,0.0003229172590333,-0.0120647440618008,0.034833659290181,-0.0095329138542037,0.0530323261636462,0.0985745899054082,0.031580184058739,1.0295646132700238,1.0367760037881382,1.0654261684967832,1208.711026978034,1200.9023581070658,7.808668870968177,-0.2051724547418802,8.013841325710057,74.99159535486254,0.022410864942031,0.0239869674734373,0.0239452507495962,0.0361377491175063,0.0342824818906544,1.2631271243119944,0.8324544241230195
2022-06-03,0.0344788206939414,0.0003229172590333,-0.0120647440618008,-0.0046384715863965,0.0793755598103425,0.0590790397069627,0.0606146948917336,1.0344442238038778,1.051578176949506,1.0836478780568668,1220.0999104477594,1206.9643145088571,13.13559593890227,2.46298122398695,10.67261471491532,77.09164327171113,0.0208973672947664,0.0175818893621555,0.0241758535926674,0.0271092202695876,0.0129372656698462,0.0819477253793843,0.8530585301609066
2022-06-06,0.0202620377849154,0.0344788206939414,0.0003229172590333,0.034833659290181,0.0385582061590574,0.0616248687049396,0.0989754747076423,1.0221791289688895,1.040731627405748,1.0737717262526163,1228.8882129870462,1212.168726541766,16.71948644528038,5.314282268245637,11.405204177034744,71.27811220281251,0.0191308126421065,0.0174074001152709,0.0221405247701765,0.0224747773539145,-0.0044784595979081,-0.5366228552287695,0.4032197409376469
2022-06-07,-0.0042993107475346,0.0202620377849154,0.0344788206939414,-0.0120647440618008,0.0532163423059588,0.0599804843520905,0.120461499423131,1.013609825760488,1.036571093969909,1.0696037873364816,1236.6936659469718,1217.1653880739732,19.52827787299861,8.157081389196232,11.371196483802382,71.0715464429368,0.0163339602603636,0.017441084147761,0.0215308304617049,0.0140834254456185,0.0010289439301475,0.1140436009530925,0.7792605478223554
2022-06-08,0.0018789033909718,-0.0042993107475346,0.0202620377849154,0.0003229172590333,0.0343839052299725,0.0428981629771103,0.1121749403877387,0.9892578492721504,1.0141169927201146,1.0452782828222826,1239.8405914383031,1220.1271135233549,19.71347791494827,10.46836069434664,9.245117220601632,72.34629231508774,0.0205440545494407,0.0188871123153534,0.0218794347637756,0.0237513742209834,-0.0175637387281893,0.0097906217342174,0.7609575602000254
2022-06-09,-0.0175637387281893,0.0018789033909718,-0.0042993107475346,0.0344788206939414,0.0273281041510045,0.0818097032474207,0.16643740599357,1.0109191972258802,1.0337809525417418,1.065776346469474,1247.8070667038046,1225.4230814597036,22.38398524410104,12.85148560429752,9.532499639803522,68.28962984427059,0.0183001025679253,0.0194714247980165,0.0215056166812457,0.0332290801611534,0.0327490931578953,0.3845627742051807,1.1198045547152269
2022-06-10,0.0274223721719595,-0.0175637387281893,0.0018789033909718,0.0202620377849154,-0.0234753900669534,0.0540367975150584,0.1185403999555265,0.9850406846333372,0.9974423359153628,1.0279682984424248,1248.5484374512962,1227.4381107265774,21.11032672471879,14.503253828381771,6.607072896337016,59.87671386226802,0.0217399232899853,0.0227280079053185,0.0231060292127489,0.0325688845854295,-0.020798010279915,0.047154625410305,1.2687618985936429
2022-06-13,-0.0301920248733268,0.0274223721719595,-0.0175637387281893,-0.0042993107475346,-0.0378132772016639,-0.0007130831804978,0.0971076652010414,0.9738017574823954,0.9786403103597724,1.0040390638848715,1245.529886527299,1227.5484622612985,17.981424266000204,15.19888791590546,2.782536350094743,54.015519653758304,0.0226612412452063,0.02133538773055,0.0237401017771464,0.0212174432327308,0.0048678419197557,-0.0261013934792777,1.1320106458115524
2022-06-14,-0.0189187519344128,-0.0301920248733268,0.0274223721719595,0.0018789033909718,-0.0521684489563114,-0.0017283206875826,0.0391238146354615,0.97135207963611,0.9660125353387314,0.9890727738646232,1240.5049310279069,1226.4609965961097,14.04393443179697,14.967897219083763,-0.9239627872867936,51.30510631126229,0.0220977625285058,0.0214014038109776,0.0223651087668459,0.0222214349466354,-0.0082829305753974,-0.1649465691206013,0.91751441001464
2022-06-15,-0.0130684487131057,-0.0189187519344128,-0.0301920248733268,-0.0175637387281893,-0.0468971299099816,-0.0141257311503915,0.0228297745543351,0.9687469694547488,0.9556305131229306,0.9760406928959982,1233.9952518853922,1224.366998077995,9.628253807397186,13.899968536746448,-4.271714729349261,50.73752154930205,0.0217918864961508,0.021740527578825,0.0225859520293315,0.020375139994146,-0.0081182894740432,-0.2391397572648996,0.7094581441091768
2022-06-16,-0.0120999672699121,-0.0130684487131057,-0.0189187519344128,0.0274223721719595,-0.0853059543767855,-0.0603091002316906,0.0323205448508143,0.9725298376806618,0.948002434939388,0.9609465194434724,1225.9097631638415,1221.187188975574,4.722574188267345,12.064489667050626,-7.341915478783282,48.8348797652738,0.0074860529672702,0.0179766260749243,0.0221571047418776,0.0410351843955268,-0.0240182781660239,0.528419588702103,1.0866473262232377
2022-06-17,-0.0139814330041732,-0.0120999672699121,-0.0130684487131057,-0.0301920248733268,-0.0457769771160428,-0.0681777347891112,-0.0131265701828853,0.9933038272997032,0.9658898936316498,0.9728366033881368,1221.1981912768565,1219.268474673564,1.9297166032922632,10.037535054298951,-8.10781845100669,43.64268275685325,0.0120235155499164,0.0167479160498392,0.0179564429765137,0.0265443299276504,0.0117187294160483,0.4292857278522162,1.4369791262237233
2022-06-20,0.0117187294160483,-0.0139814330041732,-0.0120999672699121,-0.0189187519344128,-0.0450072546205431,-0.0811186600271547,-0.0244927180959091,0.9843467897124726,0.9563880106993852,0.9563484398838638,1213.8780368496475,1215.8868978458927,-2.008860996244948,7.628255844190173,-9.63711684043512,42.571714526056525,0.0118689605010852,0.017076026516586,0.0183417142603079,0.0377500241307922,-0.023781131707634,-0.5066154991577732,0.7584857992751954
2022-06-21,-0.0181273642939566,0.0117187294160483,-0.0139814330041732,-0.0130684487131057,-0.0167420639601474,-0.0680371054073305,-0.0121375195914859,1.003654838843364,0.9787701760781564,0.9723663606330424,1210.598610807875,1214.1591104186505,-3.560499610775423,5.390504753197054,-8.951004363972476,46.160418607749314,0.0159290132073641,0.0185519722898844,0.0187225113681272,0.0251924721371669,0.0094141017588426,-0.0287357117220087,0.7655055072208488
2022-06-22,0.0161420438281754,-0.0181273642939566,0.0117187294160483,-0.0120999672699121,-0.034934327425486,-0.0801931376438769,-0.0407351129550594,0.9800707892452492,0.9569549738410726,0.9447188903486822,1202.250206741279,1209.8757677487506,-7.62556100747156,2.7872916010633317,-10.412852608534893,32.670344627532046,0.0200313014876921,0.0197751706635598,0.0198855624663337,0.0228687992257319,-0.020523059774567,-0.0940988386652649,0.6987512648291069
2022-06-23,-0.0303781189268687,0.0161420438281754,-0.0181273642939566,-0.0139814330041732,-0.0371289412568439,-0.1192675758647149,-0.0472151176058256,0.9713935165241968,0.9535866284544624,0.9315371980236792,1192.3000171825245,1204.520079368056,-12.22006218553156,-0.2141791562556472,-12.005883029275914,24.48696747640261,0.0202526422007532,0.0153802111589618,0.0200762687398511,0.0324550708519771,-0.0199201444194432,0.8315857298049976,1.241663161470919
2022-06-24,-0.0162236949005393,-0.0303781189268687,0.0161420438281754,0.0117187294160483,-0.034729672497447,-0.0789168301903266,-0.0291444454487932,0.9922605469175998,0.9752468218883066,0.946143765631578,1186.3727383972323,1200.7610146058391,-14.38827620860684,-3.048998566725886,-11.339277641880956,29.08849845910551,0.0208687912280595,0.0161062147515497,0.0203980275757717,0.0171996462860778,0.0080846595608637,-0.2677158555887403,1.045682672628174
2022-06-27,0.0142397161242304,-0.0162236949005393,-0.0303781189268687,-0.0181273642939566,-0.0198187652689667,-0.0639340316747848,-0.064601524572634,0.9932973688351788,0.9788610009814652,0.9464261783224248,1180.831939250783,1197.0274241865409,-16.195484935757804,-5.67829584053227,-10.517189095225534,28.17856456948047,0.0199032672939922,0.0156972441815561,0.0185424825178301,0.025434835827728,-0.0205505300393755,0.0866765953424641,1.0821600042440147
2022-06-28,-0.0029599947353419,0.0142397161242304,-0.0162236949005393,0.0161420438281754,-0.021825860287553,-0.0382025142987809,-0.0398648087905834,1.0118125204453865,0.996554184104234,0.9616501721606108,1178.632114912922,1194.7685839545518,-16.136469041629653,-7.769930480751746,-8.366538560877906,34.37075883373218,0.0193964290055938,0.0167406133856375,0.0188013914782652,0.0205126724017681,0.0183714690909183,-0.122891107057281,0.925196744388659
2022-06-29,0.0140613126714488,-0.0029599947353419,0.0142397161242304,-0.0303781189268687,0.029753328727812,-0.0062204112254495,-0.0202582745192255,1.0266801882707102,1.0178808984019307,0.9826017010704148,1180.4946771618957,1194.4700791824553,-13.975402020559612,-9.01102478871332,-4.964377231846292,31.960722425874337,0.0152037331211498,0.0180910305863083,0.0194694337511178,0.0372072181422952,0.0290961759989753,0.4149681345409699,1.1719161500460604
2022-06-30,0.0207501089079082,0.0140613126714488,-0.0029599947353419,-0.0162236949005393,0.0530234662366351,0.0139258198166567,-0.0472231340781651,1.022215348053342,1.0225576432936143,0.9909321286259658,1183.1712021898732,1194.723561453662,-11.552359263788958,-9.519291683728447,-2.033067580060509,38.95512387858962,0.0091249009832237,0.0175285362773805,0.0177124525054487,0.0192244433275737,0.0060659434394115,0.2034773909034588,1.3499658872074136
2022-07-01,0.0060074640177509,0.0207501089079082,0.0140613126714488,0.0142397161242304,-0.0365393295136349,-0.0700000030637971,-0.1334052962087879,0.9554655446505316,0.9557347023964886,0.9261158328545844,1172.162497856575,1188.5673438662382,-16.404846009662833,-10.896402548915326,-5.508443460747508,31.100390959936448,0.0375073234761313,0.0286147327157365,0.0228192878160221,0.0942416316883158,-0.0645462143403935,2.5476699024127547,2.673309299664462
2022-07-04,-0.0720244056637574,0.0060074640177509,0.0207501089079082,-0.0029599947353419,-0.0316731306683373,-0.050864173595255,-0.127856800016974,0.9634836502623771,0.962659386312751,0.934394536838514,1163.202439592583,1183.0380679606371,-19.83562836805413,-12.684247712743089,-7.151380655311042,33.32038301126266,0.0377044197482228,0.028442833224446,0.0229016237035119,0.0314454946439823,0.0146072760192104,-0.4895221539958664,1.1643588124651283
2022-07-05,0.0020758049303415,-0.0720244056637574,0.0060074640177509,0.0140613126714488,-0.0373659553721918,-0.0583762715382806,-0.1224416244056741,0.978667007160368,0.9763305282143334,0.9481937161419198,1157.0089039641568,1178.5866894456133,-21.57778548145643,-14.462955266485755,-7.114830214970674,37.0687723779372,0.0370060903585219,0.0278922876074085,0.0230639649749293,0.0196445088851037,0.0042302691691747,-0.5783973989223686,0.4800157038143158
2022-07-06,0.0080996137092135,0.0020758049303415,-0.0720244056637574,0.0207501089079082,-0.0652287572586772,-0.0374162011880894,-0.1146088162599788,0.983372943953026,0.9713979592352008,0.9456065868205316,1150.2488201812096,1173.7334798107531,-23.48465962954356,-16.26729613909732,-7.217363490446239,37.966057267350045,0.0336722987170391,0.0265685811338317,0.0229204942733796,0.0223686415472432,-0.003408949569187,0.3567905213067113,0.6349137430481997
2022-07-07,-0.0087948237888215,0.0080996137092135,0.0020758049303415,0.0060074640177509,-0.0799607097917362,-0.0311770375510006,-0.1467262037243645,0.9904526096999524,0.9648187549525488,0.9438934894085244,1142.8425075511675,1168.4278730163223,-25.58536546515461,-18.130910004308777,-7.454455460845832,33.431834500674185,0.0321558075113265,0.0263038631059216,0.0215503035064093,0.0243917378221574,-0.015581852839062,-0.026841812339483,0.6172558389720951
2022-07-08,-0.0098471681426799,-0.0087948237888215,0.0080996137092135,-0.0720244056637574,-0.0071822433298445,-0.0434591384878031,-0.11894631122587,0.9932465837584163,0.9704116915714454,0.9512671829965512,1136.8099275132477,1163.628085185831,-26.81815767258331,-19.868359537963684,-6.949798134619627,36.595085440609616,0.0076827600970426,0.0256831838689416,0.0209625333505254,0.0148240067435443,-0.0110008120105361,-0.184151706922178,0.7558094700472222
2022-07-11,0.0013818514261612,-0.0098471681426799,-0.0087948237888215,0.0020758049303415,0.0042259664118791,-0.0275810138428216,-0.0897516801049568,1.005892891954976,0.9863517093703388,0.968800519077926,1134.0129412191422,1160.2948578832925,-26.28191666415023,-21.151070963200997,-5.130845700949237,35.6219960411722,0.0102786554218641,0.0262926281952306,0.0211753416348911,0.0242583518454599,0.0199453242944714,-0.2715734702822309,0.708312788931309
2022-07-12,0.0135903964885077,0.0013818514261612,-0.0098471681426799,0.0080996137092135,-0.00526047973288,-0.0424298722541367,-0.0790114587514336,1.0055293312101856,0.9892651588361469,0.9714527873094384,1131.40129356163,1157.0905892582568,-25.689295696626917,-22.05871590988618,-3.630579786740736,41.16793648093632,0.0094573000975886,0.0256592077174259,0.0210864379404159,0.0147493615017491,0.0068427646217042,-0.2215912845287878,0.5930255328699384
2022-07-13,-0.0014234249433069,0.0135903964885077,0.0013818514261612,-0.0087948237888215,-0.014221469544176,-0.0785225780180945,-0.0842545465177891,0.9905302262668684,0.979845046454004,0.9584421429754284,1126.1455394139273,1152.6571301725758,-26.51159075864848,-22.94929087963864,-3.562299879009842,40.97668370152997,0.0118365476709197,0.0243855335458055,0.0212386403055893,0.0256566637158857,-0.0204961125864107,0.3196165243326623,0.8762832048587826
2022-07-14,-0.0177239748921648,-0.0014234249433069,0.0135903964885077,-0.0098471681426799,0.0037895691483393,-0.0764741572823028,-0.0636133028005901,0.9979434351961524,0.9960712109042852,0.9695257323010568,1123.0899643899097,1149.222105845556,-26.132141455646437,-23.5858609948402,-2.546280460806233,39.02517052209184,0.0119103229148326,0.0245366843872759,0.0212797106086531,0.023778283710968,0.0038315971408788,0.1930650671689491,1.133909242519789
2022-07-15,0.0082437928745371,-0.0177239748921648,-0.0014234249433069,0.0013818514261612,0.0043488826331501,-0.0028645954299786,-0.0726640768049007,0.9990142169499454,0.9982896316023556,0.9751176093075824,1120.8346310763177,1146.2004904385935,-25.36585936227584,-23.94186066832733,-1.423998693948512,40.25320751847097,0.0119195871096401,0.0095342713663389,0.0210331934636802,0.0132816666833695,-0.0054658376929661,-0.4341171628222575,0.7339197705286429
2022-07-18,0.0019398233260112,0.0082437928745371,-0.0177239748921648,0.0135903964885077,-0.0006807210055465,0.0035423687022273,-0.0475019845496361,1.007658649176944,1.006431912726896,0.9858377373786594,1120.3782327556823,1144.1017905536744,-23.723557797992044,-23.898200094260275,0.1746422962682317,38.32101563314776,0.0107278262269997,0.0099181576045656,0.0209045394350559,0.0134998621359912,0.0005163419608473,0.5787333610324048,1.1358603283542577
2022-07-19,0.0085145129638894,0.0019398233260112,0.0082437928745371,-0.0014234249433069,0.0068789847060941,0.001582318213585,-0.0568863231623918,1.012433736242472,1.0124400441324894,0.994857586874836,1121.0463990204332,1142.6661996590735,-21.6198006386403,-23.442520203136283,1.8227195644959835,32.7172254757904,0.01102098667554,0.0097666653862802,0.0205588040385308,0.0191621904601584,0.0153314915605002,0.0843603826367127,1.13537564124471
2022-07-20,0.0061306623205379,0.0085145129638894,0.0019398233260112,-0.0177239748921648,0.0527643907308617,0.0377925340108897,-0.0010377202331587,1.029084005573906,1.035894110832262,1.02181298961921,1126.290650433155,1143.5897428845587,-17.299092451403794,-22.21383465278979,4.9147422013859945,40.021525250292285,0.0096811653534645,0.0123355049628307,0.0205017828794401,0.0224730203073955,-0.0145669866551643,0.4552560212089036,1.4570440675292176
2022-07-21,0.0270402270875045,0.0061306623205379,0.0085145129638894,0.0082437928745371,0.0371899882606483,0.0411204914411271,0.0086614387843511,1.014779009249725,1.024817675182499,1.0145533400167392,1129.542396820843,1143.8739842970451,-14.331587476202458,-20.63738521747232,6.305797741269863,63.19726783379922,0.0124139598094553,0.0119814137673976,0.0202093573635998,0.0131520910937578,-0.003087444649831,-0.3093521108251437,1.011814457942111
2022-07-22,-0.0066719800719824,0.0270402270875045,0.0061306623205379,0.0019398233260112,0.0421767612186478,0.0467090656361841,0.0012199913962622,1.013257266097565,1.027013991502402,1.021345235454222,1133.4866892871073,1144.7114890047872,-11.224799717679844,-18.754868117513823,7.530068399833983,64.61741130393189,0.0120672511082721,0.0119663766679441,0.0200124752622529,0.0085094561195075,0.0012400125821071,-0.3360865278762082,0.660697663081789
2022-07-25,0.0067571147316909,-0.0066719800719824,0.0270402270875045,0.0085145129638894,-0.0007638485079292,-0.0014440495457512,-0.0289852350380619,0.9799269284285748,0.9932249958892316,0.98905877950176,1130.9524540362063,1142.6598350160066,-11.707380979800291,-17.34537068997112,5.637989710170828,48.25856700722726,0.0220822706049288,0.0163669589305327,0.0213523691035635,0.0266278203130293,-0.0190683176147654,1.106696675796115,1.2702543760231848
2022-07-26,-0.0330391175873541,0.0067571147316909,-0.0066719800719824,0.0061306623205379,-0.0064011082606509,0.000433843319616,-0.0420144368511503,0.981612264389184,0.9936336063564668,0.9916600635803834,1128.8862073515495,1140.7977620952609,-11.91155474371135,-16.258607500719165,4.347052757007816,51.383912280528726,0.0218356187547201,0.016359880295567,0.0210536328786229,0.0134421090541194,0.0001651876436583,-0.5109014743632015,0.658460242393644
2022-07-27,0.0004545067088643,-0.0330391175873541,0.0067571147316909,0.0270402270875045,-0.0334797373055794,0.017518115484524,-0.0623800301234339,0.9873883072281616,0.9909961938604602,0.9939940432264583,1126.9745522541955,1138.9949981784823,-12.020445924286603,-15.410975185432656,3.3905292611460496,54.752440750612166,0.015484631926278,0.0151361083273026,0.0203715684907406,0.0103339760884596,-0.0003098740293756,-0.2342859882894251,0.6132960902737933
2022-07-28,-0.000949781309986,0.0004545067088643,-0.0330391175873541,-0.0066719800719824,-0.0117442835011503,0.0250089349939603,-0.0533777595165335,1.0052531463287462,1.0040557269779389,1.012448070822861,1128.047897129752,1138.6213904575068,-10.573493327754704,-14.443478813897066,3.8699854861423617,59.07959053271396,0.0184329463010161,0.0156579274782669,0.0207083494684682,0.0191078386824279,0.0086617620519899,0.4437838052677929,0.939061614797192
2022-07-29,0.015666336177696,-0.000949781309986,0.0004545067088643,0.0067571147316909,0.0025367641114768,0.0448205178243223,0.0418275297438148,1.0261374426523702,1.0209565249170072,1.0318769369425789,1132.6729464595498,1140.0650443327609,-7.392097873211014,-13.033202625759856,5.641104752548841,61.207870424917004,0.0211523524654775,0.0167302277758122,0.0134767413235656,0.0211599934775571,0.0140420978622291,0.2108350359348894,1.07012931868925
2022-08-01,0.0213055216367081,0.015666336177696,-0.000949781309986,-0.0330391175873541,0.0638118020934193,0.0629992110356727,0.0667647461713378,1.0397468803305143,1.0411005912132498,1.05527287343883,1141.229854185725,1143.637474136237,-2.4076199505120712,-10.9080860907103,8.500466140198228,67.40306652403764,0.0122215796129549,0.0180627545723415,0.014499397739199,0.031128065708596,0.0221106551244944,0.0376295637150021,1.2404203866137746
2022-08-02,0.0260615228259675,0.0213055216367081,0.015666336177696,0.0004545067088643,0.0673755963987614,0.060543209651436,0.0622213264883613,1.030130919164144,1.0388652571121997,1.056013039320729,1149.1661153506614,1147.280294700798,1.8858206498632624,-8.349304742595587,10.23512539245885,75.22533087619367,0.0114636511209464,0.0180797761231259,0.0144568906619617,0.0178940996536371,0.0047229937532973,-0.1135112105418303,1.0559905501380966
2022-08-03,0.0038060525995442,0.0260615228259675,0.0213055216367081,-0.000949781309986,0.0773602226274003,0.0412904853903546,0.0806434914746854,1.0235108731898963,1.0432535690275409,1.0606646173217171,1157.4221096236363,1151.3950934729612,6.027016150675308,-5.474040563941408,11.501056714616716,75.35142148846161,0.0091031727935769,0.0165723869771085,0.0142201748688506,0.0163254304220677,0.0024423227978172,0.0239305993650054,0.996631894873663
2022-08-04,0.008395704057035,0.0038060525995442,0.0260615228259675,0.015666336177696,0.0467216738690168,0.0344286777843003,0.0769648933755864,1.0009573975685382,1.0259488722545806,1.0427452721025992,1161.961999909904,1154.0274122145474,7.93458769535664,-2.7923149120817983,10.726902607438438,69.22467072556069,0.0155171363028918,0.0171671793301505,0.0144113776925848,0.0321746370743721,-0.0145976901879657,0.015167381155692,0.984603795698364
2022-08-05,-0.0132177286964824,0.008395704057035,0.0038060525995442,0.0213055216367081,0.0097830318038654,0.0123446131593238,0.0596302841418201,0.9843261278692036,1.0095858659156969,1.0244178267060204,1163.112546348044,1155.1691262547895,7.943420093254417,-0.6451679110145554,8.588588004268972,62.1506782811968,0.0168432765987116,0.0180406769461192,0.0149934089609915,0.0204616736622757,-0.0163044008410444,-0.0362676708374786,0.9644941575225572
2022-08-08,-0.0147361884422043,-0.0132177286964824,0.008395704057035,0.0260615228259675,-0.0029904992503463,0.0606304736967493,0.0590988707429975,0.997800053592234,1.016848081740916,1.0348229301696008,1166.4397327271909,1157.3595063701755,9.080226357015365,1.299910942591428,7.780315414423935,63.599264699781,0.0127136956761412,0.0136187416655975,0.0149749440203954,0.0204701843842551,0.014282900055023,-0.2709181851839686,0.7615091914460216
2022-08-10,0.0130820724761866,-0.0147361884422043,-0.0132177286964824,0.0038060525995442,-0.0008318029543946,0.066487750224228,0.0669504388101152,1.0039341473651098,1.0164461944705525,1.0376216033432155,1170.3449068088248,1159.9123847322228,10.432522076602028,3.126433169393548,7.306088907208479,59.29608577071847,0.012934418502617,0.0134807367497623,0.0149517999685029,0.012720239235915,0.0021732157218382,0.0550418300594441,0.84379379594227
2022-08-11,0.0059794645940851,0.0130820724761866,-0.0147361884422043,0.008395704057035,-0.0058510690120467,0.0710565136139733,0.0898194053099148,1.008473046007742,1.0129774339154176,1.0366297145110257,1174.2598805810248,1162.5701515171045,11.689729063920367,4.839092348298912,6.850636715621455,62.49106222958121,0.0122847451325615,0.0132830443016632,0.014107133848605,0.0114623113885052,-0.004609859858919,-0.2355744055211676,0.7129182672608729
2022-08-12,0.0033300841293575,0.0059794645940851,0.0130820724761866,-0.0132177286964824,0.023756749479757,0.0715883784501549,0.0983876625470983,1.019929865545745,1.0223277279476923,1.048446311834199,1180.5474417716844,1166.4634016506757,14.084040121008911,6.688081902840912,7.395958218167999,64.60861060244233,0.0120736680414433,0.0133206490815028,0.0143302635501529,0.0224647809291568,0.0164845875662022,0.543088346186114,1.1359853826208264
2022-08-16,0.0161706953806326,0.0033300841293575,0.0059794645940851,-0.0147361884422043,0.0462904343888559,0.0565263269845623,0.1038803840550397,1.017769577107947,1.0237944171801467,1.050514855168161,1187.1669834822906,1170.6938506314125,16.473132850878073,8.645092092448344,7.828040758429729,80.36560812474868,0.0053268835813515,0.0123477982178711,0.0143214056534786,0.0113151844231997,0.0019272826394326,-0.4777018647435095,0.6833419734726246
2022-08-17,0.0069502368666038,0.0161706953806326,0.0033300841293575,0.0130820724761866,0.0381746873694024,0.0350700267450956,0.1002786217967093,1.0154461252060696,1.0255665613084053,1.0509453281745469,1193.7514950378995,1175.084403073067,18.66709196483248,10.649492066925172,8.017599897907308,81.0026864765423,0.0050089727458598,0.0100527378359682,0.0142984106140814,0.0080108107636014,5.627614495901221e-05,-0.0017273114993572,0.7365375058590551
2022-08-18,0.0052239123134563,0.0069502368666038,0.0161706953806326,0.0059794645940851,0.0305130877847377,0.029655903953776,0.0919945772156882,1.0079269696889674,1.0210733887748278,1.0448086985221512,1199.0496612159632,1179.0181195265666,20.03154168939659,12.525901991419456,7.505639697977134,80.68442165974163,0.0064708440624776,0.0101713064860624,0.0143639137690964,0.0108217314034756,0.0004887428063323,0.1234193935231615,0.8935894149925652
2022-08-19,-0.0014445382658235,0.0052239123134563,0.0069502368666038,0.0033300841293575,0.0087800749903275,0.0028776331535815,0.0442869374136227,0.9882529777630108,1.0025795022197554,1.023952051475782,1200.1637720805743,1181.0383611791126,19.12541090146192,13.84580377342795,5.27960712803397,69.39735027370554,0.0126551796650325,0.0118588291675498,0.0141621084298116,0.0217113260869147,-0.0136415158672741,0.2767448466842599,1.1071729509839143
2022-08-22,-0.0178296525240353,-0.0014445382658235,0.0052239123134563,0.0161706953806326,-0.0100265843923106,0.0134919660339007,0.0483851543694591,0.9874831060169846,0.9984696695098928,1.0187114554218315,1200.591720155919,1182.6611073562383,17.930612799680375,14.662765578678435,3.26784722100194,63.532515382631445,0.0097950699924133,0.0109566614152875,0.0140590910531751,0.0173789127821329,-0.0039740857146784,0.0011580509060404,1.1975588192945583
2022-08-23,-0.002773747136063,-0.0178296525240353,-0.0014445382658235,0.0069502368666038,-0.0016972078277476,0.0445146620735137,0.057408791516053,1.0030544991297248,1.0095065835572148,1.0315259168321065,1203.8080405526043,1185.5378996064708,18.27014094613355,15.38424065216946,2.885900293964092,60.77902707209424,0.0121698939538401,0.0101435341330968,0.0143294229329307,0.023367887505234,0.0203546607111283,0.0218339302003445,1.1355221432404918
2022-08-24,0.015422451950773,-0.002773747136063,-0.0178296525240353,0.0052239123134563,-0.0095304789138104,0.0282803854025766,0.0906255122626107,1.0023123216915388,1.004037405339562,1.0243996686255343,1206.0289790252805,1187.960584126362,18.06839489891854,15.921071501519275,2.147323397399264,58.32323117702574,0.011783105966585,0.0098663019103086,0.0116865815729821,0.0131262415008793,-0.0001326496466349,0.0714097373100994,1.1176439078264764
2022-08-25,-0.0026636659534643,0.015422451950773,-0.002773747136063,-0.0014445382658235,-0.0109908939465154,0.0191868277263995,0.0869502669600956,1.0016135337940208,0.9992255628486748,1.0172557497246129,1207.3615474564872,1189.940590770937,17.42095668555021,16.221048538325462,1.1999081472247468,54.05363910504701,0.0117885914771417,0.0099521313679121,0.0117706764809165,0.0153112138527101,-0.0063798611592351,-0.2408647104012085,0.8400782661212041
2022-08-26,-0.0029168757545199,-0.0026636659534643,0.015422451950773,-0.0178296525240353,0.0015876438824404,0.0103816585051139,0.0821758565779915,0.9959522648642708,0.9928776557817184,1.0079533030210213,1207.4915467660662,1191.2936242670712,16.197922498995013,16.21642333045937,-0.0185008314643582,57.7713964666958,0.0085006702315783,0.0101928530663926,0.011912616006683,0.01642474338296,-0.0056969138175651,0.3645975213752737,1.1158525500911314
2022-08-29,-0.0053380922395165,-0.0029168757545199,-0.0026636659534643,-0.002773747136063,-0.0034335481685628,-0.0134257058003963,0.0572015481419594,0.98888403611343,0.9864824674255738,0.9974197394023632,1206.1567031830657,1191.8507679122188,14.30593527084693,15.834325718536885,-1.5283904476899526,61.40476596712734,0.0092227112777043,0.0089961052218986,0.0118597940388503,0.0296229604163372,0.0048936504616659,0.8468539210157329,1.6956080201274968
2022-08-30,-0.0077730745184604,-0.0053380922395165,-0.0029168757545199,0.015422451950773,-0.0033437232361732,-0.0050352560706705,0.0512064463827899,1.0049026868620743,1.00229487468941,1.0104010187481065,1207.8885107161998,1193.7443000778646,14.144210638335151,15.496302702496536,-1.3520920641613845,62.36895928045094,0.0092626004190496,0.0101976239897665,0.0114490916221851,0.0260240321642795,0.0091621497624185,0.1663432208569242,1.6077354273565352
2022-09-01,0.0155139764576694,-0.0077730745184604,-0.0053380922395165,-0.0026636659534643,-0.0300596521633177,-0.0393036481960292,-0.0056120014443481,0.9812931690114732,0.9767169232874822,0.9809688974406428,1203.8478391456788,1192.8465108504531,11.001328295225449,14.59730782104232,-3.5959795258168725,46.828337245779565,0.0159952756910203,0.0134217545474934,0.012152501555475,0.0211881054126271,-0.0086152332900176,-0.1395525936367148,1.2214393957091971
2022-09-02,-0.029397824196427,0.0155139764576694,-0.0077730745184604,-0.0029168757545199,-0.0385821324350957,-0.0491489742557866,-0.0209506275619668,0.9774421594381894,0.9701516784397528,0.9705200388409894,1198.3059127206225,1190.9930891121096,7.312823608512872,13.140410978536432,-5.827587370023561,41.80416129173043,0.0160552602814832,0.0136009540765857,0.0123743197358468,0.0196206160351004,-0.0116778488129741,-0.3470926756731901,0.7502852583993155
2022-09-05,-0.0116778488129741,-0.029397824196427,0.0155139764576694,-0.0053380922395165,-0.0184109768522316,-0.0168525630445603,-0.0140234253851188,0.9963322955567352,0.9868853206374728,0.9862840281602204,1196.4068923441323,1190.6204366055413,5.786455738591258,11.669619930547398,-5.883164191956141,41.39201159769487,0.0192321871062726,0.0141684804302062,0.0127559537068136,0.0196513721561524,0.0153299580978219,-0.1285857095107484,0.6494180115174514
2022-09-06,0.0155305443551021,-0.0116778488129741,-0.029397824196427,-0.0077730745184604,-0.0003080230692477,-0.0037405136257653,0.0097009855253471,1.006882228659959,0.9976468943227268,0.996188759151722,1196.7205705652275,1191.2000932111494,5.520477354078139,10.439791415253548,-4.919314061175408,42.75642496315824,0.019957671638479,0.0146624431117993,0.0126268512899661,0.0130928240800157,0.0092692871478502,-0.037800493740408,0.6962319157482333
2022-09-07,0.0105260687590622,0.0155305443551021,-0.0116778488129741,0.0155139764576694,-0.0213044132633032,-0.024576900437815,0.0188437292178951,1.0054091707882895,0.994330757232745,0.9894899461158996,1195.9138939938944,1191.2206176289578,4.693276364936537,9.290488405190146,-4.597212040253609,38.94191280291962,0.0180249954701877,0.0136380127218754,0.0122087410051946,0.0096446102952273,0.0026213495096384,-0.3129574816291727,0.5978822301265283
2022-09-08,-0.0058147209703974,0.0105260687590622,0.0155305443551021,-0.029397824196427,0.0097640824536293,-0.0205890746319385,0.0071090438049643,1.0048739322909903,0.9978251646337304,0.990542415555577,1195.4904673938722,1191.3643956633869,4.126071730485364,8.257605070249191,-4.131533339763827,39.930985163283886,0.0112279393034804,0.013690144589297,0.0118754879452768,0.0104432199280158,-0.0011011578252976,-0.0576115299977926,0.708935397793908
2022-09-09,0.0014137478086602,-0.0058147209703974,0.0105260687590622,-0.0116778488129741,0.0153329866491755,-0.0238407251074441,-0.0051113252665536,0.9956135050663114,0.9940188359537714,0.9846230887677708,1193.9890981614014,1190.947149124085,3.041949037316499,7.214473863662653,-4.172524826346154,43.55375279013586,0.009733655862756,0.0137548249283768,0.0118884785970992,0.0179037182531181,-0.0155938003014578,0.1782286065463081,0.9220719075584448
2022-09-12,-0.0062271980422288,0.0014137478086602,-0.0058147209703974,0.0155305443551021,0.010993059165945,-0.007620310644126,0.0026822363981775,1.0045548277588523,1.0059180790532285,0.9955082252277074,1194.759949796426,1191.5436294696387,3.216320326787354,6.414843156287594,-3.19852282950024,48.83531387145359,0.0084559077538479,0.0143333013830758,0.0121382015421096,0.0159543605534602,0.0106981327273524,-0.1057663096748587,0.9024560106312672
2022-09-13,0.0111897724335161,-0.0062271980422288,0.0014137478086602,0.0105260687590622,0.0088183874215344,0.008507648085527,-0.0050322788951188,1.0111546270322875,1.0134527317142876,1.0040779982109826,1196.9529052363991,1192.8377428538322,4.11516238256695,5.954907001543465,-1.839744618976515,46.11960890259599,0.0079635009196081,0.0143526695841699,0.0117154662856506,0.0109552026383841,0.0006684429845211,0.1954480305682839,1.1342056288373588
2022-09-14,0.0083524015228759,0.0111897724335161,-0.0062271980422288,-0.0058147209703974,0.0025564051976003,-0.0188024707785009,-0.0237430515940404,0.9985263227712315,1.0032305956424108,0.9932414438635848,1196.5790846291166,1192.9625819971827,3.6165026319338263,5.487226127621538,-1.8707234956877112,43.10806257691775,0.009719912229471,0.0138768167283782,0.0118724501889122,0.0143913468995505,0.00518445593875,-0.0236748926187612,1.0747227525523588
2022-09-15,-0.0119858719151103,0.0083524015228759,0.0111897724335161,0.0014137478086602,-0.008779994229813,0.0008983596362139,-0.0384405973709105,0.990365734544688,0.993200303523628,0.9853355463385256,1194.4416360623777,1192.2013291785256,2.240306883851872,4.837842278867605,-2.5975353950157327,41.12829383472507,0.0107341752867706,0.0105388068524118,0.0119280744083871,0.0182619482913922,-0.0078590463156969,0.1944386284789541,1.1864639001051789
2022-09-16,-0.0099097310284478,-0.0119858719151103,0.0083524015228759,-0.0062271980422288,-0.0272837437907377,-0.0123690984208449,-0.0609101441767782,0.9710872990594778,0.9697665763664756,0.9639241897594896,1188.1245183748963,1189.3257026537274,-1.2011842788310787,3.630036967327869,-4.831221246158947,36.509175188243645,0.0150298637802299,0.0127527898246818,0.0129772207835897,0.0248079799400793,-0.0175135110853601,0.9504619124797408,1.8186101174435405
2022-09-19,-0.0247786023125622,-0.0099097310284478,-0.0119858719151103,0.0111897724335161,-0.0367968292252096,-0.0262082797800564,-0.0426191661373339,0.979628024241167,0.9735720016996796,0.9672556628897148,1183.0100153977487,1186.774187570002,-3.7641721722534394,2.151195139411607,-5.915367311665046,38.75233601050033,0.0127786946240379,0.0114048613516731,0.0125283065732963,0.01652379788176,0.0013004191568347,-0.6250685784956436,0.6800820406256273
2022-09-20,0.0013004191568346,-0.0247786023125622,-0.0099097310284478,0.0083524015228759,-0.0446225880541715,-0.0361976999018504,-0.0398028155379115,0.9888349111568248,0.977301633364535,0.9693538900792642,1178.7107544651624,1184.42534547859,-5.71459101342748,0.5780379088437897,-6.29262892227127,32.376696220561115,0.0105912590292758,0.0105164008678434,0.0125371777774979,0.0171805115695554,-0.0077702350920804,0.1096525261554559,0.7611725280345154
2022-09-21,0.0001598177063431,0.0013004191568346,-0.0247786023125622,-0.0119858719151103,-0.0303667669405437,-0.0278879915037844,-0.0517794915510002,0.9977578472978572,0.9827589435579942,0.9746129401050048,1175.5628334056182,1182.486376745222,-6.923543339603839,-0.922278340845736,-6.001264998758103,41.89990736079796,0.0115736882073717,0.0106667959494267,0.0119178637861651,0.0151409440053927,0.0052067806378274,0.0946164084947085,0.8252891924410671
2022-09-22,0.0027569433237679,0.0001598177063431,0.0013004191568346,-0.0099097310284478,-0.0298904037452001,-0.0384079604026035,-0.0582062506713523,0.9944121431841864,0.9772981724322892,0.9683176826193848,1171.2200462350424,1179.8825500823816,-8.662503847339167,-2.470323442144422,-6.192180405194745,42.754560907200336,0.0115355807447704,0.0107444154648179,0.0120156015024003,0.0124290267674125,4.021880733574022e-05,0.1195638160943659,0.9249161537136484
2022-09-23,-0.0094233176629345,0.0027569433237679,0.0001598177063431,-0.0247786023125622,-0.0238876214320761,-0.0505196214798909,-0.0731559221791009,0.980455212024254,0.963897803436644,0.9537437403777416,1164.2367864176322,1175.87857284827,-11.641786430637694,-4.304616039843077,-7.3371703907946175,29.231729167984145,0.0091479135883581,0.0117347387288847,0.0125254294035907,0.0245336823238954,-0.018309900532294,-0.0756796793223238,1.0578441119166433
2022-09-26,-0.0187441895204216,-0.0094233176629345,0.0027569433237679,0.0013004191568346,-0.0499910208239723,-0.0849483389931283,-0.0919213169054241,0.9651822101470676,0.9476044156146952,0.9338386002791814,1153.9152202680443,1170.0465753369397,-16.131355068895118,-6.669963845653485,-9.461391223241634,18.53496881339224,0.0120641322722771,0.0118046061386245,0.0134388295648189,0.0179401579358743,-0.0069756128658603,0.3097666038941227,1.2495892369085655
2022-09-27,-0.0254765640332264,-0.0187441895204216,-0.0094233176629345,0.0001598177063431,-0.0425913766549771,-0.0853134272540135,-0.0775315957845337,0.9813497722719025,0.9637234147280614,0.9450007072161642,1146.523496927528,1165.292682241958,-18.769185314429933,-9.089808139408776,-9.679377175021155,23.695427450898023,0.014064899834541,0.0117402590406745,0.0137082231028899,0.0275013055674739,0.0009399198212042,0.2945063685527083,1.4004349154680196
2022-09-28,0.0079500880357594,-0.0254765640332264,-0.0187441895204216,0.0027569433237679,-0.0706445295497291,-0.0988660505258118,-0.1158095952783155,0.9692976462516624,0.9478190552273108,0.9254147436901884,1135.7391578569468,1158.7099126661649,-22.97075480921808,-11.865997473370635,-11.104757335847442,19.35799124096573,0.0142766025029217,0.0130222474528461,0.0137993177618431,0.0218225608398022,-0.0118202891112342,0.0521353314818324,1.298127051347899
2022-09-29,-0.0266249665122356,0.0079500880357594,-0.0254765640332264,-0.0094233176629345,-0.0646795615602823,-0.092636667096383,-0.0918215285027218,0.9794159920844964,0.9541180118444392,0.9269009150102636,1126.10630439458,1152.370334716935,-26.26403032235521,-14.745604043167551,-11.518426279187658,19.78704449728484,0.0150973314260183,0.0132221429367068,0.0126632623618308,0.0234378279260315,-0.0147033836376368,-0.1368020196905829,1.0505196653843474
2022-09-30,-0.0030654079189156,-0.0266249665122356,0.0079500880357594,-0.0187441895204216,-0.025312513892217,-0.0485954795749417,-0.0603634957261159,1.006744835987397,0.980525621597856,0.9507026641046992,1121.6793804612792,1148.2933690955415,-26.61398863426257,-17.119280961386558,-9.494707672876013,24.23396450092221,0.0213172471173546,0.0154649705956053,0.0139251726971224,0.0382714500222374,0.0288836579954039,0.2686234645487573,1.1792896153016892
2022-10-03,0.0225562490011141,-0.0030654079189156,-0.0266249665122356,-0.0254765640332264,-0.0033019111965353,-0.0531278661091226,-0.0779437559100739,1.0039190973367649,0.9825101603340594,0.951213008029664,1117.347772048967,1144.2363732944832,-26.88860124551616,-19.07314501821248,-7.815456227303677,19.780280855163213,0.0180340233295212,0.0153267533243246,0.0132237620656551,0.0227684338325287,-0.0091992088324261,-0.3632027229965426,0.7569808092290334
2022-10-04,-0.0034696659531546,0.0225562490011141,-0.0030654079189156,0.0079500880357594,0.0070735209722538,-0.0358191266787293,-0.0707202565823167,1.0209676296314183,1.004363795649591,0.9723401614931146,1116.7852542337414,1141.97378314304,-25.18852890929861,-20.296221796429705,-4.892307112868906,29.45938953868908,0.0197923619160515,0.0170491289781823,0.0137868732182698,0.0115407043019238,0.006422515970246,-0.2449962763830725,0.6294605738438562
2022-10-06,0.0184426513158746,-0.0034696659531546,0.0225562490011141,-0.0266249665122356,0.0384359354580297,-0.0349238826699357,-0.0618379172305418,1.0170181198127062,1.0117587557946817,0.9790752103360838,1116.9411698985025,1140.183036692051,-23.241866793548752,-20.885350795853515,-2.356515997695237,32.8369081029978,0.0121741528875583,0.0170896488010664,0.0138689403186788,0.0131497114723184,-0.0028407636903204,0.4920533923353281,0.9899497299661651
2022-10-07,0.0036880052962944,0.0184426513158746,-0.0034696659531546,-0.0030654079189156,0.0460370752282579,-0.0216201441733058,-0.0591977189346024,1.0122223437449227,1.018326853326205,0.9862694682251414,1117.8008629609922,1138.875343218913,-21.074480257920868,-20.923176688266985,-0.1513035696538835,40.620210047200864,0.0109469099477544,0.0171019198103799,0.0139313346126787,0.0120254347683535,0.0073302835124104,-0.4222403832428036,0.6377480012391971
2022-10-10,0.0042319504615426,0.0036880052962944,0.0184426513158746,0.0225562490011141,0.011796864240726,-0.0138142579414689,-0.0636359883391313,0.9988416780991416,1.0086345116914102,0.9787483375700928,1116.6432482266089,1136.7569005499197,-20.11365232331059,-20.761271815275705,0.6476194919651164,37.27120780264041,0.0108873010132265,0.0164183807903962,0.0140284135606749,0.0123036036741274,0.0003326969381653,-0.1795115330669895,0.6566226054150992
2022-10-11,-0.0109153578296256,0.0042319504615426,0.0036880052962944,-0.0034696659531546,-0.0048956547714996,-0.0081814009507306,-0.0924347435224575,0.9798982988142102,0.989359045082485,0.9639701361366406,1112.2628116003998,1133.1579012614995,-20.895089661099743,-20.78803538444052,-0.1070542766592304,33.03292052890322,0.0148595443178308,0.015579386665783,0.0140743691482046,0.0266762632410964,-0.0232394341504806,0.4559029450383891,1.0113219571108518
2022-10-12,-0.0199103193444059,-0.0109153578296256,0.0042319504615426,0.0184426513158746,-0.0157260044544992,-0.0087637217045638,-0.0933294858244606,0.990232129236946,0.9975180037345194,0.9759409620820986,1109.7881467748575,1130.4186115557866,-20.63046478092906,-20.756521263738225,0.1260564828091652,34.63209533872181,0.0117566648681324,0.0155439122415415,0.0140273629995432,0.0162509858142965,0.0098851921398445,-0.1951209401620826,0.8423106824293433
2022-10-13,0.0073582960935092,-0.0199103193444059,-0.0109153578296256,0.0036880052962944,-0.0162254981349255,0.0215867951240156,-0.0794134565792175,0.996645531812573,0.9985772615988696,0.9831949895509412,1108.230257307091,1128.140334050497,-19.910076743405853,-20.587232359671752,0.6771556162658996,37.746183311495,0.0116850296918598,0.0126176989100121,0.0140279467180786,0.0142268963626292,0.004807296016176,-0.0119468477112963,0.9641575598178947
2022-10-14,0.0031786595063678,0.0073582960935092,-0.0199103193444059,0.0042319504615426,-0.0253459230499625,0.0195243000121145,-0.0749210331647806,0.996724782340906,0.9916196939007804,0.9820924312832529,1106.052931062731,1125.6171712851824,-19.564240222451417,-20.382633932227684,0.8183937097762666,41.11112174304113,0.0109190913445743,0.0127267731029121,0.0139628992261404,0.0199308599968491,-0.0183436991554917,0.2425597244289821,1.1557009997972405
2022-10-17,-0.0050781323715675,0.0031786595063678,0.0073582960935092,-0.0109153578296256,0.0012261164564355,0.0130374450265413,-0.0361915954418969,1.012471185294047,1.0062305496287651,0.9997281099395552,1106.912125562695,1124.5816545464652,-17.66952898376985,-19.84001294253612,2.170483958766265,54.32624992255746,0.0136340688643553,0.0116831167076551,0.0137157356208274,0.0292267004709584,0.0228237100976499,0.8371613763054588,1.6797817528946375
2022-10-18,0.0160501028486557,-0.0050781323715675,0.0031786595063678,-0.0199103193444059,0.0395903566991073,0.0345008812089284,-0.0204599430977089,1.0223125785498024,1.0204994904226437,1.0184494485492197,1110.6566392982422,1125.075714568486,-14.419075270243866,-18.75582540807767,4.336750137833803,57.1151110007001,0.0093856624743951,0.0125866889521363,0.0143780372144237,0.0174808777440291,0.0120768243422333,-0.257842277840359,1.1713731940226872
2022-10-19,0.0176440306171303,0.0160501028486557,-0.0050781323715675,0.0073582960935092,0.049952638596971,0.0334410787253818,-0.0035758781884852,1.0299073366258338,1.0347789339580489,1.036362442248088,1116.8532252896184,1126.9911763220937,-10.137951032475256,-17.03225053295719,6.894299500481932,72.09521541042261,0.0102899879522382,0.012452383913641,0.0149523871858209,0.0345443659645191,0.0160521597125017,0.5502111016429039,1.4845027753757398
2022-10-20,0.0173992998109895,0.0176440306171303,0.0160501028486557,0.0031786595063678,0.0494375823534178,0.0324099348182216,-0.0036458286126459,1.0227235650561315,1.0341903966378836,1.0393442808766578,1122.572188977033,1128.9937920951097,-6.421603118076746,-14.9101210499811,8.488517931904354,74.02022114521733,0.0103716464262207,0.0124535214334843,0.0149516943368905,0.0135966705398948,0.0062776163174383,-0.5470988368039265,0.6582339782617832
2022-10-21,0.0026865483263165,0.0173992998109895,0.0176440306171303,-0.0050781323715675,0.0425612461624218,0.016136569042316,-0.0058324500801471,1.002587975335265,1.0205399993671966,1.027600391014273,1125.3523051860952,1129.856692261097,-4.50438707500166,-12.828974254985214,8.324587179983554,63.74279470536242,0.0128207919186863,0.0132944916090721,0.0150309162811507,0.020148869661404,-0.0143956723537377,-0.0543304027175238,0.6306882968267231
2022-10-24,-0.0115972597218997,0.0026865483263165,0.0173992998109895,0.0160501028486557,0.0295173708202547,0.0307796790108036,0.016540222644124,1.000165333388409,1.020825240521736,1.0301663340173115,1128.2904609086672,1130.937701529372,-2.647240620704906,-10.792627528129152,8.145386907424246,66.15895532620492,0.0121778549973069,0.0125363311862699,0.0143933793839589,0.0190333424814489,0.0080691014862759,-0.5911866776200068,0.324082144883495
2022-10-25,0.0033379183782105,-0.0115972597218997,0.0026865483263165,0.0176440306171303,-0.0039571771963348,0.0354765134460481,0.0270048649144816,0.985489405338166,1.0016101650517923,1.0129052824364488,1128.0572980525262,1130.6293460341408,-2.57204798161456,-9.148511618826234,6.576463637211674,54.21810408067528,0.013148238297539,0.0116752462703065,0.0135767151496478,0.0249841287725311,-0.0229892113835526,2.6300062937069164,1.1805658695007566
2022-10-27,-0.0154444581565441,0.0033379183782105,-0.0115972597218997,0.0173992998109895,-0.0171418328877849,0.0319545259260529,0.0229107636490717,0.9927904785884352,1.0024272002194627,1.01573126493992,1128.541609469926,1130.6720109401765,-2.13040147025049,-7.744889589111085,5.614488118860595,54.31329101744293,0.0093336173954643,0.0116012218984776,0.0135045500621928,0.0145442337695916,-0.0027868018562035,0.0228735786370921,1.387969914837416
2022-10-28,0.0039319476433665,-0.0154444581565441,0.0033379183782105,0.0026865483263165,0.0102176006752849,0.0601603165035415,0.0830457800545152,1.021054525392327,1.0270781885126468,1.0426261049356835,1134.2764189505142,1133.2754079885894,1.0010109619247487,-5.995709478903919,6.996720440828668,61.68117229071155,0.0181136863931638,0.0144766635592818,0.0133556257080077,0.0299071869391584,0.0248074002099966,0.4072971285438675,1.6314429569939264
2022-10-31,0.0305979366847404,0.0039319476433665,-0.0154444581565441,-0.0115972597218997,0.0315585788622545,0.075462997468169,0.0964606596826658,1.0240756016844628,1.0291268753377627,1.047456206310068,1140.7938952117331,1136.4876010745045,4.306294137228861,-3.935308755677363,8.241602892906224,68.04714124380808,0.0164809119524328,0.0139640346102548,0.0132931377102654,0.0112763362722513,0.0033844715080025,-0.2947058057903897,1.067998761322129
2022-11-01,0.0092828767022883,0.0305979366847404,0.0039319476433665,0.0033379183782105,0.0201625818890562,0.0502750991156242,0.0639680029830895,1.0120776513472465,1.0161876911872578,1.0361051023185108,1144.9064329676205,1138.7866965967632,6.1197363708570265,-1.924299730370485,8.044036101227512,73.22078167015772,0.0176872068533656,0.0143464259469783,0.0128708330378769,0.0363657065474686,-0.0269807134121844,0.1242536298274477,1.0156654735206292
2022-11-02,-0.0077463148541321,0.0092828767022883,0.0305979366847404,-0.0154444581565441,0.0426368338147062,0.0385109351118762,0.0743404775183442,1.009986143689632,1.0186715109083395,1.038828775591873,1149.508061218996,1141.4556091897111,8.05245202928495,0.0710506215606021,7.9814014077243485,73.10818266015549,0.0139536539300911,0.0136677920334808,0.0127895950555278,0.0138274733401073,0.005271877020524,-0.3567435923915822,0.6857701549128588
2022-11-03,0.006245368225062,-0.0077463148541321,0.0092828767022883,0.0039319476433665,0.0424290539789533,0.0245599093382744,0.0588222979253256,1.0054578571199435,1.0199731293514551,1.039694245618368,1154.0762508691987,1144.2515858382742,9.824665030924509,2.0217735034333835,7.8028915274911235,73.24965763518148,0.0139701702114174,0.0128216716115174,0.0123092379744251,0.0135021501514955,0.0100005562312115,-0.2547844018679353,0.5608905811998603
2022-11-04,0.0037318810349142,0.006245368225062,-0.0077463148541321,0.0305979366847404,0.0263641865559276,0.0368511659615697,0.0704554446665814,1.0149338505783294,1.0311892367402116,1.0513436122343969,1160.6112447258604,1148.1258173271058,12.48542739875461,4.114504282497629,8.37092311625698,78.0259974039987,0.0083375269165752,0.0133923924704465,0.0125886119171335,0.0188602154135697,0.0152120738774211,0.878824354977531,1.1509090567314078
2022-11-07,0.0147153985339776,0.0037318810349142,0.006245368225062,0.0092828767022883,0.0223563873354541,0.0546205020105099,0.0716384585546445,1.0158222679007314,1.0311610845922217,1.053238711530902,1167.1241970096223,1152.1865297154916,14.937667294130732,6.279136884824251,8.658530409306483,76.59630905200339,0.0080414942880203,0.0122656450566004,0.0125945224316982,0.0139261856147564,0.0060207939276928,-0.0625062471100282,1.0915609811215352
2022-11-09,0.0053417774516821,0.0147153985339776,0.0037318810349142,-0.0077463148541321,0.0293100390951079,0.0500635870475909,0.0823842071978488,1.0089777672737492,1.0250979958989,1.0479917343560086,1172.450567541796,1155.8575723638812,16.592995177914645,8.34190854344233,8.251086634472315,73.00107539729956,0.0057090776082261,0.0124222232888777,0.0121839415963726,0.012250449480431,-0.002413533622779,-0.045424465391457,1.0970055763401867
2022-11-10,-0.0009974094144935,0.0053417774516821,0.0147153985339776,0.006245368225062,0.0105474786683972,0.0536340235782522,0.0910132851829399,0.9947026844034792,1.0075039254186056,1.0308628089681338,1174.7209993082024,1158.1798539682927,16.54114533990969,9.981755902735802,6.559389437173888,62.24682573961668,0.0097910017089732,0.0118426522606166,0.0114806498459475,0.0130417513100205,-0.0067566939627162,-0.4698655302617999,0.6178861697683894
2022-11-11,-0.0120967627251211,-0.0009974094144935,0.0053417774516821,0.0037318810349142,0.0299982908932769,0.0737001439758173,0.1080097230632994,1.011635484522796,1.0234871862498998,1.049232392065177,1180.8524328581425,1162.3572957027015,18.495137155440943,11.68443215327683,6.810705002164113,67.56360937526557,0.0136345321878804,0.0130762669093952,0.0122049696069602,0.0182384552213657,0.0122308416730445,1.06329746597607,1.142023486579058
2022-11-14,0.023051508023506,-0.0120967627251211,-0.0009974094144935,0.0147153985339776,0.0101436743381668,0.0367752906167084,0.099148020243261,1.0047030983837868,1.0148622785610155,1.0392550503763704,1185.1353142814091,1165.7894339550478,19.34588032636134,13.216721787893732,6.129158538467607,70.63684038675542,0.0133120636301526,0.0106028598794343,0.0124055224808614,0.0140700521269395,-0.0044473910727017,-0.2653927675186586,0.897785395473093
2022-11-15,-0.0048446195054554,0.023051508023506,-0.0120967627251211,0.0053417774516821,0.0002686074595752,0.0226309998874367,0.0998018004428138,1.0001419269096303,1.0080554123801089,1.029758679625773,1187.925043574654,1168.565665120415,19.35937845423928,14.445253121162844,4.914125333076434,67.66462368011801,0.0134370541022555,0.010686457233003,0.0123813770821428,0.0139607936390706,-0.0057201591505247,-0.2163723063476378,0.7759980021079224
2022-11-16,-0.0044863465472947,-0.0048446195054554,0.023051508023506,-0.0009974094144935,-0.0044738793462472,0.0247050301703155,0.0762221771264068,0.9952967859630788,0.9998592435242816,1.0201554123559091,1189.2241354285534,1170.625181824458,18.598953604095414,15.275993217749358,3.322960386346056,72.34739443200561,0.0137003673628637,0.0104936369984616,0.0123012464623689,0.0133469637134493,-0.006762380663647,0.3710933272070731,1.1010542793993392
2022-11-17,-0.0057338937642992,-0.0044863465472947,-0.0048446195054554,-0.0120967627251211,0.0103206883351596,0.0209770242436151,0.0602958041749772,0.9958389359065756,1.0003829886106652,1.019826213726735,1190.799065615026,1172.7611818108408,18.037883804185185,15.828371335036524,2.20951246914866,72.10765040976995,0.0121673438797739,0.010411710377023,0.0118590331878778,0.0126969446119707,0.0054546967111065,-0.3143947491195339,0.7431787094484897
2022-11-18,0.0025845208728885,-0.0057338937642992,-0.0044863465472947,0.023051508023506,-0.012975937910718,0.0166330970225001,0.0416015137156617,0.9979139988492078,0.9982111935326008,1.0172063433856025,1192.0322960552623,1174.6910989712646,17.341197083997713,16.130936484828766,1.2102605991689472,63.70256671252556,0.0035194516883224,0.0104261234709139,0.011381237158238,0.0145901109015422,-0.0034908843100057,-0.2038976193024613,0.7012889908409744
2022-11-21,-0.0005386736761073,0.0025845208728885,-0.0057338937642992,-0.0048446195054554,-0.0260208503718288,-0.016141123065836,0.0201152236908286,0.9851126882211884,0.981825345356107,0.9979168894309856,1189.7565566982028,1174.879905731495,14.876650966707755,15.880079381204563,-1.003428414496808,50.22872231017444,0.0078561818814226,0.0110043833587013,0.0122330847294666,0.0176016051514161,-0.0143353423526273,0.2049840879001854,0.90880554396486
2022-11-22,-0.0179969987861345,-0.0005386736761073,0.0025845208728885,-0.0044863465472947,-0.0162045397180693,-0.0159402849187414,0.0378095507273161,0.9938201916713144,0.988852935917194,1.001621479183055,1188.835569760258,1175.5384417218704,13.297128038387656,15.363489112641185,-2.0663610742535283,56.31729605278774,0.009252315182255,0.0110188908249676,0.0118949619540405,0.0124753478880261,0.0078781754968277,0.0346182664013465,0.9531428831748748
2022-11-23,0.0055470009695197,-0.0179969987861345,-0.0005386736761073,-0.0057338937642992,-0.013617047675176,-0.0180300059930723,0.0311309342800156,0.9934380392144128,0.9875562922001236,0.9969948040391408,1187.4882705663722,1175.8747145572872,11.61355600908496,14.61350249192994,-2.99994648284498,52.10488119110714,0.0091485521978969,0.0110274634902653,0.0119420988896769,0.0100311362131744,-0.0069708852393544,-0.0299599727020604,1.0219003224111094
2022-11-24,-0.0031188627519929,0.0055470009695197,-0.0179969987861345,0.0025845208728885,-0.007675870899877,0.0025655971640239,0.0563372240410637,1.0035604061445147,0.9958184372603408,1.0029028452413138,1187.9138093193822,1176.9398669945947,10.973942324787458,13.885590458501444,-2.911648133713985,54.22624748654356,0.0103421088595405,0.0108146696248012,0.0113310208920293,0.0177581540676164,0.0051052274102242,0.4640326952534439,1.376435741971045
2022-11-25,0.0086232828533598,-0.0031188627519929,0.0055470009695197,-0.0005386736761073,0.0076800079179748,-0.0053955852986405,0.067906903263833,1.0169623132735826,1.0112381101338002,1.014590342446524,1191.0073729096696,1179.242245191754,11.765127717915448,13.461497910384246,-1.6963701924687982,54.37115451185331,0.0127361842651401,0.0090829038403256,0.0116508392544007,0.0163508592664031,0.0110466999816407,-0.2172139357846618,1.0164594888191727
2022-11-28,0.0149276508443665,0.0086232828533598,-0.0031188627519929,-0.0179969987861345,0.0614096920867486,0.0337909093057504,0.0718088704323807,1.039258922066023,1.04242387062597,1.045778801844966,1200.0114594692395,1184.4490370699111,15.562422399328398,13.881682808173077,1.6807395911553211,64.00724928633875,0.0140561455572704,0.0140856400879302,0.0121346582081185,0.0809034071492671,0.0378128857447741,3.2894991266573985,2.5719194369107576
2022-11-29,0.0343635826419173,0.0149276508443665,0.0086232828533598,0.0055470009695197,0.0573672756071315,0.0402331255929691,0.0637746413411715,1.029415071799108,1.0400137527629878,1.0442954917734326,1207.9604364078662,1189.4290942921632,18.531342115702955,14.811614669679052,3.719727446023903,64.92824199268516,0.0145943864256423,0.0138332254233583,0.0120640174906725,0.0138817356870323,0.0030510915502567,-0.6492294469168551,0.8411205733884729
2022-11-30,0.0017173395314775,0.0343635826419173,0.0149276508443665,-0.0031188627519929,0.068164515061238,0.0536192679347178,0.0796489637370707,1.0231461277739304,1.0418041290075342,1.047605065178241,1216.0461505181945,1194.6949079094104,21.35124260878388,16.11954025750002,5.231702351283857,72.68960806286228,0.0126616999892088,0.0134143902525139,0.0118108847279193,0.0172991702627114,0.0069492659896307,1.365963634943145,1.5302818045424893
2022-12-01,0.007060726303256,0.0017173395314775,0.0343635826419173,0.0086232828533598,0.0559109253486183,0.0478058894038726,0.0697857389485001,1.009227680119244,1.033834105536385,1.0409710350492931,1222.3163566283758,1199.2954695631115,23.020887065264333,17.499809619052883,5.52107744621145,65.31122609315315,0.0146414865170155,0.0136515525714272,0.011893586931446,0.0143207968044215,-0.0067473709120696,-0.6374620265418831,0.5541606348975043
2022-12-02,-0.002947271783509,0.007060726303256,0.0017173395314775,0.0149276508443665,0.0399411243764724,0.0479278804459115,0.0653581665539511,1.0010443511822131,1.0285363016854114,1.037220867405798,1227.540259995645,1203.5159331892237,24.024326806421413,18.80471305652659,5.219613749894823,67.94914302028937,0.0152164404619403,0.0136465793905699,0.0119245507742126,0.0174127313174193,-0.0028754809585375,0.2217831683376026,0.6451078685045982
2022-12-05,-0.0004223111609613,-0.002947271783509,0.007060726303256,0.0343635826419173,-0.0092704486887786,0.0515699479984861,0.0345964280555077,0.9882694837384344,1.0085232362335987,1.0203502889536171,1229.1417885059304,1206.0666192724293,23.07516923350113,19.6588042919215,3.41636494157963,61.92287096985374,0.008023781025475,0.0130431059380728,0.0122359370360538,0.0144456995994986,-0.010896025116539,0.2794700624491353,1.0138777812462856
2022-12-06,-0.0145840527867113,-0.0004223111609613,-0.002947271783509,0.0017173395314775,-0.0081114627110969,0.0487904803791101,0.0320724613018035,0.9927340364516328,1.0067002371062668,1.0216738129974288,1231.0471834232872,1208.6933034351196,22.35387998816759,20.19781943117072,2.1560605569968736,65.88730139370128,0.0081692812978771,0.0130604315281136,0.0122105464833537,0.0133819204946655,0.0094180103705004,-0.4204252530391402,0.6081135488421406
2022-12-07,0.0028891793626213,-0.0145840527867113,-0.0004223111609613,0.007060726303256,-0.0296007421926447,0.0365460526315788,0.017857121090536,0.9839552950641012,0.9883877120119438,1.0057086888952436,1229.8407432451854,1209.768267792935,20.0724754522505,20.17275063538668,-0.1002751831361763,57.545085407424985,0.0082130454187389,0.0143084745953989,0.012743565639745,0.0199396277510359,-0.0128491687805126,-0.0153747071441412,0.7989110141684471
2022-12-08,-0.0147572588723483,0.0028891793626213,-0.0145840527867113,-0.002947271783509,-0.0271912830625057,0.0271993524886717,0.0298347322343037,0.9889283319487756,0.985343963655406,1.0037727672303545,1228.7311547411184,1210.720871509662,18.01028323145647,19.74025715460064,-1.7299739231441684,57.57040928074534,0.0085096686909736,0.0142487784129184,0.0123764213560568,0.0093988760926267,-0.0040414008412939,-0.0833247164921376,0.7570546647362915
2022-12-09,-0.0004716332461719,-0.0147572588723483,0.0028891793626213,-0.0004223111609613,-0.0415296182882408,-0.0032472335611264,-0.0086252981341033,0.9822309459226852,0.9707177658836412,0.9889856970124488,1224.9416298831095,1210.230380521099,14.711249362010676,18.734455596082647,-4.023206234071971,58.70734693651418,0.0088683885486695,0.0145705661693831,0.0118178667648367,0.0222874516891303,-0.0139455399793172,0.6315263565539704,1.209974047979926
2022-12-12,-0.01515519722294,-0.0004716332461719,-0.0147572588723483,-0.0145840527867113,-0.0258532249552522,-0.0348840026486437,-0.0022718555126152,0.9889003474718748,0.975634332232962,0.9906135754799916,1222.0191007364294,1209.9129590328462,12.106141703583262,17.40879281758277,-5.302651113999509,57.4139707094733,0.0089940692656229,0.0082278343372249,0.0117766659505728,0.0145421097441741,0.0106748411904579,-0.2509466240794806,1.0095900082491691
2022-12-13,0.0015330524257903,-0.01515519722294,-0.0004716332461719,0.0028891793626213,-0.0242360618678094,-0.0321509346668017,0.0067886583337863,0.998330457845308,0.9832787018013044,0.9947911333846186,1220.39110582145,1210.02586086664,10.365244954809896,16.000083245028197,-5.634838290218301,60.35983356064559,0.0093901567078434,0.0084734605166961,0.0117708527076027,0.0100190516150947,0.0045540571851513,-0.1209402013240305,0.8924493605133234
2022-12-14,0.0045540571851512,0.0015330524257903,-0.01515519722294,-0.0147572588723483,-0.0132050323247407,-0.0424148957598952,0.0089301165146495,0.9973726439056478,0.9839902046961524,0.9907563128774072,1218.3390674558902,1209.805638316912,8.533429138978136,14.506752423818186,-5.973323284840051,55.77044357449321,0.0076068890192092,0.0076669623350336,0.0117222134005913,0.0106862973832284,-0.0083975829321483,-0.1277278951989044,0.7988747883609304
2022-12-15,-0.0036190712843985,0.0045540571851512,0.0015330524257903,-0.0004716332461719,-0.0267622905153991,-0.0532258725610996,-0.0079644933343075,0.9885515065478364,0.9753324920838315,0.9770668480739432,1213.965069548013,1208.331745186377,5.633324361635914,12.732066811381731,-7.098742449745819,43.750994903567005,0.0089859768929586,0.0082507217068696,0.0121587695253138,0.0170651065627915,-0.0092795742344087,0.1952970629721195,0.9357328433310572
2022-12-16,-0.0142038315050387,-0.0036190712843985,0.0045540571851512,-0.01515519722294,-0.0166724773699381,-0.0575096940370861,-0.0123381313314651,0.9869551902796464,0.9762909592902826,0.9728259722699298,1209.3587397377416,1206.5311659711824,2.827573766559226,10.751168202417231,-7.923594435858007,20.033771182371083,0.0071892212287244,0.008068039248269,0.0122025935551718,0.0236397167531107,-0.002100424488217,0.8227836839537455,1.5962483054913057
2022-12-19,-0.0049450502665903,-0.0142038315050387,-0.0036190712843985,0.0015330524257903,-0.0052810462650303,-0.0309977391431935,0.0189736570596072,1.0009820021214817,0.992254524129786,0.9847008410092633,1207.8537856374642,1206.0160083500532,1.8377772874109723,8.968490019415981,-7.1307127320050085,28.77029562324797,0.0103370644078899,0.0093962412975849,0.0118401878524252,0.0143500549662961,0.0070902644934598,-0.5119174932622877,0.8075883160327542
2022-12-20,0.0131353868499113,-0.0049450502665903,-0.0142038315050387,0.0045540571851512,-0.0012190534691683,-0.0254255702816789,0.0221243843094753,1.0098956167614557,1.003463824832464,0.9921581082818502,1208.177868946845,1206.3081801128965,1.869688833948203,7.548729782322425,-5.679040948374222,29.65652878240273,0.0110292539686965,0.0099647328270371,0.0119230659418011,0.0228849994375501,0.0146677503989779,-0.0339388452655411,0.7945532772470628
2022-12-21,0.0086562121989053,0.0131353868499113,-0.0049450502665903,-0.0036190712843985,-0.0118524375119902,-0.0249009580162582,0.0107350628930817,0.9979111327036876,0.9916927303339436,0.9775350465386414,1205.803787245888,1205.303599207543,0.5001880383449588,6.139021433526932,-5.638833395181973,26.750487809632844,0.0127400634491637,0.0098935660755508,0.0123828173678307,0.0220158104951213,-0.0139259680875005,0.1419416818389016,0.8836661546147953
2022-12-22,-0.0142269038674858,0.0086562121989053,0.0131353868499113,-0.0142038315050387,-0.0002132804909288,-0.0269698631318684,-0.0005040734570916,0.9953664457593734,0.99184111503333,0.9750248849924812,1203.3192502657512,1204.1443916273547,-0.8251413616035279,4.74618887450084,-5.571330236104368,26.26220534912692,0.0109663912905153,0.0098685660897749,0.012253938590465,0.0147024600108684,-0.0077751858681557,-0.1262294562916663,0.7924442280907062
2022-12-23,-0.0025923709990954,-0.0142269038674858,0.0086562121989053,-0.0049450502665903,-0.0247115219262306,-0.040971997006077,-0.0440861849234588,0.9709287739195992,0.9667293144144016,0.9485000361759852,1195.8493490830394,1200.486650957041,-4.637301874001878,2.8694907248002965,-7.506792598802175,23.4888190348734,0.0173064542148101,0.0125196837919941,0.0133700206246793,0.0392654881681856,-0.0238364540329831,0.3765866402402216,1.237786155042219
2022-12-26,-0.0293273469347549,-0.0025923709990954,-0.0142269038674858,0.0131353868499113,-0.0289501371282652,-0.0340782963797421,-0.0677735116472137,0.985160402259756,0.9785376954522768,0.9601218564036847,1191.080008118341,1197.8467977611492,-6.766789642808135,0.9422346512786102,-7.7090242940867455,26.535831205370684,0.0162403465677757,0.0130745190330699,0.0106322433047369,0.0196509488139301,0.0036981130567193,-0.4159915336817419,0.7545598578229844
2022-12-27,0.0087322885369869,-0.0293273469347549,-0.0025923709990954,0.0086562121989053,-0.029407298934271,-0.0305905033336547,-0.0617579247263516,0.9992343071923816,0.9896242676088542,0.9710705410980008,1188.510570270808,1196.1084173424993,-7.597847071691376,-0.7657816933153873,-6.832065378375989,34.20899703593982,0.0161360793417644,0.0133662665475875,0.010892605463739,0.0131842282789581,0.0058102851718281,-0.0378901219683611,0.758538720113295
2022-12-28,0.0081813456516361,0.0087322885369869,-0.0293273469347549,-0.0142269038674858,-0.0154961970030021,-0.0271649668083409,-0.0684276633327394,1.0022886556402844,0.9922688037045938,0.974450139619087,1186.3186834082317,1194.4902609218743,-8.17157751364266,-2.246940857380842,-5.924636656261818,34.31142964620166,0.0155272546637658,0.0133951008630696,0.0106552947691547,0.0111222284999373,0.0025413801512842,0.294298498196597,1.0101790456487223
2022-12-29,-9.822764073841306e-05,0.0081813456516361,0.0087322885369869,-0.0025923709990954,-0.0133835123123675,-0.01359393836122,-0.0660962616915018,1.0045660282848483,0.993177833118117,0.9773784584255586,1184.3823542600903,1192.9526522569438,-8.57029799685347,-3.5116122852753677,-5.058685711578102,38.84748431338441,0.015571462518842,0.0127706516184483,0.0106764909873247,0.0092006243852842,0.0064503480522982,-0.0708831134115067,0.951994591088422
2022-12-30,-0.0004519954904406,-9.822764073841306e-05,0.0081813456516361,-0.0293273469347549,0.017984142216449,-0.0071717952344877,-0.0642690415219419,1.0025425331172997,0.9954160131703064,0.982178888545346,1183.0208149328168,1191.662259395897,-8.641444463080234,-4.537578720836341,-4.103865742243893,38.82675100277692,0.0045192190569914,0.0127290942446378,0.0107136920073227,0.0140938265482072,0.0008250864527227,0.0517740909652315,1.090160837949776
2023-01-02,0.0015334027302764,-0.0004519954904406,-9.822764073841306e-05,0.0087322885369869,0.0205424398791085,-0.009002403700606,-0.0397210886822265,1.0097173552648928,1.0075530487096358,0.9952899879553484,1183.906453530893,1191.448570982891,-7.54211745199791,-5.138486467068655,-2.403630984929255,42.12384739540639,0.0053141403249653,0.0125163058349103,0.0108344525796126,0.0119570178667788,0.0101568925497692,-0.2707054663462778,0.8114077054270613
2023-01-03,0.0112673353505792,0.0015334027302764,-0.0004519954904406,0.0081813456516361,0.0048531730646297,-0.0246968445807327,-0.0494944835047884,1.0013588449469912,1.0027194533237267,0.9905546314389952,1183.3174799107555,1190.6063157248989,-7.28883581414334,-5.568556336483593,-1.720279477659747,40.89705849640006,0.0066746432119972,0.0121857138270563,0.0108339987026566,0.0098550769612711,-0.0031188627519929,0.4406847028173453,1.1050375268824155
2023-01-04,-0.0073178883941155,0.0112673353505792,0.0015334027302764,-9.822764073841306e-05,-0.0101790465577186,-0.0255175070499595,-0.0497830546944872,0.9882867794461112,0.9901829012159642,0.978140351681716,1180.0856252790527,1188.5103238048832,-8.424698525830536,-6.139784774352982,-2.284913751477553,40.72583622535628,0.0098698050423073,0.0122774145216388,0.0108520323007484,0.0186814318993342,-0.0150371195398453,0.2096844573107581,1.270551288884881
2023-01-05,-0.0150563761999338,-0.0073178883941155,0.0112673353505792,-0.0004519954904406,-0.0115008324825118,-0.0247304232617472,-0.0510333102630531,0.9887907693716772,0.9908972289703885,0.9789628187345782,1177.0314740942945,1186.4157548251233,-9.384280730828776,-6.788683965648142,-2.595596765180636,41.79534891553281,0.0098352860104011,0.0122794785865626,0.0108431160990871,0.0128876082971737,-0.0037448268466989,0.4719114342521677,1.5795901842844926
2023-01-06,-0.0017867707130919,-0.0150563761999338,-0.0073178883941155,0.0015334027302764,-0.004043630083237,0.0138677909147242,-0.0276723971791916,0.9985868844796698,0.9985377508077508,0.9892511614083354,1176.0695443357972,1185.2574715539336,-9.187927218136338,-7.268532616145782,-1.919394601990556,39.71316693701707,0.0110691558075873,0.008292527137902,0.0107152885062414,0.0116874939591937,0.0040567320647343,-0.5343879955700256,0.7518463320855759
2023-01-09,0.0090889349342646,-0.0017867707130919,-0.0150563761999338,0.0112673353505792,0.008113599011754,0.0288227120107644,-0.0062378132913484,1.020485933832954,1.0191962375481958,1.0129307398522822,1179.5084958983189,1186.232675845656,-6.724179947337234,-7.159662082384072,0.4354821350468381,46.33105444336961,0.0150745158601034,0.0107293347797288,0.0120782456730127,0.0225855334144335,0.0202333463372011,0.6887296941837411,1.125552848857412
2023-01-10,0.0236114590928326,0.0090889349342646,-0.0017867707130919,-0.0073178883941155,0.0005279708705725,0.0053837062692103,-0.0253714873490201,1.00528892989463,1.003585349537988,0.9992500849353956,1179.691984510116,1185.8229348107927,-6.130950300676659,-6.953919726042591,0.8229694253659314,46.18197323658966,0.0164957196758901,0.0118702739175628,0.0124427301390474,0.0234521164760743,-0.0182655534602666,-0.249526497532863,0.8378689770548938
2023-01-11,-0.0147874011240564,0.0236114590928326,0.0090889349342646,-0.0150563761999338,0.0030176502027432,-0.0071921131568839,-0.0341617064500362,0.9920242759767788,0.9916465358315713,0.9883786815511608,1177.5575055229829,1184.34107823916,-6.783572716177105,-6.919850324069494,0.1362776078923895,42.969932445568354,0.0159560993505551,0.012589196291048,0.0126940069669157,0.014607272171369,-0.0103232135049962,0.4302659254677001,1.1448613404680494
2023-01-12,-0.012605476420096,-0.0147874011240564,0.0236114590928326,-0.0017867707130919,-0.0168851320313859,-0.0281917714389596,-0.0414024725969449,0.9738491434274836,0.9729712343455774,0.9690591459014648,1171.8783422634374,1181.104179431514,-9.225837168076623,-7.38104769287092,-1.8447894752057028,45.581851858924175,0.018913843974091,0.0142216279983959,0.0131767696573742,0.0273102510052549,-0.0210904340438103,0.5368774964588112,1.628266161206991
2023-01-13,-0.0215942192876095,-0.012605476420096,-0.0147874011240564,0.0090889349342646,-0.0273167997442608,-0.0312499707942742,-0.0381976476371417,0.9776119191835994,0.974450109844435,0.9693531797049992,1166.788904541418,1177.9703140714248,-11.181409530006704,-8.141120060298078,-3.0402894697086253,41.40662183176685,0.0177359848752787,0.0141505376199157,0.0131590094701662,0.0155211289497026,0.0037423166147043,0.1656310474446136,1.503101310858573
2023-01-16,-0.0016183392662808,-0.0215942192876095,-0.012605476420096,0.0236114590928326,-0.0588030796908248,-0.0511665852883386,-0.0597083667321974,0.9801609965640514,0.9702197918482512,0.963057408911132,1160.8139626468248,1174.2652376384722,-13.451274991647324,-9.203151046567928,-4.248123945079396,34.81738741651796,0.0073159821203793,0.0133107748132423,0.0127694063267419,0.0215416775926791,-0.0115662666583656,-0.3392438752944371,0.9528783092345718
2023-01-17,-0.009523396067649,-0.0016183392662808,-0.0215942192876095,-0.0147874011240564,-0.0311131660047079,-0.030601621979477,-0.0545427030582642,1.000464160416778,0.9870604833134978,0.9794899247566804,1158.2219407492364,1172.0208363550666,-13.79889560583024,-10.122299958420392,-3.6765956474098473,41.02528499222929,0.013473125828164,0.0145995000653618,0.0130915803325955,0.0130707704574188,0.0084622055669103,-0.210869463892562,0.724541338577689
2023-01-18,0.0141974491625218,-0.009523396067649,-0.0016183392662808,-0.012605476420096,-0.0203670429867711,-0.0174108533954262,-0.0424840788711222,1.0029748124101694,0.9871514857822316,0.9799957308407652,1155.7375819260365,1169.802523173094,-14.064941247057504,-10.910828216147817,-3.154113030909688,40.69703208958972,0.0130612005504033,0.0139721965061695,0.0128086967270652,0.0124256789883823,0.0004850646394614,0.2508869872569994,0.8832390782894797
2023-01-19,-0.0016540808129613,0.0141974491625218,-0.009523396067649,-0.0215942192876095,0.0001821461070763,-0.0167060614853764,-0.0410233367755535,1.001864295256515,0.9877493115156636,0.9810004764741506,1153.447293630925,1167.6579442719622,-14.210650641037091,-11.570792701125672,-2.639857939911419,39.77414079056482,0.0086420816281735,0.0139733501027975,0.0128100751174428,0.0099108170910957,-0.0003436708409891,-0.1121505000711614,0.8482347518984247
2023-01-20,-0.0010707719551806,-0.0016540808129613,0.0141974491625218,-0.0016183392662808,-0.0101110244639712,-0.0371516233777404,-0.0237990434081613,0.9919552013059044,0.979691463831832,0.9704801577918706,1149.4219550374655,1164.6671774942936,-15.24522245682806,-12.305678652266147,-2.939543804561911,31.902746743495968,0.0102202299855552,0.0137644629510765,0.0113653213879135,0.0154544289965487,-0.0130706409029987,0.2504370583248618,1.1539250763148765
2023-01-23,-0.0118929805093148,-0.0010707719551806,-0.0016540808129613,-0.009523396067649,-0.005646317967148,-0.064117376772591,-0.0371427014474285,0.988047283677785,0.9812911054134285,0.9673749858830284,1145.1390400797786,1161.4757575178644,-16.33671743808577,-13.111886409430074,-3.2248310286556965,32.4761419953542,0.0095715512566737,0.0098840012751755,0.0111509839862218,0.0169526408771085,-0.007635840256727,-0.26631559502611,0.8830584300102876
2023-01-24,-0.0050560391843849,-0.0118929805093148,-0.0010707719551806,0.0141974491625218,-0.0253549961969266,-0.0556792879959108,-0.0505953426585492,0.987258577834234,0.98114030377767,0.9641336030009569,1140.4961987273607,1158.0301881675828,-17.533989440222058,-13.996307015588473,-3.5376824246335854,34.800000626981856,0.0043272859878195,0.0094522169412917,0.0109278753772093,0.0233034445737936,-0.0098564936669889,0.505256288091839,1.2166757851682115
2023-01-25,-0.0059045442711848,-0.0050560391843849,-0.0118929805093148,-0.0016540808129613,-0.0372368482792668,-0.0568454867764424,-0.063628760759972,0.9809980209670716,0.973251921102219,0.9538860887912636,1134.1962276491129,1153.6980547269286,-19.501827077815733,-15.097411028033926,-4.404416049781807,32.05511928120853,0.0052235818637075,0.0095588618415917,0.0111945138241408,0.0145642223733064,-0.0123941330131763,-0.2488809494713215,0.9284367676857876
2023-01-27,-0.0138248696565936,-0.0059045442711848,-0.0050560391843849,-0.0010707719551806,-0.0544892176195014,-0.054316996511292,-0.0809774755993546,0.9731821745151142,0.9600530683326706,0.9396636944167138,1125.6562919350667,1148.1416540440312,-22.48536210896441,-16.575001244220022,-5.910360864744387,24.33439249920052,0.0057777082163054,0.0091022085217986,0.0117074662261305,0.0323871135519188,-0.019732477051641,1.0856630971388173,1.6026335033280903
2023-01-30,-0.0189712243729769,-0.0138248696565936,-0.0059045442711848,-0.0118929805093148,-0.0339385181910097,-0.0437063894672808,-0.0735905368671794,0.9893383782607442,0.9735665593908168,0.9522570528011683,1120.0205996361622,1143.7625901883391,-23.74199055217696,-18.00839910581141,-5.733591446365548,16.256255939659823,0.0108368056268381,0.0102538012452679,0.0120465589586151,0.0300455528445615,0.0120298469434925,-0.1571319704347203,1.245102464779957
2023-01-31,0.009583549149724,-0.0189712243729769,-0.0138248696565936,-0.0050560391843849,-0.0314569817527368,-0.0369256835986221,-0.0862029077477816,0.9932317457142724,0.9747618299277188,0.95415101583767,1114.8330291693003,1139.506205107837,-24.673175938536588,-19.341354472356446,-5.331821466180141,17.913746017862877,0.011000704322707,0.0101042093976915,0.0115256057159564,0.0198186736211707,-0.01181779164846,0.0422325303164328,1.1440934664247282
2023-02-01,-0.0025003118944609,0.009583549149724,-0.0189712243729769,-0.0059045442711848,-0.031478284346737,-0.0560351487637663,-0.0849220043032108,0.9937231798406648,0.9745908766533424,0.9526892707210748,1109.4531055110426,1135.088228832488,-25.635123321445462,-20.60010824217425,-5.035015079271211,19.00484556521617,0.0110005005010285,0.0079065307052373,0.0115114731678325,0.0320313416702821,-0.0168280513089243,-0.1473582684407274,0.9481660285870014
2023-02-02,-0.0059264088776006,-0.0025003118944609,0.009583549149724,-0.0138248696565936,-0.0233362612689626,-0.0597041407279518,-0.0760754940820637,0.992912500958795,0.9751983564695036,0.9511265294533744,1103.9814100417957,1130.554810767929,-26.573400726133286,-21.794766738966057,-4.778633987167229,22.059145113988208,0.0101823628002129,0.007778905533522,0.0112397021590425,0.0159005911256918,0.0038611523366493,-0.2938389377603655,0.6612770507487358
2023-02-03,-0.0055344405002711,-0.0059264088776006,-0.0025003118944609,-0.0189712243729769,-0.0035724143253723,-0.0578669738832715,-0.0736063061449815,0.9944958784314724,0.9819442814227264,0.9555783306598584,1099.497059248106,1126.427278850513,-26.93021960240708,-22.821857311654263,-4.108362290752815,23.024531577224124,0.0063674775905199,0.0079421538500686,0.0112817079299058,0.0240446571864069,-0.0085142464314247,0.8078155773878051,1.2087047126152333
2023-02-06,0.0008809538126715,-0.0055344405002711,-0.0059264088776006,0.009583549149724,-0.0204683472238926,-0.0537122000403045,-0.0888683279913578,0.9910900280817894,0.9799656644088062,0.9527842879070322,1094.4565523866183,1122.0055370577668,-27.54898467114845,-23.767282783553103,-3.781701887595343,23.570425741822877,0.0033377395663339,0.0076933442587304,0.010891244335122,0.0065759336961874,-0.0015334598400567,-0.3992658173268163,0.7789770676164014
2023-02-07,-0.0075354629562432,0.0008809538126715,-0.0055344405002711,-0.0025003118944609,-0.0203708716762065,-0.0511870472903376,-0.1120224448659376,0.9927926792387062,0.9827960598244128,0.9562296583078344,1089.797465150456,1117.7216073017516,-27.92414215129565,-24.59865465710161,-3.325487494194043,11.023458658452384,0.0033500775577528,0.0077551220938932,0.00867419826146,0.014918268015845,-0.002638442433458,0.0200538095775009,0.8630734714612645
2023-02-08,-0.0024010483044184,-0.0075354629562432,0.0008809538126715,-0.0059264088776006,0.0051497573772003,-0.0264906324965729,-0.0806949409365132,1.0115696527488722,1.0051648355735328,0.9795190062454788,1089.124710596059,1115.329233468057,-26.20452287199805,-24.9198283000809,-1.28469457191715,26.72988110937837,0.0110338786883433,0.0110959272310871,0.0101529818334347,0.0224919639425007,0.016839645022044,0.3980656651097243,1.182195820312809
2023-02-09,0.0199705174563797,-0.0024010483044184,-0.0075354629562432,-0.0055344405002711,0.0125055656388455,-0.0111225287771813,-0.0673357499910998,1.0108028020463584,1.0080586882160456,0.9847144312031114,1088.8465474875306,1113.2542273141732,-24.407679826642607,-24.817398605393244,0.4097187787506371,28.1296846153616,0.010405994157524,0.0104217248439555,0.0100301938747922,0.0156405455391747,0.0011046961782052,-0.3774784346483788,0.7399931110249846
2023-02-10,0.0017431795009288,0.0199705174563797,-0.0024010483044184,0.0008809538126715,0.0032847122776258,-0.0002994364009419,-0.0546001684262886,1.0018222052516663,0.999788237117976,0.9793681967571152,1087.2337936372855,1110.6697399176371,-23.4359462803518,-24.54110814038496,1.1051618600331563,29.231973134606804,0.0115075738014139,0.0087991918459669,0.0091644322742986,0.014379629509093,-0.0077497899292043,-0.1808518076276024,0.7184352223330154
2023-02-13,-0.0082340346084749,0.0017431795009288,0.0199705174563797,-0.0075354629562432,0.0051483730443133,-0.0154253528666884,-0.0584575558539075,0.9951045017579816,0.995648218267998,0.9767464312566756,1084.9248573865973,1107.8220338502429,-22.897176463645565,-24.21232180503708,1.3151453413915135,29.123575874043908,0.0112028903278489,0.0082609753352956,0.0091828875930898,0.0156885394071477,-0.0072002139391385,-0.0405870193490629,0.7330603153584061
2023-02-14,-0.0056919013058137,-0.0082340346084749,0.0017431795009288,-0.0024010483044184,0.0313110073401232,0.0103023031513382,-0.0270038000337872,1.0122934507402317,1.0180527798797556,1.001152476739281,1086.8583866888996,1107.056905257748,-20.198518568848385,-23.409561157799335,3.211042588950953,43.61827000779565,0.0146694439681513,0.0114246534701443,0.0107811367869894,0.0244943058135547,0.020665654401226,0.383427160974656,1.0259555892706482
2023-02-15,0.0235650849024093,-0.0056919013058137,-0.0082340346084749,0.0199705174563797,0.0340142679804467,0.0393391905851094,-0.0189003355753396,1.028212966038142,1.0370191376795108,1.0248332842944663,1092.3177860324342,1108.1893183810166,-15.871532348582376,-21.901955395955948,6.030423047373571,57.79181442696817,0.0153276152882509,0.012947705139987,0.0115581417347489,0.026398575804911,0.0235479872969448,1.339322590825811,2.0393898619367827
2023-02-16,0.0226440525340683,0.0235650849024093,-0.0056919013058137,0.0017431795009288,0.0314085146808831,0.044306861561689,-0.0180425822641557,1.0210207924062802,1.0316733911763456,1.0249969343463452,1096.8023806993194,1109.1728986022144,-12.370517902895015,-19.995667897343765,7.625149994448748,66.93462188934527,0.0155756152561663,0.0126449240896504,0.0115567547424896,0.0159462278641171,-0.0079201702473768,-0.4846974164649992,1.001037874901998
2023-02-17,-0.0007812494901702,0.0226440525340683,0.0235650849024093,-0.0082340346084749,0.0443154849668128,0.047745760861998,-0.0128841157181118,1.0164407946316127,1.0311146753890337,1.0299700475978302,1101.317684510001,1110.4305991108463,-9.112914600845444,-17.8191172380441,8.706202637198658,65.3853508114326,0.0135356293580438,0.0125853584807176,0.0116108481092699,0.0151217785262398,0.0083470797244047,-0.3159646156876831,0.6767477256197568
2023-02-20,0.0041768517316143,-0.0007812494901702,0.0226440525340683,-0.0056919013058137,0.0391890727261818,0.0445392057361504,-0.0115652930322904,0.9981231835686252,1.0157939716888529,1.019688276949612,1103.3065390865877,1110.7131650476588,-7.406625961071313,-15.736618982649544,8.32999302157823,60.76066825237151,0.0149433066607523,0.0129461644508531,0.0115467517956234,0.0164222931086974,-0.0125152768141964,-0.2517107384550769,0.5153546994682717
2023-02-21,-0.0105728336308441,0.0041768517316143,-0.0007812494901702,0.0235650849024093,0.0235482129734398,0.0555965385828212,0.0015636686428657,1.0016295790386214,1.0185882906170547,1.027925814572041,1106.3881164566797,1111.6482485250312,-5.260132068351595,-13.641321599789954,8.381189531438359,66.40547480258593,0.0122222173526762,0.0127552639854331,0.0116510815182874,0.0141530854806503,0.0041666525719509,0.506358141967064,0.7855659447291862
2023-02-22,0.0081593821665604,-0.0105728336308441,0.0041768517316143,0.0226440525340683,-0.0218137517747513,0.01145853740717,-0.0153356389928044,0.9832074658342572,0.9943674969351148,1.0054012192744513,1105.0763967674309,1110.6270403732926,-5.550643605861751,-12.023186001004314,6.472542395142563,57.886743659347545,0.0124153197574606,0.0144021554959196,0.0126685112891257,0.0230988743768544,-0.0193945132361844,-0.1718244519513518,0.8855332664030615
2023-02-23,-0.0226778413181379,0.0081593821665604,-0.0105728336308441,-0.0007812494901702,-0.0257402175210945,0.004859835159888,-0.0063167472737114,0.9835813330814944,0.9891289468620238,1.0009015127965772,1103.15707881523,1109.2917655366136,-6.134686721383787,-10.84548614508021,4.710799423696424,55.68349279064483,0.0122565273354214,0.0145241968241683,0.0123323948679692,0.0141076796536003,-0.0044155450946316,-0.1063488183187466,0.8983347173212441
2023-02-24,-0.0047921402628622,-0.0226778413181379,0.0081593821665604,0.0041768517316143,-0.0231538108334391,0.0201356017774598,0.0198301360443908,0.9949827072712268,0.993943427594206,1.0067639724270896,1102.683243372502,1108.6092013070495,-5.925957934547569,-9.861580502973682,3.9356225684261137,60.70849194556938,0.0128087513403764,0.0142882540188808,0.0115983326539376,0.0118093635123246,0.0049325354534697,-0.0424138060538514,0.8991864229064824
2023-02-27,0.0068426804680721,-0.0047921402628622,-0.0226778413181379,-0.0105728336308441,-0.019280235085913,0.019153263105309,0.0034324643966727,0.9922225894448656,0.98550569715494,0.9998985961608272,1101.1569488692808,1107.435358921458,-6.278410052177151,-9.144946412814376,2.866536360637225,58.90981385135804,0.0124676266706034,0.0143492523845475,0.0115372539874914,0.0160271959869118,-0.0059404324402955,0.187158371910779,1.0214690905164123
2023-02-28,-0.0066493694067976,0.0068426804680721,-0.0047921402628622,0.0081593821665604,-0.0458280606908542,-0.0233590166507223,-0.0132973651702369,0.982424624054514,0.9688918516989397,0.9814178993524484,1096.6491790913146,1104.7998838393128,-8.150704747998134,-8.946098079851128,0.7953933318529938,45.762453392706014,0.0118696117646292,0.0135464576952726,0.0123176637187154,0.0229704003622511,-0.0142395941751023,0.9638033646391896,1.7317035412433768
2023-03-01,-0.0191312266467409,-0.0066493694067976,0.0068426804680721,-0.0226778413181379,-0.0147126567141276,-0.0362054702473699,0.0017094264434547,0.9943999214118556,0.9814032227045358,0.9903558767674168,1094.3507627166894,1103.0894830109378,-8.738720294248424,-8.904622522730588,0.1659022284821638,48.33174257975196,0.0114262689324138,0.0112739770041349,0.0124367501174514,0.0094927823752641,-4.2655270261761176e-05,-0.4748056268703364,0.9019982567468522
2023-03-02,0.0091924878437217,-0.0191312266467409,-0.0066493694067976,-0.0047921402628622,-0.0175079039517636,-0.0427974642168014,-0.0003868239773575,0.9903099874721938,0.9781888713824484,0.9828324797127516,1091.138596096814,1100.895571653646,-9.756975556832003,-9.07509312955087,-0.681882427281133,48.538312444787785,0.0116109624626938,0.0112896835241858,0.0124954571263172,0.0129189845665394,-0.0046855345128925,-0.1919818338355202,0.7347795361057037
2023-03-03,-0.0076155318752282,0.0091924878437217,-0.0191312266467409,0.0068426804680721,0.0007131735256493,-0.0224571499926941,0.0242163771561105,1.0154311145821089,1.0054648421575354,1.0067102657480818,1092.6344573643717,1100.8930622227049,-8.258604858333001,-8.911795475307297,0.653190616974296,57.592055116560864,0.0173450677335888,0.0146020022456036,0.0137339683273869,0.0217573037101728,0.0154311145821088,0.5689454210007248,1.0654343484729252
2023-03-06,0.0255153584083476,-0.0076155318752282,0.0091924878437217,-0.0066493694067976,0.0172519626819263,-0.0023608943001877,0.0420731590790053,1.0217959188876211,1.0155299571315706,1.0144617508769938,1095.554483004228,1101.687251985722,-6.1327689814941095,-8.35599017654466,2.2232211950505505,54.05618620463324,0.0172632700533527,0.0147181386598055,0.0136939392034217,0.0102129866125242,0.0036249693611783,-0.3053776248211958,0.7513110271491865
2023-03-08,0.0097677389837662,0.0255153584083476,-0.0076155318752282,-0.0191312266467409,0.0408172608673071,-0.0068813757318083,0.0483325821796365,1.0172833706969673,1.0198972051018909,1.0157210733829063,1098.6394378425198,1102.7183214277518,-4.078883585232006,-7.50056885828213,3.421685273050124,47.8012399992989,0.0119851580357417,0.014501258704776,0.0136545868770647,0.0140650286408324,0.0035912314784402,0.5515913619420372,1.2834963809543636
2023-03-09,0.0035912314784403,0.0097677389837662,0.0255153584083476,0.0091924878437217,0.0065488789310539,-0.0082601291906487,0.0031037592172022,0.9915522917392408,0.9962102244650484,0.9911565513328292,1097.1246715638629,1101.6868499909738,-4.562178427110894,-6.912890772047883,2.3507123449369898,40.88099681596149,0.0186048581361353,0.0147352888335611,0.014216839465936,0.0261947109423104,-0.0234893002432902,0.0286688736883782,1.2268288912351728
2023-03-10,-0.0240346644344872,0.0035912314784403,0.0097677389837662,-0.0076155318752282,-0.0014402061433633,-0.0189228951042982,-0.0141550220953649,0.9764659346053612,0.982635605652842,0.9764854309711232,1093.247900427836,1099.482317338286,-6.234416910450136,-6.777195999728335,0.5427790892781985,35.829737770034086,0.0198552710135654,0.0154348167528842,0.0146377591058979,0.0124639927390457,-0.0080291079450506,-0.1786888899182069,0.9501601301763224
2023-03-13,-0.0154921925206594,-0.0240346644344872,0.0035912314784403,0.0255153584083476,-0.0422989625824674,-0.0416159555570943,-0.0223183160883205,0.9686241358888058,0.9705479553037109,0.9614797961071428,1087.2553598572074,1096.1352113664686,-8.879851509261243,-7.197727101634917,-1.6821244076263264,34.78923956263965,0.0144331797141417,0.0157396216979099,0.0149741763003744,0.0302035615985372,-0.019106913057566,-0.0421850278357932,0.935026004100072
2023-03-14,-0.0164463573662642,-0.0154921925206594,-0.0240346644344872,0.0097677389837662,-0.0551126593352966,-0.0388114981955245,-0.0204016019266655,0.9759857828767629,0.9707054919140686,0.958837777631563,1081.5777023310986,1092.7437576309894,-11.166055299890786,-7.9913927412860915,-3.1746625586046946,30.984749075638906,0.0110121087740701,0.0157147510897545,0.0149484992169701,0.0157735419442355,-0.0017762628131125,0.2549353283443443,1.0807355370440772
2023-03-15,-0.0037425915814151,-0.0164463573662642,-0.0154921925206594,0.0035912314784403,-0.0745858705226473,-0.0368130005894781,-0.0593121017464678,0.9743715823889726,0.9576064091443908,0.9452580161704568,1074.0116240277566,1088.273715833092,-14.26209180533533,-9.24553255409594,-5.016559251239391,32.24880059687146,0.0073213861844882,0.0155060984919209,0.0141880676282558,0.0316935239954189,-0.0205989750887174,0.3557027093770328,1.3563919611957955
2023-03-16,-0.0170918099332533,-0.0037425915814151,-0.0164463573662642,-0.0240346644344872,-0.0565222129390824,-0.0503434911374818,-0.0847262516143249,0.9809097025698086,0.9576708176669508,0.9446589660987484,1066.8179036244478,1083.7536214311035,-16.935717806655703,-10.783569604607893,-6.15214820204781,32.26898816771087,0.0066009710104428,0.0148365610800652,0.0128457635402714,0.0232714361970384,-0.0076237918343622,-0.1548835622065065,1.116641963490411
2023-03-17,-0.0049842705907697,-0.0170918099332533,-0.0037425915814151,-0.0154921925206594,-0.0428810819459494,-0.04425953049166,-0.0851627990359922,0.988351966397383,0.9607215630581808,0.9476321876943964,1060.5321226281385,1079.4726366694244,-18.94051404128595,-12.414958491943503,-6.525555549342446,29.19152780414781,0.0074866010703736,0.0148507781545444,0.0128392581758713,0.0176554883138142,-0.0096447105449738,0.8523072745816773,1.6526990645676922
2023-03-20,-0.0012578351783166,-0.0049842705907697,-0.0170918099332533,-0.0164463573662642,-0.0364412335315086,-0.0771987697403678,-0.097922255381751,0.9859360012292716,0.958910085508935,0.9431213854837476,1053.6620308205645,1074.7618136479043,-21.09978282734028,-14.15192335902286,-6.947859468317418,28.744607677877028,0.0062603170354779,0.0105055136595128,0.0127304956820334,0.0181715213437825,-0.0062076936782276,-0.4259873365289974,0.8902488753264033
2023-03-21,-0.0098286463937238,-0.0012578351783166,-0.0049842705907697,-0.0037425915814151,-0.0027461301518558,-0.0577074429516029,-0.0599320960786476,1.0171641199146184,0.994751664444104,0.9754724469819078,1052.7088240056216,1072.7399153423885,-20.03109133676685,-15.327756954571658,-4.703334382195191,43.63330406043557,0.0185826681247489,0.0154867501281437,0.0149903384852572,0.0251134999206955,0.0228712034852402,0.0960722399841553,0.9302006880309248
2023-03-22,0.0310959647553632,-0.0098286463937238,-0.0012578351783166,-0.0170918099332533,0.0176795343631368,-0.05822497962042,-0.0647056873904834,1.016652436525643,1.0039689411416632,0.9817607016228356,1052.3921607271125,1071.103663294457,-18.711502567344496,-16.004506077126226,-2.7069964902182697,41.60009957002652,0.0160776055723745,0.0154504738097367,0.0148330173047212,0.0094219436456371,-0.0036761377829915,-0.489723817730169,0.5238841375917072
2023-03-23,0.0030400276522948,0.0310959647553632,-0.0098286463937238,-0.0049842705907697,0.0098388022129343,-0.047239521599893,-0.0551094462392223,1.0018318281871657,0.9961643726872286,0.9720889229048186,1050.0794244614028,1068.6040863837563,-18.52466192235352,-16.508537246171684,-2.016124676181832,40.493274349592426,0.0174125617479886,0.0143434430236185,0.0143011714861452,0.0119449784232802,-0.0089064957893342,0.4880247367834014,0.7956903660617273
2023-03-24,-0.0126503890063459,0.0030400276522948,0.0310959647553632,-0.0012578351783166,-0.0089065396642127,-0.0514056995529661,-0.0693558499968605,0.9837346231281248,0.9816374353607094,0.9562394331990832,1044.9629854366915,1064.7684185627952,-19.80543312610348,-17.167916422158044,-2.637516703945437,27.048159131332014,0.020071818564206,0.0147606888664241,0.0147997481487206,0.0236009570685911,-0.0186838943985602,-0.238373856955685,0.7689753909135089
2023-03-27,-0.0197971934260667,-0.0126503890063459,0.0030400276522948,-0.0098286463937238,0.0164905674502124,-0.0205516027008163,-0.0613122836732864,0.9957987802521564,0.9989864757623348,0.9741936506216748,1043.0654347925852,1062.3877139470326,-19.32227915444741,-17.59878896861592,-1.7234901858314942,29.00773116441134,0.0206785327325382,0.0154929006090905,0.0152406746566015,0.0240440812095946,0.0090416342443316,0.1356161489082248,0.9369537173367734
2023-03-28,0.0155448314220354,-0.0197971934260667,-0.0126503890063459,0.0310959647553632,-0.0095607156546274,-0.0122805908369508,-0.0506154609033671,1.002385600650581,1.00490609805603,0.981303746533569,1042.201777156226,1060.540598851419,-18.33882169519302,-17.746795513931342,-0.5920261812616765,29.31981885953861,0.0142105346528608,0.0156137298769038,0.0153099519343035,0.0086743970092733,0.001336324097828,-0.1051561857515299,0.9502232193722464
2023-03-29,0.0046703650043691,0.0155448314220354,-0.0197971934260667,0.0030400276522948,-0.0184045900692337,-0.0010504402886652,-0.0378247710191775,1.0001924849057868,0.999065656978946,0.9773720366253325,1040.5266915480563,1058.3756449145085,-17.848953366451724,-17.76722708443542,-0.0817262820163051,32.92199756564277,0.0140048494341928,0.0147182657798081,0.0148313037148691,0.0150803300269561,-0.0019204283916246,0.4951837660689557,1.269513418468753
2023-03-31,-0.0059163618786831,0.0046703650043691,0.0155448314220354,-0.0126503890063459,0.0370361523022699,0.0472393458924342,-0.0054823388363236,1.0355987644472553,1.0372646104342256,1.0197983455045223,1045.9501505106152,1059.664795276744,-13.714644766128686,-16.956710620774075,3.2420658546453893,50.98362412895297,0.0238029002601764,0.0198695264203494,0.0177998993314557,0.0380729901099346,0.0337250394943595,0.4981442044579192,1.6382042032585489
2023-04-03,0.043115352010683,-0.0059163618786831,0.0046703650043691,-0.0197971934260667,0.0581627277115128,0.0487381594059586,0.002321500861963,1.024115402579839,1.0324647281429444,1.0198528470092412,1050.567626603934,1060.8721248945544,-10.30449829062036,-15.626268154743332,5.321769864122974,56.071368223887326,0.0193274196306519,0.0198261858319934,0.017712399856098,0.01458324233532,-0.0057783393038402,-0.6346253395444518,0.6134182844679444
2023-04-05,0.0001715689584096,0.043115352010683,-0.0059163618786831,0.0155448314220354,0.0394628583749758,0.0566041907529992,-0.0249643528756492,1.0137912403031135,1.024332779300946,1.018730119663012,1054.0771293619823,1061.7985893120874,-7.721459950104872,-14.04530651381564,6.323846563710768,56.5024699817595,0.0200455556804422,0.0193445542492097,0.016688055513639,0.0169614348666071,-0.0094335116545662,0.5799922335892311,0.9443368807799808
2023-04-06,-0.0024018937419272,0.0001715689584096,0.043115352010683,0.0046703650043691,0.0415702021131443,0.0316120455764077,-0.027919647691879,1.0123437743912655,1.0279548683956692,1.0270755824210338,1058.1542995142256,1063.1897112409374,-5.0354117267118,-12.243327556394872,7.207915829683072,64.4839119020586,0.0199834088497056,0.0172042018013188,0.0165966238195693,0.0153110544039206,0.0100511033016495,0.1335625417513992,1.0022719957052086
2023-04-10,0.0067071725589222,-0.0024018937419272,0.0001715689584096,-0.0059163618786831,0.0403409022311831,0.0211938543933614,-0.0382651369671902,0.9973915863243058,1.018509561955831,1.0218671323101725,1060.4256144627582,1063.91031386603,-3.484699403271861,-10.491601925770272,7.006902522498411,63.52331988319273,0.0201983234406329,0.0175132653738457,0.0166032879084843,0.0124094599562219,-0.0107022108124936,-0.2969148002125951,0.7524885215585326
2023-04-11,-0.0070896163520953,0.0067071725589222,-0.0024018937419272,0.043115352010683,0.0022736291135274,0.0393939878899247,-0.0097064868518003,1.001869642772033,1.0195923340215616,1.0274389424870638,1063.1639964925262,1064.9706682208612,-1.8066717283350044,-8.754615886283219,6.947944157948214,65.11812997651877,0.0055773308985966,0.01671735347649,0.0158080266759809,0.0072548744342124,0.0010068069396695,-0.1866341218484905,0.7695743495359472
2023-04-12,0.0049465585766763,-0.0070896163520953,0.0067071725589222,0.0001715689584096,0.0065196365676438,0.0650615641256184,0.0103113293547647,1.0049764439273623,1.0177206666722571,1.0314254156009726,1066.2124028314165,1066.304591885635,-0.092189054219034,-7.022130519870382,6.929941465651348,70.02756930673048,0.0058371100818628,0.0144941966979286,0.0154278418444995,0.0160866596834608,0.0044086712963696,0.7243838124777862,1.190029328822743
2023-04-13,0.0044086712963695,0.0049465585766763,-0.0070896163520953,-0.0024018937419272,0.012748029028136,0.0527139610672093,0.0310790019817535,1.006211147419946,1.01635971341849,1.0337023004551498,1069.4201664282657,1067.8422418356577,1.577924592608042,-5.302119497374697,6.880044089982739,64.13976033861215,0.0054975900602195,0.0141441980354235,0.0149038869278225,0.0101039626313513,0.0010625278292473,-0.3190962780474069,0.8537152528281653
2023-04-17,0.0037712918551344,0.0044086712963695,0.0049465585766763,0.0067071725589222,0.0111042564923287,0.0531360647921754,0.0402029316848262,1.0090743894976135,1.016277950023257,1.036864751354266,1072.982872945311,1069.6745023507249,3.308370594586677,-3.580021478982423,6.8883920735691,64.72686937186087,0.0052306936463955,0.0141429743537141,0.0148667733435227,0.0320598069560489,-0.0237118421882195,0.4484712972992537,1.2452661668130909
2023-04-18,0.0050732048251704,0.0037712918551344,0.0044086712963695,-0.0070896163520953,0.0066671649974292,0.0472770266799329,0.0461769246977146,0.9962073394652422,1.0001090089671971,1.0226824877868812,1074.0733797217538,1070.4446256574995,3.628754064254053,-2.138266370335128,5.767020434589181,65.08558247822712,0.0071724368922573,0.0147255215575856,0.014533561538441,0.0217916186847044,-0.0154185688714029,-0.4196386855412809,0.7493064312482184
